summary_kind	interpretation_priority	benchmark	pregrouper	scope	relative_depth_index	relative_depth	depth_grid_size	depth_alignment	embedding_slot_included	n_models	n_model_pairs	n_segments	n_prompts	f_pred_n_observations	f_attr_n_observations	num_control_draws	num_observation_permutations	grouped_logsumexp_prediction_mean_pair_pearson_r2	grouped_logsumexp_prediction_bootstrap_mean	grouped_logsumexp_prediction_bootstrap_median	grouped_logsumexp_prediction_bootstrap_lower	grouped_logsumexp_prediction_bootstrap_upper	grouped_logsumexp_attribution_mean_pair_pearson_r2	grouped_logsumexp_attribution_bootstrap_mean	grouped_logsumexp_attribution_bootstrap_median	grouped_logsumexp_attribution_bootstrap_lower	grouped_logsumexp_attribution_bootstrap_upper	single_token_true_false_attribution_diagnostic_mean_pair_pearson_r2	single_token_true_false_attribution_diagnostic_bootstrap_mean	single_token_true_false_attribution_diagnostic_bootstrap_median	single_token_true_false_attribution_diagnostic_bootstrap_lower	single_token_true_false_attribution_diagnostic_bootstrap_upper	grouped_alias_linear_projection_diagnostic_mean_pair_pearson_r2	grouped_alias_linear_projection_diagnostic_bootstrap_mean	grouped_alias_linear_projection_diagnostic_bootstrap_median	grouped_alias_linear_projection_diagnostic_bootstrap_lower	grouped_alias_linear_projection_diagnostic_bootstrap_upper	prediction_minus_attribution_gap_mean_pair_pearson_r2	prediction_minus_attribution_gap_bootstrap_mean	prediction_minus_attribution_gap_bootstrap_median	prediction_minus_attribution_gap_bootstrap_lower	prediction_minus_attribution_gap_bootstrap_upper	shared_single_token_pair_comparison_target	shared_single_token_pair_randomization_unit	shared_single_token_pair_mean	shared_single_token_pair_median	shared_single_token_pair_q025	shared_single_token_pair_q975	shuffled_shared_single_token_pair_comparison_target	shuffled_shared_single_token_pair_randomization_unit	shuffled_shared_single_token_pair_mean	shuffled_shared_single_token_pair_median	shuffled_shared_single_token_pair_q025	shuffled_shared_single_token_pair_q975	grouped_9v8_pseudo_label_comparison_target	grouped_9v8_pseudo_label_randomization_unit	grouped_9v8_pseudo_label_mean	grouped_9v8_pseudo_label_median	grouped_9v8_pseudo_label_q025	grouped_9v8_pseudo_label_q975	shuffled_grouped_9v8_pseudo_label_comparison_target	shuffled_grouped_9v8_pseudo_label_randomization_unit	shuffled_grouped_9v8_pseudo_label_mean	shuffled_grouped_9v8_pseudo_label_median	shuffled_grouped_9v8_pseudo_label_q025	shuffled_grouped_9v8_pseudo_label_q975	independent_isotropic_comparison_target	independent_isotropic_randomization_unit	independent_isotropic_mean	independent_isotropic_median	independent_isotropic_q025	independent_isotropic_q975	observation_pair_permutation_comparison_target	observation_pair_permutation_randomization_unit	observation_pair_permutation_mean	observation_pair_permutation_median	observation_pair_permutation_q025	observation_pair_permutation_q975
relative_depth	trajectory	boolq	sentence	user	0	0.0	64	linear_interpolation_block_outputs_only	False	5	10	17706	3270	3270	17706	256	64	0.03559078174758551	0.035937200864999436	0.03595907346639171	0.032045681226384695	0.039998889378759006	0.1291762614842013	0.12918484063756427	0.12925566753664494	0.125644538301707	0.1328229292067098	0.04489907964621499	0.0449919814360452	0.044971983296842766	0.04335813167063734	0.04662192393615534	0.028728018347108697	0.02882062408351654	0.02881272499539351	0.027237091736905313	0.030476493945314338	-0.0935854797366158	-0.09324763977256482	-0.09334713481003176	-0.09856538911543632	-0.08729225123738409	single_token_true_false_attribution_diagnostic	control_draw_mean_over_pairs	0.1878704934558219	0.17218499530492065	0.05875041495244969	0.4196615224690813	single_token_true_false_attribution_diagnostic	permutation_assignment_mean_over_draws_and_pairs	0.1904328995349734	0.1904762131313127	0.1856214635422085	0.19625321094321516	grouped_logsumexp_attribution	control_draw_mean_over_pairs	0.1937714822060036	0.18147712954745585	0.05731451593426779	0.41441130782915125	grouped_logsumexp_attribution	permutation_assignment_mean_over_draws_and_pairs	0.1944284218084868	0.19450564232724102	0.18968581287328923	0.1992221613955092	single_token_true_false_attribution_diagnostic	control_draw_mean_over_pairs	0.18634509577620575	0.17520945286946768	0.05937682250198717	0.3744752493157802	grouped_logsumexp_attribution	observation_pair_permutation_mean_over_pairs	5.209856966591722e-05	4.333326528716139e-05	1.728871134043585e-05	0.00012508098956453124
relative_depth	trajectory	boolq	sentence	user	1	0.015873015873015872	64	linear_interpolation_block_outputs_only	False	5	10	17706	3270	3270	17706	256	64	0.03503245165737287	0.035381847704326154	0.03537492695540862	0.0314028567273565	0.03961468546962108	0.09304487642778451	0.09307434600093484	0.09308135276895896	0.08999524414828342	0.09613059012067345	0.04071079713364686	0.040790868664971114	0.0407829703986972	0.03889991659628209	0.042653247472615036	0.019853680565287628	0.019986317084182317	0.019960133324322213	0.01842247716504672	0.02162122720296924	-0.058012424770411644	-0.05769249829660869	-0.05775459358365252	-0.06252633592051926	-0.05279550609364536	single_token_true_false_attribution_diagnostic	control_draw_mean_over_pairs	0.19612422723606374	0.17987873146035288	0.06973480298881084	0.4091197501772051	single_token_true_false_attribution_diagnostic	permutation_assignment_mean_over_draws_and_pairs	0.19862279442684486	0.1985776292725691	0.1934194968281489	0.20452890910739743	grouped_logsumexp_attribution	control_draw_mean_over_pairs	0.19493171563912415	0.1853795483725832	0.05173178106942185	0.38114816760168696	grouped_logsumexp_attribution	permutation_assignment_mean_over_draws_and_pairs	0.19542806326581594	0.19529679984242848	0.19052832925308105	0.20083494795474954	single_token_true_false_attribution_diagnostic	control_draw_mean_over_pairs	0.19087035970702437	0.17997245793883382	0.06304405284187084	0.3797241521922569	grouped_logsumexp_attribution	observation_pair_permutation_mean_over_pairs	5.330057305277194e-05	4.793656739529762e-05	1.6647095567890903e-05	0.0001191449077295563
relative_depth	trajectory	boolq	sentence	user	2	0.031746031746031744	64	linear_interpolation_block_outputs_only	False	5	10	17706	3270	3270	17706	256	64	0.0224726789182359	0.02281717331024663	0.022791718751141662	0.019293183630008967	0.026291643729760783	0.03764335885120985	0.03774396339415655	0.03773494144346917	0.0358289562366212	0.039703294846712096	0.06521875350853747	0.06528728327116025	0.0652414459858951	0.06272097018848924	0.06798290209136722	0.030885015351742866	0.0309993200376435	0.031004611064671665	0.02909912211610982	0.03306499542717873	-0.015170679932973948	-0.014926790083909921	-0.014889249787393956	-0.01867612209808389	-0.01108187983141619	single_token_true_false_attribution_diagnostic	control_draw_mean_over_pairs	0.1976855465794469	0.1792015351782269	0.06883191250422789	0.39971395939557247	single_token_true_false_attribution_diagnostic	permutation_assignment_mean_over_draws_and_pairs	0.19871898714048408	0.1986268460080029	0.19325692088218188	0.20436535245495002	grouped_logsumexp_attribution	control_draw_mean_over_pairs	0.1820667967885944	0.17084200581856512	0.05262388978322465	0.34629839678410024	grouped_logsumexp_attribution	permutation_assignment_mean_over_draws_and_pairs	0.18618616543923827	0.1861350107033732	0.1807697949477734	0.19160461009538873	single_token_true_false_attribution_diagnostic	control_draw_mean_over_pairs	0.1920844800101238	0.18189525907391085	0.0633763674628545	0.40231066514265024	grouped_logsumexp_attribution	observation_pair_permutation_mean_over_pairs	5.513039582345536e-05	4.810033789844267e-05	2.1669047596250456e-05	0.00013608178044118496
relative_depth	trajectory	boolq	sentence	user	3	0.047619047619047616	64	linear_interpolation_block_outputs_only	False	5	10	17706	3270	3270	17706	256	64	0.014738569793616974	0.01514800249331139	0.015095182884925246	0.012194634088845713	0.01797858963358199	0.05789416199232247	0.058001189636519186	0.057995645220124487	0.05544441454690746	0.06043097809005742	0.10722931347178088	0.10727887118524089	0.1072186550112683	0.10373917961663719	0.11058988223679553	0.063233382954854	0.06332827482657541	0.0633567449706993	0.060530324284345044	0.06618572835611444	-0.04315559219870549	-0.042853187143207794	-0.042902360866088396	-0.04665667992067715	-0.038768648801760404	single_token_true_false_attribution_diagnostic	control_draw_mean_over_pairs	0.19094469621571847	0.18066104935059896	0.05227428457333966	0.43193563970216997	single_token_true_false_attribution_diagnostic	permutation_assignment_mean_over_draws_and_pairs	0.19314461827231635	0.1929755542237359	0.18833411707626788	0.19824155258407933	grouped_logsumexp_attribution	control_draw_mean_over_pairs	0.1777712754049582	0.17058966148874732	0.05295821313565175	0.3480389876932925	grouped_logsumexp_attribution	permutation_assignment_mean_over_draws_and_pairs	0.18155838903409582	0.18160123481576312	0.176671620973583	0.18715582095610578	single_token_true_false_attribution_diagnostic	control_draw_mean_over_pairs	0.19078440534008553	0.17807138662653565	0.06370787245625865	0.40402003548742815	grouped_logsumexp_attribution	observation_pair_permutation_mean_over_pairs	6.011047056263826e-05	5.282300040606657e-05	2.5528100305043392e-05	0.00013879029350163347
relative_depth	trajectory	boolq	sentence	user	4	0.06349206349206349	64	linear_interpolation_block_outputs_only	False	5	10	17706	3270	3270	17706	256	64	0.013177956677570265	0.013515921167085079	0.013487691049152426	0.010822735480084935	0.016581652220279307	0.0729249155765901	0.07295814281028577	0.07295242157305531	0.07021521454216317	0.07557153665353351	0.10623366410931426	0.10633338800890561	0.1063591909493689	0.1032888214197823	0.10962004972267336	0.08132986931561809	0.08143730341690213	0.08140218834969185	0.07891964827297222	0.0841051414504924	-0.059746958899019834	-0.0594422216432007	-0.05937615351779265	-0.06368224655428366	-0.055332526435678854	single_token_true_false_attribution_diagnostic	control_draw_mean_over_pairs	0.18083636512527732	0.17296002319355458	0.04489809896387191	0.40049823873015716	single_token_true_false_attribution_diagnostic	permutation_assignment_mean_over_draws_and_pairs	0.18246057257771725	0.18232736938614424	0.1776967374330234	0.1871439438006414	grouped_logsumexp_attribution	control_draw_mean_over_pairs	0.17319749700412462	0.15885184117514498	0.04910682176665594	0.38472943778652674	grouped_logsumexp_attribution	permutation_assignment_mean_over_draws_and_pairs	0.17289397402080442	0.17287669922929622	0.16794235555922407	0.17790151886078703	single_token_true_false_attribution_diagnostic	control_draw_mean_over_pairs	0.17497483678120573	0.16000253912950063	0.04816290838144613	0.35989729803011805	grouped_logsumexp_attribution	observation_pair_permutation_mean_over_pairs	6.116397731599222e-05	5.5511979296606404e-05	1.5520461238344878e-05	0.00014413858370757688
relative_depth	trajectory	boolq	sentence	user	5	0.07936507936507936	64	linear_interpolation_block_outputs_only	False	5	10	17706	3270	3270	17706	256	64	0.021573349300922105	0.021909768105519534	0.02183707739027637	0.01869993642028606	0.025313639858483075	0.1250381527182261	0.1250884659123391	0.1250554671602914	0.12144964491101881	0.12922362796686118	0.1012309813579996	0.10134723494009548	0.10134206672255563	0.09827087781996997	0.10436034964576045	0.07902384903672618	0.07910525559628111	0.07912644982873492	0.07603032261653844	0.0823458478958055	-0.10346480341730399	-0.10317869780681957	-0.10311645261132044	-0.10855359707084054	-0.09765860432695532	single_token_true_false_attribution_diagnostic	control_draw_mean_over_pairs	0.17072058563172599	0.15224916154183515	0.05328527201897287	0.37266772264078724	single_token_true_false_attribution_diagnostic	permutation_assignment_mean_over_draws_and_pairs	0.16998342318018708	0.16992058416595715	0.16480047558278657	0.17471986351918117	grouped_logsumexp_attribution	control_draw_mean_over_pairs	0.1556810776110728	0.14359479507889203	0.04447590722979107	0.3356501099057762	grouped_logsumexp_attribution	permutation_assignment_mean_over_draws_and_pairs	0.1565889669123014	0.15674110438375055	0.1514990361011601	0.16142088916326197	single_token_true_false_attribution_diagnostic	control_draw_mean_over_pairs	0.15602107586604624	0.13973031796945135	0.04563391527882242	0.37611365125805957	grouped_logsumexp_attribution	observation_pair_permutation_mean_over_pairs	5.56923583074006e-05	5.542982517936616e-05	1.6176048024513574e-05	0.00012189259791692111
relative_depth	trajectory	boolq	sentence	user	6	0.09523809523809523	64	linear_interpolation_block_outputs_only	False	5	10	17706	3270	3270	17706	256	64	0.02206097823930013	0.022321047129277342	0.022302640531557706	0.019249207511384425	0.025531256728614688	0.2713375521417168	0.27146521819854263	0.27148542460070046	0.26617400267973623	0.27655043843735855	0.13287842192727375	0.13295452920658446	0.1329547132769125	0.1294842273138644	0.13639444737630382	0.09213081665969156	0.09221131800530398	0.09222373712462621	0.08914027583239852	0.09538290772619834	-0.24927657390241664	-0.24914417106926523	-0.24911824376843458	-0.2553835029526168	-0.24322968940935125	single_token_true_false_attribution_diagnostic	control_draw_mean_over_pairs	0.15883986317740822	0.1442083413365294	0.036239138652459854	0.364318753246032	single_token_true_false_attribution_diagnostic	permutation_assignment_mean_over_draws_and_pairs	0.15666411306287892	0.1566471078850027	0.1516311496193323	0.16142484146043035	grouped_logsumexp_attribution	control_draw_mean_over_pairs	0.1431692802752605	0.1314442002787083	0.04165638635888815	0.330148284537844	grouped_logsumexp_attribution	permutation_assignment_mean_over_draws_and_pairs	0.14415788542352376	0.14407826448007793	0.14008506723055889	0.14852061765535368	single_token_true_false_attribution_diagnostic	control_draw_mean_over_pairs	0.14655392836022305	0.12778579112782132	0.041275645521880525	0.36478678220089966	grouped_logsumexp_attribution	observation_pair_permutation_mean_over_pairs	5.179744154905952e-05	4.3853045258693035e-05	1.554794752332228e-05	0.00012221303628497216
relative_depth	trajectory	boolq	sentence	user	7	0.1111111111111111	64	linear_interpolation_block_outputs_only	False	5	10	17706	3270	3270	17706	256	64	0.01904038205376015	0.019303376136400225	0.019303222502000908	0.016604320768150205	0.02230484566046457	0.3170132008320696	0.31719029983976493	0.3171266712904819	0.31204148800929515	0.3224124138147603	0.1458318873875472	0.14587369158559946	0.14588077151637135	0.1416112244454412	0.14989820028680692	0.09725077899838434	0.09734584166224082	0.09731952711241568	0.09348981024906529	0.10115237842317162	-0.29797281877830945	-0.2978869237033647	-0.2979234479392303	-0.3038752786059549	-0.2920629969662021	single_token_true_false_attribution_diagnostic	control_draw_mean_over_pairs	0.14780384852821105	0.13668629267447818	0.039885716781329565	0.3261802288865198	single_token_true_false_attribution_diagnostic	permutation_assignment_mean_over_draws_and_pairs	0.14374471975423375	0.14363720812222425	0.1395175977223838	0.14787577525646112	grouped_logsumexp_attribution	control_draw_mean_over_pairs	0.13636067056599108	0.12503412483628135	0.031864961494861066	0.3103510806703635	grouped_logsumexp_attribution	permutation_assignment_mean_over_draws_and_pairs	0.13570672806529505	0.13580810284265488	0.13109087170180866	0.1399908751812551	single_token_true_false_attribution_diagnostic	control_draw_mean_over_pairs	0.14170777292868647	0.12909484078329447	0.03837390605736646	0.33001706807117326	grouped_logsumexp_attribution	observation_pair_permutation_mean_over_pairs	5.4459795473056425e-05	4.150742632443606e-05	1.106246408784319e-05	0.0001554704167638965
relative_depth	trajectory	boolq	sentence	user	8	0.12698412698412698	64	linear_interpolation_block_outputs_only	False	5	10	17706	3270	3270	17706	256	64	0.01898551605341254	0.019232864069545032	0.01918412631085946	0.01653962265138255	0.022121064268599357	0.2051030567737567	0.20528986343691633	0.20523113337276405	0.20076475811345482	0.20996176053292354	0.1420050181636076	0.14203846081001045	0.14206408866230041	0.1378621721723229	0.14618777908397357	0.0809571641760267	0.0810669317322937	0.08104249531448253	0.07804154694391897	0.08419885210585776	-0.18611754072034417	-0.1860569993673713	-0.1861298709347496	-0.19136290165541042	-0.18086739398469234	single_token_true_false_attribution_diagnostic	control_draw_mean_over_pairs	0.14096472771218196	0.1305368420772471	0.03658082624379039	0.3113435038133419	single_token_true_false_attribution_diagnostic	permutation_assignment_mean_over_draws_and_pairs	0.13908521498919857	0.13894003250611991	0.1349599154884458	0.14324726676234886	grouped_logsumexp_attribution	control_draw_mean_over_pairs	0.13209967194979577	0.11773967369730572	0.03543995796589997	0.30591585129323107	grouped_logsumexp_attribution	permutation_assignment_mean_over_draws_and_pairs	0.13014881851863114	0.13006865940405826	0.12605357641357143	0.1344309192446253	single_token_true_false_attribution_diagnostic	control_draw_mean_over_pairs	0.14152124448208436	0.1304095986451205	0.03991072560038987	0.31032379533821575	grouped_logsumexp_attribution	observation_pair_permutation_mean_over_pairs	6.251639504547318e-05	5.79181993341872e-05	1.5249868141182618e-05	0.00014141818852516762
relative_depth	trajectory	boolq	sentence	user	9	0.14285714285714285	64	linear_interpolation_block_outputs_only	False	5	10	17706	3270	3270	17706	256	64	0.01273719427532009	0.013014522631230796	0.012957434404541144	0.010630519624550925	0.01558716562400593	0.07557282213803337	0.07566850704343817	0.07567778876272144	0.07346516948323453	0.07770011173523124	0.10526452382199351	0.10530540674324584	0.10526760890558426	0.10247814696774801	0.1082491886798983	0.07938227411261109	0.0794987373329829	0.07951567704159368	0.07700708708575026	0.08196560736705359	-0.06283562786271328	-0.06265398441220738	-0.06266948219112461	-0.06599919600017616	-0.05944190940614239	single_token_true_false_attribution_diagnostic	control_draw_mean_over_pairs	0.134268528575867	0.12338329504074083	0.037550413737715733	0.29439046838650296	single_token_true_false_attribution_diagnostic	permutation_assignment_mean_over_draws_and_pairs	0.13573154278884686	0.13581338212775385	0.13096061502442186	0.14029708954764736	grouped_logsumexp_attribution	control_draw_mean_over_pairs	0.1270767439901278	0.1177949878119211	0.03386329730045444	0.27484397645179015	grouped_logsumexp_attribution	permutation_assignment_mean_over_draws_and_pairs	0.125881831485572	0.1256534822711542	0.12218095815944094	0.1302524882374489	single_token_true_false_attribution_diagnostic	control_draw_mean_over_pairs	0.1405081186842996	0.13196663228846311	0.043296459928415465	0.2866651026056363	grouped_logsumexp_attribution	observation_pair_permutation_mean_over_pairs	5.7125694511675376e-05	5.326196985407059e-05	1.9500055397424925e-05	0.00010940668694617613
relative_depth	trajectory	boolq	sentence	user	10	0.15873015873015872	64	linear_interpolation_block_outputs_only	False	5	10	17706	3270	3270	17706	256	64	0.009267421002336308	0.009550428280043145	0.009516841307102248	0.0075350792115207055	0.01195360577602257	0.16877229402257293	0.1688369879287498	0.1688478875191502	0.16471713418804856	0.17299727990832925	0.1774928821178416	0.17755457567528257	0.17751484909178455	0.1738070546279035	0.18148159728557156	0.17497662134379213	0.17507343963176886	0.1750875711647873	0.1711887902478962	0.17880113198531278	-0.15950487302023664	-0.1592865596487067	-0.15928171373050737	-0.16399079913417522	-0.15454302153683755	single_token_true_false_attribution_diagnostic	control_draw_mean_over_pairs	0.13497832567455198	0.12306656993384155	0.033126632371384086	0.2896923304164872	single_token_true_false_attribution_diagnostic	permutation_assignment_mean_over_draws_and_pairs	0.13625760061626022	0.1362126634159123	0.13140327235303037	0.1412203968611544	grouped_logsumexp_attribution	control_draw_mean_over_pairs	0.13108247569531914	0.11688436266674815	0.03640304787059946	0.3120362965274566	grouped_logsumexp_attribution	permutation_assignment_mean_over_draws_and_pairs	0.1288826241187931	0.1287917217107043	0.12497241712540724	0.13326401705700244	single_token_true_false_attribution_diagnostic	control_draw_mean_over_pairs	0.1397027121775241	0.12264037395703538	0.033114527199349035	0.31712594549281525	grouped_logsumexp_attribution	observation_pair_permutation_mean_over_pairs	5.570049524085048e-05	5.297441968105075e-05	1.328438831180129e-05	0.00011951725971527412
relative_depth	trajectory	boolq	sentence	user	11	0.1746031746031746	64	linear_interpolation_block_outputs_only	False	5	10	17706	3270	3270	17706	256	64	0.011416718418881873	0.011752803845399973	0.011744308841009996	0.009728974093107929	0.01372691914134504	0.19893029591351064	0.19900475057809036	0.19899385463720842	0.19508817822108068	0.20308622934492754	0.27669686294464485	0.2767273153860676	0.27672191425577575	0.27193201119246196	0.2813690644496693	0.2770278810032746	0.27711302255985365	0.2770488532878096	0.2723150843527462	0.2818637877109649	-0.18751357749462877	-0.18725194673269038	-0.1872014026665098	-0.1917221723388708	-0.1827975686066635	single_token_true_false_attribution_diagnostic	control_draw_mean_over_pairs	0.13349215959103536	0.12100161673745574	0.037386371209155514	0.3163902548266144	single_token_true_false_attribution_diagnostic	permutation_assignment_mean_over_draws_and_pairs	0.13416549564828564	0.13427101621305826	0.1299838339603117	0.13862075485296144	grouped_logsumexp_attribution	control_draw_mean_over_pairs	0.13374700803403902	0.1209833236284395	0.0270959963954428	0.327440098657881	grouped_logsumexp_attribution	permutation_assignment_mean_over_draws_and_pairs	0.1318800302313233	0.13174715860665	0.12807794006534448	0.13598247548566206	single_token_true_false_attribution_diagnostic	control_draw_mean_over_pairs	0.14559614484898256	0.13214776912981363	0.03766783028807358	0.33297536860194954	grouped_logsumexp_attribution	observation_pair_permutation_mean_over_pairs	5.573196328919606e-05	5.315936436921129e-05	1.2706497165755245e-05	0.00012112680004114202
relative_depth	trajectory	boolq	sentence	user	12	0.19047619047619047	64	linear_interpolation_block_outputs_only	False	5	10	17706	3270	3270	17706	256	64	0.009722885332022061	0.010064297805198956	0.010026417689397018	0.007886820991278343	0.012317996043937138	0.18255546045530974	0.1827079827894233	0.18274681126953402	0.17950540450311278	0.18597506390640525	0.2436152495904226	0.24362913391444677	0.24361913593051227	0.2407046407044316	0.2465699482018189	0.24737596850409432	0.24749965027748355	0.2473978653605155	0.24277363854201442	0.2520774552933992	-0.17283257512328767	-0.17264368498422436	-0.1726440572884397	-0.17660695935425177	-0.16871257806558188	single_token_true_false_attribution_diagnostic	control_draw_mean_over_pairs	0.12805803449583092	0.11051027329013594	0.032358073567281154	0.28975839213699267	single_token_true_false_attribution_diagnostic	permutation_assignment_mean_over_draws_and_pairs	0.12665542447510947	0.12674875565209553	0.1228418215209521	0.13025882375177542	grouped_logsumexp_attribution	control_draw_mean_over_pairs	0.13018925872984977	0.11472318724462492	0.028776519352624118	0.3378465997589807	grouped_logsumexp_attribution	permutation_assignment_mean_over_draws_and_pairs	0.1298661573436751	0.12987784410593628	0.12593905971100772	0.13402097680821465	single_token_true_false_attribution_diagnostic	control_draw_mean_over_pairs	0.14330247686078057	0.1257668074053023	0.033635587138642294	0.356561235915479	grouped_logsumexp_attribution	observation_pair_permutation_mean_over_pairs	5.936650015672188e-05	5.62700123205424e-05	1.297925951320283e-05	0.00012886989580949339
relative_depth	trajectory	boolq	sentence	user	13	0.20634920634920634	64	linear_interpolation_block_outputs_only	False	5	10	17706	3270	3270	17706	256	64	0.019714185097887568	0.020041662628676658	0.01997710020913356	0.01697961651092313	0.023213352862763856	0.1066794753460802	0.10679310271926562	0.1067809873063083	0.10398057740786823	0.10988364888601462	0.16265990557364035	0.16264638805914894	0.16263957276553473	0.15956604778669617	0.16597320383756048	0.08323235056712561	0.08330254924446089	0.08328882414859376	0.08025383552162765	0.08640138159965428	-0.08696529024819263	-0.08675144009058895	-0.08682100368952947	-0.0906128939740325	-0.0824114160449273	single_token_true_false_attribution_diagnostic	control_draw_mean_over_pairs	0.13174057816573523	0.11685141555025368	0.02765311022742374	0.32125029197501603	single_token_true_false_attribution_diagnostic	permutation_assignment_mean_over_draws_and_pairs	0.13167082256305224	0.1315113387362257	0.12773106213283797	0.1356570589985352	grouped_logsumexp_attribution	control_draw_mean_over_pairs	0.13393633482513112	0.11277453559410204	0.029026014861304884	0.30227258720510997	grouped_logsumexp_attribution	permutation_assignment_mean_over_draws_and_pairs	0.1331697374826768	0.13320321015456574	0.12908574134466957	0.13778122992426683	single_token_true_false_attribution_diagnostic	control_draw_mean_over_pairs	0.14334923403252497	0.12038112507715609	0.04588571303711492	0.365421604446344	grouped_logsumexp_attribution	observation_pair_permutation_mean_over_pairs	5.816930594264318e-05	5.388293202866582e-05	1.4728830363683858e-05	0.00012735091612042036
relative_depth	trajectory	boolq	sentence	user	14	0.2222222222222222	64	linear_interpolation_block_outputs_only	False	5	10	17706	3270	3270	17706	256	64	0.016274879895988158	0.016581280934371362	0.016533432954106878	0.01405314869389379	0.01951124933548847	0.03036950311268664	0.030438827031360874	0.0304303772977565	0.028782527427513086	0.03213258488119603	0.0823130363616573	0.08234496301014264	0.08232241802826823	0.07950896605346067	0.085164247291353	0.029737325461607057	0.02981614499740711	0.029823977958240894	0.028373739266164166	0.031146401544212804	-0.014094623216698483	-0.013857546096989509	-0.013880374945239358	-0.016935736706260675	-0.01054090481434642	single_token_true_false_attribution_diagnostic	control_draw_mean_over_pairs	0.12981550927851643	0.11913587642778417	0.02916200341918661	0.28329377800675454	single_token_true_false_attribution_diagnostic	permutation_assignment_mean_over_draws_and_pairs	0.13093545041181576	0.13085440012153288	0.1272813442293652	0.1353678067231504	grouped_logsumexp_attribution	control_draw_mean_over_pairs	0.1351821745005408	0.11671299881822166	0.03035336320085006	0.30937579014461086	grouped_logsumexp_attribution	permutation_assignment_mean_over_draws_and_pairs	0.13436515867126003	0.13426090954745373	0.13090910941306083	0.13905579759292067	single_token_true_false_attribution_diagnostic	control_draw_mean_over_pairs	0.13777201145452572	0.12336420287155661	0.03825063977450038	0.3256804223195218	grouped_logsumexp_attribution	observation_pair_permutation_mean_over_pairs	5.4633040617084894e-05	5.288586779067057e-05	1.8877407568665417e-05	0.00010769519092823285
relative_depth	trajectory	boolq	sentence	user	15	0.23809523809523808	64	linear_interpolation_block_outputs_only	False	5	10	17706	3270	3270	17706	256	64	0.013418971955017473	0.013743804295573057	0.01372481525053095	0.011338829969035468	0.016326038353760064	0.0716050605155436	0.07168231664874951	0.07171040021683205	0.06976649703569769	0.0734973580868722	0.19942137479588862	0.1994448787159797	0.19951942693778438	0.1949173686552878	0.2037902510954236	0.06638548962062787	0.06644921411020585	0.06644453309482272	0.06386866252857507	0.06894668094868338	-0.058186088560526136	-0.05793851235317645	-0.05798688434209122	-0.06108479300345154	-0.05469767571081987	single_token_true_false_attribution_diagnostic	control_draw_mean_over_pairs	0.1286882385279824	0.11730798000035181	0.0422761683235308	0.2722643290121402	single_token_true_false_attribution_diagnostic	permutation_assignment_mean_over_draws_and_pairs	0.13071785599236996	0.13053187006309303	0.12705275114217385	0.13495207416635585	grouped_logsumexp_attribution	control_draw_mean_over_pairs	0.12912557556902146	0.11636651639481008	0.02978875722893199	0.30650596913398054	grouped_logsumexp_attribution	permutation_assignment_mean_over_draws_and_pairs	0.1297551436226293	0.12978496523303631	0.12606117682690018	0.13356791499512255	single_token_true_false_attribution_diagnostic	control_draw_mean_over_pairs	0.13336707815801224	0.11611587396509276	0.03284590517708251	0.3047559850601008	grouped_logsumexp_attribution	observation_pair_permutation_mean_over_pairs	5.4108019077981915e-05	4.998658341600107e-05	2.2353658015482323e-05	0.00010376163744012338
relative_depth	trajectory	boolq	sentence	user	16	0.25396825396825395	64	linear_interpolation_block_outputs_only	False	5	10	17706	3270	3270	17706	256	64	0.011338650059101129	0.011661309847012745	0.01164935399575179	0.009236271739481034	0.013998379633841386	0.08967352511949674	0.08974668872660496	0.08975062697992006	0.08649921816339515	0.09287987133215085	0.295321197041449	0.2953656580400171	0.2952907300424713	0.29121422188035795	0.29993796091735386	0.13768349071424582	0.1376584313905979	0.137621032036306	0.13306665876275914	0.14215483000706225	-0.0783348750603956	-0.07808537887959222	-0.07805591738753634	-0.08225449850968143	-0.0740263187258898	single_token_true_false_attribution_diagnostic	control_draw_mean_over_pairs	0.13051938546526526	0.11619316390782884	0.030787271386735118	0.29607981061982835	single_token_true_false_attribution_diagnostic	permutation_assignment_mean_over_draws_and_pairs	0.13122780560652458	0.13124709539734647	0.1268860165511948	0.13532275678664643	grouped_logsumexp_attribution	control_draw_mean_over_pairs	0.13033805913941682	0.11742978516564925	0.028769319705068862	0.30479422193416683	grouped_logsumexp_attribution	permutation_assignment_mean_over_draws_and_pairs	0.1306651467680744	0.1305903597997099	0.12645036035879198	0.13507012131374957	single_token_true_false_attribution_diagnostic	control_draw_mean_over_pairs	0.1350107848005297	0.12215577049758947	0.030000132348142312	0.3396325854966699	grouped_logsumexp_attribution	observation_pair_permutation_mean_over_pairs	5.8166677718392126e-05	5.933449244194551e-05	1.784914544096734e-05	0.00011282372803094785
relative_depth	trajectory	boolq	sentence	user	17	0.2698412698412698	64	linear_interpolation_block_outputs_only	False	5	10	17706	3270	3270	17706	256	64	0.019175394317160716	0.019496613622588022	0.01947145399859572	0.01620486657798998	0.02269012455412419	0.060935928309841146	0.061042124023871595	0.061047559213577435	0.0586448443409221	0.06321653700269998	0.2395429297040414	0.23963618871026984	0.23962615750917476	0.23568783603694796	0.24361293348538876	0.10032903967670848	0.10041243292265452	0.10041411699216707	0.09732017727901972	0.10365653269094605	-0.041760533992680426	-0.04154551040128358	-0.041553869256632	-0.045618938918669215	-0.0372909325873184	single_token_true_false_attribution_diagnostic	control_draw_mean_over_pairs	0.12792873706376087	0.11016311874583765	0.03751746470513492	0.2873519338572018	single_token_true_false_attribution_diagnostic	permutation_assignment_mean_over_draws_and_pairs	0.12901797732313833	0.12902365293548482	0.12519666408594923	0.13248170343795018	grouped_logsumexp_attribution	control_draw_mean_over_pairs	0.13207293481313484	0.12306526837787987	0.037761691885771484	0.3011641849931367	grouped_logsumexp_attribution	permutation_assignment_mean_over_draws_and_pairs	0.13174735891824874	0.13164865485800747	0.1281581377136936	0.1365264349725429	single_token_true_false_attribution_diagnostic	control_draw_mean_over_pairs	0.13221437054263901	0.11282724187382129	0.03133712233514499	0.3307577425802183	grouped_logsumexp_attribution	observation_pair_permutation_mean_over_pairs	6.22606939421877e-05	6.47741087888514e-05	1.67092481896044e-05	0.00011986035255664151
relative_depth	trajectory	boolq	sentence	user	18	0.2857142857142857	64	linear_interpolation_block_outputs_only	False	5	10	17706	3270	3270	17706	256	64	0.021412500354933566	0.021656097050157856	0.021518298142943725	0.018197615090373605	0.02539298063297406	0.06984174129214032	0.06995340304474582	0.06999119675891402	0.06722691860768688	0.07254890046496155	0.12889214714124247	0.12897536082029903	0.1290500145788107	0.1263563259144114	0.13163426825455576	0.07292551554611561	0.07300031141562252	0.07301853522996622	0.0703745081634318	0.07555044628292125	-0.048429240937206755	-0.048297305994587945	-0.0482880451633819	-0.05288837053642581	-0.0438286358153592	single_token_true_false_attribution_diagnostic	control_draw_mean_over_pairs	0.12141640064057395	0.11168430155683616	0.02714248804254236	0.25922277408467775	single_token_true_false_attribution_diagnostic	permutation_assignment_mean_over_draws_and_pairs	0.12160999109419247	0.12163035933222269	0.11800471663604059	0.1254319649804862	grouped_logsumexp_attribution	control_draw_mean_over_pairs	0.1319816495996276	0.11820778285731089	0.03236372880298211	0.287218286501434	grouped_logsumexp_attribution	permutation_assignment_mean_over_draws_and_pairs	0.13206848771599305	0.13202585406259737	0.12795858318696923	0.1361886389980655	single_token_true_false_attribution_diagnostic	control_draw_mean_over_pairs	0.1326225730889763	0.11677898273217327	0.039355273348505755	0.3226317922555046	grouped_logsumexp_attribution	observation_pair_permutation_mean_over_pairs	5.558279478319158e-05	4.803505094027899e-05	1.315002324577206e-05	0.00011006714574735887
relative_depth	trajectory	boolq	sentence	user	19	0.30158730158730157	64	linear_interpolation_block_outputs_only	False	5	10	17706	3270	3270	17706	256	64	0.019006716163662597	0.01921800682853825	0.019191716572624255	0.016006123523250204	0.022832170701366356	0.04997039570895666	0.05005008353225301	0.05004606955693208	0.04792671181990358	0.05226207005853117	0.07917019072795933	0.07928737778926886	0.07928243576959786	0.0768981636955	0.08160304232005104	0.032289955549905526	0.03238586474759548	0.03237802663265449	0.030699755815089925	0.03395125295687688	-0.03096367954529406	-0.03083207670371476	-0.030918710916393245	-0.03470676756453064	-0.02653934857514181	single_token_true_false_attribution_diagnostic	control_draw_mean_over_pairs	0.11966836427539415	0.1013986340744907	0.02681942802323555	0.32338265724728377	single_token_true_false_attribution_diagnostic	permutation_assignment_mean_over_draws_and_pairs	0.11897127031805167	0.11879048762651251	0.115189560317983	0.12272067272063605	grouped_logsumexp_attribution	control_draw_mean_over_pairs	0.12756193757863285	0.11331644368402947	0.0348787790221309	0.27931021917099874	grouped_logsumexp_attribution	permutation_assignment_mean_over_draws_and_pairs	0.13001866471724	0.12977039994041112	0.12598947212152345	0.13400888123380394	single_token_true_false_attribution_diagnostic	control_draw_mean_over_pairs	0.13305232879616574	0.11936704410003458	0.030309236581526396	0.3296668552444873	grouped_logsumexp_attribution	observation_pair_permutation_mean_over_pairs	5.7025844611719306e-05	5.3789882258367914e-05	1.6005279189318186e-05	9.837530701577148e-05
relative_depth	trajectory	boolq	sentence	user	20	0.31746031746031744	64	linear_interpolation_block_outputs_only	False	5	10	17706	3270	3270	17706	256	64	0.024710192896252148	0.02495816772899039	0.02487482979192926	0.02104659939889869	0.029046092039361485	0.10390611093727135	0.10391623135826637	0.10397506830614026	0.10016092550370043	0.1076259900121084	0.08726907764977518	0.0873740280079519	0.08742579819271012	0.08432222979070245	0.09024963796092543	0.11550712336913585	0.11559459034590454	0.11558529239477189	0.11227851654964877	0.11894547493925911	-0.0791959180410192	-0.07895806362927599	-0.0789612323707721	-0.08423403518925644	-0.07358064986328296	single_token_true_false_attribution_diagnostic	control_draw_mean_over_pairs	0.11923321113439056	0.10157136878820605	0.031548303150966794	0.29394417462245964	single_token_true_false_attribution_diagnostic	permutation_assignment_mean_over_draws_and_pairs	0.11712851980757326	0.1170804994459945	0.11320341865292267	0.12071644753373209	grouped_logsumexp_attribution	control_draw_mean_over_pairs	0.1204493328785069	0.10913240835934397	0.032843065554460205	0.26721665785663	grouped_logsumexp_attribution	permutation_assignment_mean_over_draws_and_pairs	0.12322231175985027	0.123381682140202	0.11934180978127722	0.1266732491615642	single_token_true_false_attribution_diagnostic	control_draw_mean_over_pairs	0.12729085679166363	0.10901896147172857	0.03292437187186397	0.3544175152397334	grouped_logsumexp_attribution	observation_pair_permutation_mean_over_pairs	5.840373754110523e-05	5.1588481183142554e-05	2.0467186643278834e-05	0.00014070159097781662
relative_depth	trajectory	boolq	sentence	user	21	0.3333333333333333	64	linear_interpolation_block_outputs_only	False	5	10	17706	3270	3270	17706	256	64	0.0397693870704567	0.040035207813761575	0.039902910488164474	0.03552855902634345	0.045192340020141705	0.07422995263356966	0.07427537663994824	0.07426307901285689	0.0715677298333465	0.07700625201837082	0.0751782103960684	0.07524194437171168	0.07522271124075838	0.07296085900562962	0.07758537500308506	0.08735297197131107	0.08740385372060307	0.08739821702030681	0.08497658687724645	0.08970748471598598	-0.03446056556311296	-0.03424016882618666	-0.0342188301374297	-0.039471978456469305	-0.028783609829868703	single_token_true_false_attribution_diagnostic	control_draw_mean_over_pairs	0.11770062717345367	0.10152670847380249	0.03158311063484414	0.30746298243633696	single_token_true_false_attribution_diagnostic	permutation_assignment_mean_over_draws_and_pairs	0.11566888032006403	0.11554530420844875	0.11248449537891418	0.1189108675162188	grouped_logsumexp_attribution	control_draw_mean_over_pairs	0.11280504937974523	0.09901950861004732	0.031865722034402036	0.28609839183582547	grouped_logsumexp_attribution	permutation_assignment_mean_over_draws_and_pairs	0.11476770362802181	0.11482084959911878	0.1115409056087025	0.11854595595939507	single_token_true_false_attribution_diagnostic	control_draw_mean_over_pairs	0.12532221872003424	0.10685673637134696	0.027017336686418526	0.32572547774139765	grouped_logsumexp_attribution	observation_pair_permutation_mean_over_pairs	5.876454516374914e-05	5.00158572884397e-05	1.7598406907001047e-05	0.00011897872541621974
relative_depth	trajectory	boolq	sentence	user	22	0.3492063492063492	64	linear_interpolation_block_outputs_only	False	5	10	17706	3270	3270	17706	256	64	0.04369173391011176	0.043951699825468434	0.04397567056745663	0.039039715221417526	0.049278336591785925	0.14508546589906857	0.14515120378705795	0.1451425758636635	0.14121667115332434	0.14915308760806556	0.157017946020878	0.15710237182521058	0.1570840831633949	0.1541092148227259	0.16024982880614025	0.15721725525510225	0.1572581033386564	0.1572327277878831	0.15328291847788025	0.16133091116715342	-0.1013937319889568	-0.10119950396158951	-0.10130493888164095	-0.10797028119236644	-0.09442504149547282	single_token_true_false_attribution_diagnostic	control_draw_mean_over_pairs	0.11403765168639826	0.09773197922096818	0.02467828470707202	0.28230518505581725	single_token_true_false_attribution_diagnostic	permutation_assignment_mean_over_draws_and_pairs	0.11309883701018304	0.11317800009328581	0.10996455407712462	0.11640976206060114	grouped_logsumexp_attribution	control_draw_mean_over_pairs	0.1092826425673085	0.095781861555365	0.02570226834302431	0.27481325067225787	grouped_logsumexp_attribution	permutation_assignment_mean_over_draws_and_pairs	0.11066726379580888	0.11057287717261255	0.10720430559333569	0.1142639865397563	single_token_true_false_attribution_diagnostic	control_draw_mean_over_pairs	0.12507715677168568	0.10700488148858506	0.03048128636882874	0.3203939001772486	grouped_logsumexp_attribution	observation_pair_permutation_mean_over_pairs	6.007408402262166e-05	5.080592744804226e-05	1.5191487753255739e-05	0.0001605275827907193
relative_depth	trajectory	boolq	sentence	user	23	0.36507936507936506	64	linear_interpolation_block_outputs_only	False	5	10	17706	3270	3270	17706	256	64	0.028825800908835613	0.029123600233851313	0.029103128841126546	0.0248893911617416	0.03327403717421376	0.16035544288330544	0.16041693997737627	0.16045261562264446	0.1568253305602796	0.16386457991160544	0.12528471559965831	0.12537263544957858	0.1253321911916242	0.12245756844757534	0.12825591296372998	0.10844259035967907	0.1084738846167458	0.1084884556976147	0.10556907622784384	0.11163166513699692	-0.13152964197446984	-0.13129333974352494	-0.1312706921017191	-0.13695085687771832	-0.1255839031184634	single_token_true_false_attribution_diagnostic	control_draw_mean_over_pairs	0.11381586185259768	0.09653735193642782	0.03311601563358464	0.26630160179465573	single_token_true_false_attribution_diagnostic	permutation_assignment_mean_over_draws_and_pairs	0.11460304089180007	0.11456466371967612	0.11080982960705618	0.11827000254161656	grouped_logsumexp_attribution	control_draw_mean_over_pairs	0.10913461143705576	0.08922593843162696	0.026858407573725162	0.2569571243108924	grouped_logsumexp_attribution	permutation_assignment_mean_over_draws_and_pairs	0.11122715225745797	0.11130155714724613	0.10763960118482294	0.11487250262638517	single_token_true_false_attribution_diagnostic	control_draw_mean_over_pairs	0.12413637408792372	0.10840227099827825	0.029022416844864514	0.3295471030034657	grouped_logsumexp_attribution	observation_pair_permutation_mean_over_pairs	6.150140791568484e-05	5.0711168935715185e-05	1.5766048537175043e-05	0.0001810774478028521
relative_depth	trajectory	boolq	sentence	user	24	0.38095238095238093	64	linear_interpolation_block_outputs_only	False	5	10	17706	3270	3270	17706	256	64	0.03033908784921723	0.030603040060561696	0.030491895483813376	0.026572877835095033	0.03492392175383999	0.03541936608628734	0.03558642946477815	0.035605653816752666	0.033550521005502106	0.03753701492519314	0.05306555844764312	0.053161727799800315	0.053187503834642075	0.05078486035356542	0.055388564039470636	0.04310818521856312	0.0431670806588106	0.04317580182267525	0.04112410096920651	0.045421774344359137	-0.005080278237070111	-0.004983389404216451	-0.005086005714572314	-0.009677657671569001	2.806245400852153e-05	single_token_true_false_attribution_diagnostic	control_draw_mean_over_pairs	0.113743529546763	0.09970924946288179	0.02864057482173005	0.28774349159188517	single_token_true_false_attribution_diagnostic	permutation_assignment_mean_over_draws_and_pairs	0.11418233044476986	0.11400912554976753	0.11093488650680454	0.11816101545906292	grouped_logsumexp_attribution	control_draw_mean_over_pairs	0.11580827898053636	0.09734017089738121	0.03169979546361705	0.3146905845994952	grouped_logsumexp_attribution	permutation_assignment_mean_over_draws_and_pairs	0.11666129192887167	0.1165507420505861	0.11311934925440564	0.12019033542822177	single_token_true_false_attribution_diagnostic	control_draw_mean_over_pairs	0.12952512000283534	0.1136186716786246	0.01957185958495858	0.3672203831671551	grouped_logsumexp_attribution	observation_pair_permutation_mean_over_pairs	5.651553370811444e-05	5.249377522553303e-05	1.9885061477411893e-05	0.00010381721777688863
relative_depth	trajectory	boolq	sentence	user	25	0.3968253968253968	64	linear_interpolation_block_outputs_only	False	5	10	17706	3270	3270	17706	256	64	0.053665002825249955	0.05401689532821222	0.05393518915724319	0.048489709361269666	0.05991251137966779	0.05051579093687726	0.05061100428047047	0.05055283915876099	0.047738364139361944	0.05344014402235925	0.04679827943334732	0.04684527487113719	0.04687691541938038	0.045064917042916354	0.04863005857258707	0.06581500284706471	0.06585097643068678	0.06584174451641739	0.06317996279288655	0.06850926077486234	0.003149211888372694	0.0034058910477417436	0.0032786023036426026	-0.002854437887476599	0.010194142740325547	single_token_true_false_attribution_diagnostic	control_draw_mean_over_pairs	0.1132115954051584	0.09576820256175515	0.028314050342214223	0.29863416877367754	single_token_true_false_attribution_diagnostic	permutation_assignment_mean_over_draws_and_pairs	0.1136603225464444	0.11358261165988989	0.10996970387150513	0.1170602722692211	grouped_logsumexp_attribution	control_draw_mean_over_pairs	0.12391620062285236	0.108157752615235	0.02856147108378669	0.30828598017557685	grouped_logsumexp_attribution	permutation_assignment_mean_over_draws_and_pairs	0.12331580878895368	0.12338000196826736	0.1198821405523777	0.1265982828081831	single_token_true_false_attribution_diagnostic	control_draw_mean_over_pairs	0.13378664503725662	0.11242982895057232	0.024093280881800804	0.3714336164819414	grouped_logsumexp_attribution	observation_pair_permutation_mean_over_pairs	5.371490708041209e-05	4.9331975731420464e-05	1.9687477092209116e-05	0.00011171917880302828
relative_depth	trajectory	boolq	sentence	user	26	0.4126984126984127	64	linear_interpolation_block_outputs_only	False	5	10	17706	3270	3270	17706	256	64	0.021755244080336255	0.022081611370540346	0.02214996424011919	0.01839409637798641	0.02589415653975634	0.05434013957264775	0.05440559062834028	0.05433797434520481	0.051815587745865296	0.05704477806049855	0.02207607530724282	0.022140561415705	0.022153364579106986	0.020866107253085246	0.023385623095333312	0.04067178531794324	0.04071691478356806	0.04070252191523973	0.038756844732489214	0.04271175157051882	-0.0325848954923115	-0.03232397925779993	-0.03235205918423034	-0.03707563231279938	-0.027341043172346348	single_token_true_false_attribution_diagnostic	control_draw_mean_over_pairs	0.1041685279773838	0.09036385050591222	0.028687621750732185	0.2910084635036222	single_token_true_false_attribution_diagnostic	permutation_assignment_mean_over_draws_and_pairs	0.10707919112563226	0.10702606477876411	0.10397805005510473	0.11062412545670439	grouped_logsumexp_attribution	control_draw_mean_over_pairs	0.11559539597404006	0.10459002654383445	0.02342319772929412	0.27704421710686095	grouped_logsumexp_attribution	permutation_assignment_mean_over_draws_and_pairs	0.11519884302061441	0.11506411258035303	0.1119718563898508	0.11875825775062615	single_token_true_false_attribution_diagnostic	control_draw_mean_over_pairs	0.12719134410332694	0.10940283719466187	0.02394899899504155	0.36795239789690454	grouped_logsumexp_attribution	observation_pair_permutation_mean_over_pairs	5.36224408888712e-05	4.658571137449885e-05	2.055466945329679e-05	0.00010917824271369317
relative_depth	trajectory	boolq	sentence	user	27	0.42857142857142855	64	linear_interpolation_block_outputs_only	False	5	10	17706	3270	3270	17706	256	64	0.00904825803632988	0.009393781766506652	0.009384302597018716	0.0074215890494813	0.011377999664573887	0.06503460053161719	0.06508302958682535	0.06503254609158235	0.062306368084694926	0.06786984693199129	0.03268364666425926	0.03280010207831228	0.032770609812797384	0.031160362849156256	0.034502304045388815	0.033075009850870515	0.03313157030045407	0.03314295311613979	0.0312614420317135	0.03503196198376181	-0.05598634249528731	-0.0556892478203187	-0.05562129876858429	-0.05912865701556146	-0.05232082517240092	single_token_true_false_attribution_diagnostic	control_draw_mean_over_pairs	0.10243760110958919	0.09128249103323874	0.02089438375399953	0.2523404694609638	single_token_true_false_attribution_diagnostic	permutation_assignment_mean_over_draws_and_pairs	0.10544864273790808	0.10527914710450945	0.1023172222838882	0.10882767703779181	grouped_logsumexp_attribution	control_draw_mean_over_pairs	0.10747149903808909	0.09168629254016965	0.020119053991660467	0.285827011648223	grouped_logsumexp_attribution	permutation_assignment_mean_over_draws_and_pairs	0.10669104744578432	0.10658523970297891	0.10391683139388594	0.10997872151642582	single_token_true_false_attribution_diagnostic	control_draw_mean_over_pairs	0.12128203341326411	0.10123707181814062	0.022810766027121173	0.31041612705116767	grouped_logsumexp_attribution	observation_pair_permutation_mean_over_pairs	5.0419864092089066e-05	4.3813720249034285e-05	1.605172392220374e-05	0.00010337946657354862
relative_depth	trajectory	boolq	sentence	user	28	0.4444444444444444	64	linear_interpolation_block_outputs_only	False	5	10	17706	3270	3270	17706	256	64	0.01224135005041561	0.01259625276272177	0.012602179758495903	0.010226446570918401	0.01531642172870787	0.17543132262437353	0.17547160685737434	0.17548248868787159	0.1701674198401468	0.18074964517765232	0.029723921468014235	0.029800917180201572	0.029789611371110452	0.02824389110490679	0.03132203983563852	0.0313175817524461	0.0313840286487905	0.0313792719261672	0.02947567224078723	0.03339261239805132	-0.16318997257395793	-0.1628753540946526	-0.1628897734102434	-0.16849868347278896	-0.15711706261614605	single_token_true_false_attribution_diagnostic	control_draw_mean_over_pairs	0.09861182321411252	0.08866932714075917	0.022259961990808128	0.24600695457852467	single_token_true_false_attribution_diagnostic	permutation_assignment_mean_over_draws_and_pairs	0.10040152052413354	0.10049074461805674	0.09732550148640118	0.1034824890918447	grouped_logsumexp_attribution	control_draw_mean_over_pairs	0.10729104525907583	0.09031137064944217	0.023546224268806332	0.25713577335059645	grouped_logsumexp_attribution	permutation_assignment_mean_over_draws_and_pairs	0.10554505743466316	0.10543247248763032	0.10237893254149767	0.10863756897683578	single_token_true_false_attribution_diagnostic	control_draw_mean_over_pairs	0.11664781274320912	0.10057958662767634	0.023019565387303015	0.3178070805426296	grouped_logsumexp_attribution	observation_pair_permutation_mean_over_pairs	5.226896163657425e-05	4.141730152054142e-05	1.4634635668397876e-05	0.00011906365161846174
relative_depth	trajectory	boolq	sentence	user	29	0.4603174603174603	64	linear_interpolation_block_outputs_only	False	5	10	17706	3270	3270	17706	256	64	0.008993852407625541	0.009344324851092645	0.009253998683476301	0.00741931275602664	0.011541678210728374	0.13604229741729917	0.13610902600275662	0.13614189613140262	0.13207643282452053	0.14028619335555428	0.037061177265676495	0.037129281588601	0.037144284438740224	0.03505795884440618	0.03921156222730045	0.03290295571306974	0.03298602841240469	0.03300190326675477	0.030973841697230407	0.03512790768725386	-0.12704844500967363	-0.12676470115166397	-0.1267891452566594	-0.13142327185240393	-0.12210643060383329	single_token_true_false_attribution_diagnostic	control_draw_mean_over_pairs	0.10257671154283761	0.08488135088537917	0.023333244010678923	0.2489483341265349	single_token_true_false_attribution_diagnostic	permutation_assignment_mean_over_draws_and_pairs	0.10174248850812546	0.101669479523423	0.0986358421824121	0.10476868969672533	grouped_logsumexp_attribution	control_draw_mean_over_pairs	0.1047835628229629	0.0887540067323376	0.02365585436247928	0.25536881190341276	grouped_logsumexp_attribution	permutation_assignment_mean_over_draws_and_pairs	0.10590295187312836	0.1059439851211516	0.10250091885385905	0.10911565468328895	single_token_true_false_attribution_diagnostic	control_draw_mean_over_pairs	0.11619582158831376	0.0989014817033425	0.019717895718021503	0.31538195121424484	grouped_logsumexp_attribution	observation_pair_permutation_mean_over_pairs	5.3150598714615555e-05	4.626311778543391e-05	1.6085477945021958e-05	0.000149155102531902
relative_depth	trajectory	boolq	sentence	user	30	0.47619047619047616	64	linear_interpolation_block_outputs_only	False	5	10	17706	3270	3270	17706	256	64	0.003993731908209633	0.004306967358380106	0.0042811007902758755	0.0030255761533351925	0.00595350410976536	0.09055604097945684	0.09058808550465687	0.09062127515599519	0.08735727694152634	0.09373511347611917	0.0445542316914294	0.04460593358913383	0.04457373740031022	0.04226572361944926	0.04699676530432382	0.03280575766019274	0.03287484251279284	0.03285929344490901	0.031074534254806357	0.03468413308902823	-0.0865623090712472	-0.08628111814627676	-0.08632807439365614	-0.08954379676419658	-0.08301945141185223	single_token_true_false_attribution_diagnostic	control_draw_mean_over_pairs	0.10467594272014	0.0858850505251822	0.019550759119170986	0.2718177401714498	single_token_true_false_attribution_diagnostic	permutation_assignment_mean_over_draws_and_pairs	0.10205586249192203	0.10206491638041484	0.09855695376986023	0.10535526034293954	grouped_logsumexp_attribution	control_draw_mean_over_pairs	0.10253525121912424	0.08805642821834309	0.0224294089585574	0.24499672193295122	grouped_logsumexp_attribution	permutation_assignment_mean_over_draws_and_pairs	0.10286381391865884	0.10288641077939953	0.0998269317413967	0.10603706596687157	single_token_true_false_attribution_diagnostic	control_draw_mean_over_pairs	0.11201821303877774	0.09771280489022408	0.01984137432768484	0.29899395116628513	grouped_logsumexp_attribution	observation_pair_permutation_mean_over_pairs	5.6603254794837484e-05	4.8837766167937335e-05	1.5945338762064215e-05	0.000149684552787866
relative_depth	trajectory	boolq	sentence	user	31	0.49206349206349204	64	linear_interpolation_block_outputs_only	False	5	10	17706	3270	3270	17706	256	64	0.010787167397654202	0.011062283759616723	0.010981613235227429	0.008694753208043476	0.013983063661250263	0.0879629327288396	0.08794744112596888	0.08798875530800956	0.08468878598398115	0.09100210638263544	0.06598549154868547	0.06599111589789802	0.06598807012296638	0.06320797003486484	0.06852387738481579	0.04314502239713498	0.04316125298346921	0.04321133606594059	0.04105290968456826	0.04536001978075296	-0.07717576533118539	-0.07688515736635217	-0.07686427294954931	-0.08063498940473766	-0.07284479565575668	single_token_true_false_attribution_diagnostic	control_draw_mean_over_pairs	0.10176358712409433	0.0895031743578284	0.01868224433609524	0.26334128653536054	single_token_true_false_attribution_diagnostic	permutation_assignment_mean_over_draws_and_pairs	0.1006697078218895	0.10067951529721124	0.09689792617322697	0.10384011916535656	grouped_logsumexp_attribution	control_draw_mean_over_pairs	0.10231531159179531	0.09032199709688964	0.01890755836092217	0.27031118023736855	grouped_logsumexp_attribution	permutation_assignment_mean_over_draws_and_pairs	0.1017221658014657	0.10173377798775632	0.09892071302496039	0.10481405066054453	single_token_true_false_attribution_diagnostic	control_draw_mean_over_pairs	0.1099652328078139	0.09268797067460692	0.019378596443580115	0.27522165126367	grouped_logsumexp_attribution	observation_pair_permutation_mean_over_pairs	6.238057618371684e-05	5.3850084213769565e-05	1.7084159554597535e-05	0.00013644868842308626
relative_depth	trajectory	boolq	sentence	user	32	0.5079365079365079	64	linear_interpolation_block_outputs_only	False	5	10	17706	3270	3270	17706	256	64	0.016453540083291	0.016697729021339158	0.01660163880991882	0.013599737457148682	0.020109318279794727	0.08456461267888776	0.08459225856320331	0.08454996103815027	0.0821350199840251	0.08699377006347371	0.06797188099544552	0.06796090395345308	0.06792305994350281	0.06563495180936844	0.07040268890065629	0.05702433800997676	0.0570476143684461	0.05704689474893634	0.05478786586315434	0.05933353981561776	-0.06811107259559676	-0.06789452954186416	-0.06793798702020558	-0.0717983119806596	-0.06408491435029921	single_token_true_false_attribution_diagnostic	control_draw_mean_over_pairs	0.10218369171278754	0.0861572917549079	0.021648393781180393	0.25480831836015283	single_token_true_false_attribution_diagnostic	permutation_assignment_mean_over_draws_and_pairs	0.10325476666359765	0.10324460977976484	0.1000127872480741	0.10647325344444637	grouped_logsumexp_attribution	control_draw_mean_over_pairs	0.10323536799397831	0.08440666514800715	0.017008504506475793	0.25984106332452894	grouped_logsumexp_attribution	permutation_assignment_mean_over_draws_and_pairs	0.1014187942181435	0.10146667038190647	0.09821688400752142	0.10458449340762459	single_token_true_false_attribution_diagnostic	control_draw_mean_over_pairs	0.10863863945878285	0.09425859004710058	0.021176131133923224	0.2755468790623526	grouped_logsumexp_attribution	observation_pair_permutation_mean_over_pairs	6.19109360424044e-05	5.717638664312249e-05	2.216299698248918e-05	0.0001301057685508401
relative_depth	trajectory	boolq	sentence	user	33	0.5238095238095237	64	linear_interpolation_block_outputs_only	False	5	10	17706	3270	3270	17706	256	64	0.024669969291919537	0.024875716503246388	0.024802823049628355	0.021180068927504913	0.029025026042065083	0.09466091754379055	0.09472169154232622	0.09471855827033729	0.09191613918799582	0.097473611663099	0.07444141561951634	0.07450114190970417	0.07450824081920694	0.07197262845037572	0.07718148665731583	0.0831140531456756	0.08316179477076038	0.08323564495510521	0.08018050597882123	0.08634578436534442	-0.06999094825187102	-0.06984597503907984	-0.06996636797873172	-0.0742824572895695	-0.06516760466741724	single_token_true_false_attribution_diagnostic	control_draw_mean_over_pairs	0.10108628603545962	0.0903015962576198	0.021980099049927558	0.247889334091815	single_token_true_false_attribution_diagnostic	permutation_assignment_mean_over_draws_and_pairs	0.10416330753156346	0.1040103255446826	0.10119941861444624	0.10779344924712458	grouped_logsumexp_attribution	control_draw_mean_over_pairs	0.10429619418989806	0.08749557449571979	0.020333509351325364	0.2530805358885806	grouped_logsumexp_attribution	permutation_assignment_mean_over_draws_and_pairs	0.10425079292070033	0.1041901561145474	0.10130351403496687	0.10769100751672106	single_token_true_false_attribution_diagnostic	control_draw_mean_over_pairs	0.10797654104722923	0.0978897298130097	0.019431256738588032	0.25482853368583136	grouped_logsumexp_attribution	observation_pair_permutation_mean_over_pairs	6.140191843530283e-05	6.210531965163485e-05	2.157807843702429e-05	0.00010908306957005714
relative_depth	trajectory	boolq	sentence	user	34	0.5396825396825397	64	linear_interpolation_block_outputs_only	False	5	10	17706	3270	3270	17706	256	64	0.04607784258610924	0.04628657315131619	0.046232867289464824	0.041379794941888044	0.0515124483714597	0.09482341115294021	0.09491246708063164	0.09488561993641612	0.09134347660352492	0.09871756881454982	0.10550543729451003	0.10563019236441618	0.10565899723278561	0.1021609009127968	0.10927369049859303	0.09680679877698947	0.09686840002522579	0.09687056460462146	0.09329220112972583	0.10057318093248489	-0.048745568566830974	-0.04862589392931544	-0.04864050604916052	-0.05428229532444845	-0.04271232441653075	single_token_true_false_attribution_diagnostic	control_draw_mean_over_pairs	0.10031292940191512	0.08612267565115975	0.021842450829039812	0.24414846810895766	single_token_true_false_attribution_diagnostic	permutation_assignment_mean_over_draws_and_pairs	0.10296104004272054	0.10310147101888238	0.10021693215554403	0.10584333935133468	grouped_logsumexp_attribution	control_draw_mean_over_pairs	0.10793314304213257	0.09190494232339422	0.01932711964638198	0.26086930862907437	grouped_logsumexp_attribution	permutation_assignment_mean_over_draws_and_pairs	0.10736016830075884	0.10742626474495975	0.10405474418563229	0.11020068247015169	single_token_true_false_attribution_diagnostic	control_draw_mean_over_pairs	0.11098212821070394	0.10148270914016183	0.024134602702107422	0.26714810605797734	grouped_logsumexp_attribution	observation_pair_permutation_mean_over_pairs	6.044795324586878e-05	5.958554266888075e-05	2.2682204453968242e-05	0.00010044104564526647
relative_depth	trajectory	boolq	sentence	user	35	0.5555555555555556	64	linear_interpolation_block_outputs_only	False	5	10	17706	3270	3270	17706	256	64	0.06811046666455922	0.06836618605139279	0.0682695452825969	0.06158274015150319	0.07471159261522502	0.0539328785044121	0.05404953901851505	0.05397673132672082	0.05102796356401911	0.05717946187737273	0.073907321743099	0.07406590183550649	0.0740640976281729	0.07062426632784473	0.07765621015746588	0.06981859701117143	0.06988520842874846	0.06988491592769328	0.06659475871824369	0.07317572506483962	0.014177588160147123	0.014316647032877737	0.01425234636948736	0.007939739088388059	0.02109397938970973	single_token_true_false_attribution_diagnostic	control_draw_mean_over_pairs	0.09839448684731505	0.08270964668462744	0.016291079724358903	0.26040714306860435	single_token_true_false_attribution_diagnostic	permutation_assignment_mean_over_draws_and_pairs	0.09932966251296707	0.09928057604000257	0.09658225606093214	0.10208366635453203	grouped_logsumexp_attribution	control_draw_mean_over_pairs	0.10189052707792234	0.08667715633249552	0.014978999727400707	0.2423647623478698	grouped_logsumexp_attribution	permutation_assignment_mean_over_draws_and_pairs	0.10230683464864108	0.10233180259035517	0.09944294507465277	0.10533095507707016	single_token_true_false_attribution_diagnostic	control_draw_mean_over_pairs	0.10994505965920293	0.09811347760656805	0.01966939459343773	0.2715000991763761	grouped_logsumexp_attribution	observation_pair_permutation_mean_over_pairs	5.5857602392771736e-05	5.0913335086672634e-05	2.1950037676136328e-05	0.00010727366653009193
relative_depth	trajectory	boolq	sentence	user	36	0.5714285714285714	64	linear_interpolation_block_outputs_only	False	5	10	17706	3270	3270	17706	256	64	0.12500025019526495	0.1251953856117742	0.1251626334829417	0.1159902454956166	0.13449088860111238	0.04740402201322435	0.04747174717278833	0.04748514343727768	0.04431000640208528	0.05061827310406136	0.04905663231608699	0.049138830174808995	0.049150784059812394	0.04675078718971031	0.05163935788529144	0.06289669415461432	0.06295730363270238	0.06298698303845193	0.05987436091274719	0.06598596386989487	0.0775962281820406	0.07772363843898587	0.07759918515931173	0.06966970800056445	0.08585643488306018	single_token_true_false_attribution_diagnostic	control_draw_mean_over_pairs	0.09372853403595002	0.07387854258528312	0.016456128490894686	0.29334084327253107	single_token_true_false_attribution_diagnostic	permutation_assignment_mean_over_draws_and_pairs	0.09444932635647091	0.09438031164041788	0.09175704085857576	0.09735399559299782	grouped_logsumexp_attribution	control_draw_mean_over_pairs	0.09350771537725894	0.07888983053002827	0.021740160111628364	0.260877047977568	grouped_logsumexp_attribution	permutation_assignment_mean_over_draws_and_pairs	0.09358673911096342	0.09349308703966194	0.09089649769151412	0.09680566919030742	single_token_true_false_attribution_diagnostic	control_draw_mean_over_pairs	0.10535855112059739	0.08990587509718331	0.014290512146554926	0.27991453496244345	grouped_logsumexp_attribution	observation_pair_permutation_mean_over_pairs	5.326209333988902e-05	4.983529507623673e-05	1.8111517812186866e-05	0.00011060797876582996
relative_depth	trajectory	boolq	sentence	user	37	0.5873015873015872	64	linear_interpolation_block_outputs_only	False	5	10	17706	3270	3270	17706	256	64	0.18855469536176264	0.18866050802267204	0.1886813430403425	0.17716905755433446	0.20003906218172612	0.09051979920285219	0.09057162655429127	0.09044474619307682	0.08469644568564058	0.09657463973304342	0.0667973363806249	0.06686149169744451	0.06682818004466812	0.06268773084170508	0.07120427188331305	0.09589483598391114	0.09593923771982202	0.09585123911387859	0.09025773415357045	0.10136838850480502	0.09803489615891045	0.0980888814683808	0.09799571342750457	0.08883675761592026	0.10695936152130608	single_token_true_false_attribution_diagnostic	control_draw_mean_over_pairs	0.08658044308581236	0.07206095710747895	0.01349763049623544	0.2527649248781101	single_token_true_false_attribution_diagnostic	permutation_assignment_mean_over_draws_and_pairs	0.08546744134363377	0.08549404650824272	0.08278315836622531	0.08820867017630452	grouped_logsumexp_attribution	control_draw_mean_over_pairs	0.08315181346500655	0.06871098809337242	0.01090696643969426	0.22616299231220383	grouped_logsumexp_attribution	permutation_assignment_mean_over_draws_and_pairs	0.08420745131342933	0.08406588118355605	0.08140793643595885	0.08714413940187435	single_token_true_false_attribution_diagnostic	control_draw_mean_over_pairs	0.09375840877681807	0.08028892219771117	0.015859478962316053	0.24674714007682724	grouped_logsumexp_attribution	observation_pair_permutation_mean_over_pairs	5.989940097717108e-05	5.238213583225017e-05	1.880308163556383e-05	0.0001320872851500208
relative_depth	trajectory	boolq	sentence	user	38	0.6031746031746031	64	linear_interpolation_block_outputs_only	False	5	10	17706	3270	3270	17706	256	64	0.20441108699002788	0.20447542127773727	0.2045964188102766	0.192767720886454	0.21589662558941053	0.124959675498901	0.12501446240364522	0.12485069654340064	0.11774297826288078	0.13256735680395604	0.09677911032400957	0.09682511593002228	0.09669156685223096	0.09051973058202824	0.10309144970396471	0.1222820937797698	0.12232707939056468	0.12223432937339959	0.11524283892121782	0.12944111716758394	0.07945141149112689	0.07946095887409206	0.07935342115500409	0.0700831759178908	0.08899511581495805	single_token_true_false_attribution_diagnostic	control_draw_mean_over_pairs	0.07847541167408917	0.06604277981145962	0.013866878289728638	0.21832198248500084	single_token_true_false_attribution_diagnostic	permutation_assignment_mean_over_draws_and_pairs	0.07807060887781105	0.0780787723964228	0.07554214445400133	0.08042427424303529	grouped_logsumexp_attribution	control_draw_mean_over_pairs	0.07655032307756904	0.06658355884711326	0.012942190740831286	0.22117511028687625	grouped_logsumexp_attribution	permutation_assignment_mean_over_draws_and_pairs	0.0779662835086375	0.07794908264516609	0.07565742767903826	0.080482842107879	single_token_true_false_attribution_diagnostic	control_draw_mean_over_pairs	0.08747461969670793	0.07147390438873144	0.013695660610755927	0.2329150049447687	grouped_logsumexp_attribution	observation_pair_permutation_mean_over_pairs	5.886539540186761e-05	4.960218863893111e-05	1.3333252946239642e-05	0.00014275654153785258
relative_depth	trajectory	boolq	sentence	user	39	0.6190476190476191	64	linear_interpolation_block_outputs_only	False	5	10	17706	3270	3270	17706	256	64	0.21797619816205122	0.21792912928979105	0.217947079077572	0.20522836686879029	0.23038273949447227	0.12698405808876156	0.12698737528393655	0.12698624321407992	0.11939523435446345	0.13429719232243725	0.12266225718843807	0.12266695951440895	0.12270233765930588	0.11475113934381549	0.12997017001025712	0.14326465182932155	0.14326705367355624	0.14328708589997963	0.13475411816765445	0.15129444573270803	0.09099214007328965	0.09094175400585451	0.09103653540385676	0.08197803629816719	0.1000211251636907	single_token_true_false_attribution_diagnostic	control_draw_mean_over_pairs	0.0734579428625694	0.05985097374668794	0.011891219017997367	0.2010534875187052	single_token_true_false_attribution_diagnostic	permutation_assignment_mean_over_draws_and_pairs	0.07301570048205305	0.07305409102117413	0.070490389331504	0.07551605625386126	grouped_logsumexp_attribution	control_draw_mean_over_pairs	0.07301902703316865	0.06392671822894108	0.010272341964742563	0.2065118237916413	grouped_logsumexp_attribution	permutation_assignment_mean_over_draws_and_pairs	0.0729518075599427	0.0729255080892791	0.07084236907767413	0.07551328420321948	single_token_true_false_attribution_diagnostic	control_draw_mean_over_pairs	0.08353158317868822	0.06461700926348694	0.013500667304959987	0.23800016134783167	grouped_logsumexp_attribution	observation_pair_permutation_mean_over_pairs	5.482205590210166e-05	4.6833453171164375e-05	1.8699852843959365e-05	0.00014255607031267605
relative_depth	trajectory	boolq	sentence	user	40	0.6349206349206349	64	linear_interpolation_block_outputs_only	False	5	10	17706	3270	3270	17706	256	64	0.2667907136809963	0.26664947061480054	0.26657270574609776	0.2539829158204799	0.28014436512801344	0.15620958355686773	0.1562284820697872	0.15627082675177628	0.14857125687184616	0.16413528820999654	0.15647712898574204	0.15648796238463114	0.15662965255484268	0.14760418674854334	0.16481536688663967	0.1745400210012647	0.1745451304781206	0.17473878761687017	0.16560194931891042	0.18298831174888439	0.1105811301241286	0.11042098854501328	0.11040264429262892	0.1010090485078547	0.12032422574922044	single_token_true_false_attribution_diagnostic	control_draw_mean_over_pairs	0.07260525336797319	0.061987503669051564	0.011870703498978424	0.18958804649529087	single_token_true_false_attribution_diagnostic	permutation_assignment_mean_over_draws_and_pairs	0.07076245122606922	0.07067009735445254	0.06844892564543886	0.07327424625373145	grouped_logsumexp_attribution	control_draw_mean_over_pairs	0.07211783179248682	0.060622853972132656	0.010850041579553356	0.19210138533755755	grouped_logsumexp_attribution	permutation_assignment_mean_over_draws_and_pairs	0.07114129516466308	0.07113790616648229	0.06894194608761099	0.07373142884981322	single_token_true_false_attribution_diagnostic	control_draw_mean_over_pairs	0.07914794256229907	0.06068209802331348	0.013675013657704509	0.23839690756819887	grouped_logsumexp_attribution	observation_pair_permutation_mean_over_pairs	5.541045677435085e-05	4.699347989194273e-05	1.0527637305604058e-05	0.00015423631242169497
relative_depth	trajectory	boolq	sentence	user	41	0.6507936507936507	64	linear_interpolation_block_outputs_only	False	5	10	17706	3270	3270	17706	256	64	0.3120184860776203	0.31183526979889553	0.31155703278597735	0.2994096934595265	0.32549171339820504	0.19643073793888224	0.19648029395071762	0.19654877782188246	0.18784202503130112	0.2050418968399944	0.18236060253295208	0.18244445423199054	0.18259401234064432	0.17418441436310944	0.19066838072369657	0.18972471085525963	0.18980557140294219	0.1899784014490118	0.1812637599934778	0.19813081743298655	0.11558774813873804	0.11535497584817792	0.11528859376773463	0.10582840185655147	0.1252860947043904	single_token_true_false_attribution_diagnostic	control_draw_mean_over_pairs	0.06905542829457281	0.06121062289928939	0.0115814379713829	0.1747139198300594	single_token_true_false_attribution_diagnostic	permutation_assignment_mean_over_draws_and_pairs	0.06709575678479793	0.06698356863201088	0.06495339750977276	0.0694908614743113	grouped_logsumexp_attribution	control_draw_mean_over_pairs	0.07031222075781302	0.05913789299258746	0.011381107168070899	0.19255125337404105	grouped_logsumexp_attribution	permutation_assignment_mean_over_draws_and_pairs	0.06759344619006737	0.06752677000014023	0.06578685332188852	0.07006436193370147	single_token_true_false_attribution_diagnostic	control_draw_mean_over_pairs	0.07308963412000753	0.06007089930683406	0.013236160840506982	0.20183928524479	grouped_logsumexp_attribution	observation_pair_permutation_mean_over_pairs	5.7866554903697405e-05	4.634496818975179e-05	1.1513730499753017e-05	0.00017541986148926044
relative_depth	trajectory	boolq	sentence	user	42	0.6666666666666666	64	linear_interpolation_block_outputs_only	False	5	10	17706	3270	3270	17706	256	64	0.40241526886936557	0.40237808941086906	0.4020312717168486	0.38909699640302015	0.4158787663730738	0.2523231169045911	0.25245239052293683	0.2523671751839127	0.242396024764802	0.26245787112737956	0.23262171859391248	0.23274103350567538	0.2329546646649877	0.22309082359024837	0.24186369712053557	0.2431477448921319	0.24327685765046092	0.24326206764335295	0.23310359305208705	0.2529662079767807	0.1500921519647745	0.1499256988879323	0.1498050238375607	0.14042340262898534	0.15993107461380157	single_token_true_false_attribution_diagnostic	control_draw_mean_over_pairs	0.0663041668338909	0.05218270397899888	0.012478877500916051	0.1786557895041533	single_token_true_false_attribution_diagnostic	permutation_assignment_mean_over_draws_and_pairs	0.060704554360238215	0.06060609674434516	0.05862006075310904	0.06264201670497824	grouped_logsumexp_attribution	control_draw_mean_over_pairs	0.06627178764703812	0.05283914297823279	0.01431395019623007	0.19060701404934105	grouped_logsumexp_attribution	permutation_assignment_mean_over_draws_and_pairs	0.06256606502471292	0.06260706021964779	0.06045238472625081	0.06476517500424757	single_token_true_false_attribution_diagnostic	control_draw_mean_over_pairs	0.06965146455913765	0.06101832357983697	0.014655636479194972	0.1898535431691305	grouped_logsumexp_attribution	observation_pair_permutation_mean_over_pairs	5.72251073177929e-05	4.6243107880887286e-05	1.186327881799713e-05	0.00015438340452349748
relative_depth	trajectory	boolq	sentence	user	43	0.6825396825396826	64	linear_interpolation_block_outputs_only	False	5	10	17706	3270	3270	17706	256	64	0.4208410295898221	0.4208775495957284	0.42073392998949566	0.40732272431875516	0.4337503953041373	0.2541097511923245	0.254310933289246	0.2542067325297561	0.24422747722061325	0.2642746089898424	0.24738883580019033	0.2475743893719842	0.24749969830874866	0.2373760496225121	0.2574497177254185	0.258290801361711	0.25849350280639066	0.25844320746615945	0.24833746301104742	0.2687964428998518	0.16673127839749763	0.16656661630648242	0.16658485726149216	0.15690576412642943	0.17648539539699726	single_token_true_false_attribution_diagnostic	control_draw_mean_over_pairs	0.06517790266459383	0.051170839092688145	0.01199891953860368	0.18125149086329734	single_token_true_false_attribution_diagnostic	permutation_assignment_mean_over_draws_and_pairs	0.057730669721657676	0.05772083523651507	0.05578928036411239	0.05988550490048898	grouped_logsumexp_attribution	control_draw_mean_over_pairs	0.06544985708335464	0.05336148524487561	0.014182399827149706	0.21144475056176806	grouped_logsumexp_attribution	permutation_assignment_mean_over_draws_and_pairs	0.060166138615852634	0.06017621693450363	0.058072732948149325	0.06258681044074539	single_token_true_false_attribution_diagnostic	control_draw_mean_over_pairs	0.06417917872343211	0.054485297402447605	0.010508121323310303	0.17735247410537613	grouped_logsumexp_attribution	observation_pair_permutation_mean_over_pairs	5.6341213352081914e-05	4.470048686496838e-05	1.2924381017162803e-05	0.00014279539495247402
relative_depth	trajectory	boolq	sentence	user	44	0.6984126984126984	64	linear_interpolation_block_outputs_only	False	5	10	17706	3270	3270	17706	256	64	0.42975466702593124	0.42988140491285387	0.429737694218684	0.41619282835538457	0.4432182914072487	0.254369186501521	0.2546192613407585	0.254595163052001	0.24487703938556196	0.26479135103676466	0.24321033647379914	0.24343563851445577	0.2435119103619769	0.23329232772834282	0.25362691932163695	0.25277538165208446	0.2530209322127844	0.25302813496452115	0.24300123974506696	0.26316293392140905	0.17538548052441022	0.1752621435720954	0.17535481927906799	0.16530202464307134	0.1849950387708216	single_token_true_false_attribution_diagnostic	control_draw_mean_over_pairs	0.06216427231696754	0.05285726314235361	0.01281430157019855	0.1762151501374636	single_token_true_false_attribution_diagnostic	permutation_assignment_mean_over_draws_and_pairs	0.05580358923760388	0.05578328565839938	0.05395071100862952	0.05776194132650347	grouped_logsumexp_attribution	control_draw_mean_over_pairs	0.06191513057421108	0.04824681891502379	0.013144397970256246	0.15376205868883303	grouped_logsumexp_attribution	permutation_assignment_mean_over_draws_and_pairs	0.057488732853277894	0.05755115615741371	0.0553202757372859	0.0595393735917699	single_token_true_false_attribution_diagnostic	control_draw_mean_over_pairs	0.060588763599414557	0.05117908063779063	0.011634863828384091	0.16623717259721763	grouped_logsumexp_attribution	observation_pair_permutation_mean_over_pairs	5.6294509742981136e-05	4.4306794204391006e-05	1.5371708641842498e-05	0.00013081706379604845
relative_depth	trajectory	boolq	sentence	user	45	0.7142857142857142	64	linear_interpolation_block_outputs_only	False	5	10	17706	3270	3270	17706	256	64	0.4368941472705482	0.4370915530379473	0.4367991689055488	0.4235228460711313	0.4512525274145638	0.2703485356899938	0.2706593246245959	0.2706813577137432	0.26063461470675253	0.280953981278934	0.24642638055753646	0.24668711259346804	0.24669852949410995	0.2367605206148127	0.25696533246365494	0.25743995523794827	0.2577250289335302	0.25775156421706197	0.24758253794374682	0.2682710737948423	0.16654561158055442	0.16643222841335142	0.16637578987038706	0.15655023911338128	0.17623565511450026	single_token_true_false_attribution_diagnostic	control_draw_mean_over_pairs	0.06115692061876775	0.05382005125774788	0.012080370043665101	0.1663243393406399	single_token_true_false_attribution_diagnostic	permutation_assignment_mean_over_draws_and_pairs	0.05606162581523294	0.056049650023985376	0.05398371497095503	0.05800585130884776	grouped_logsumexp_attribution	control_draw_mean_over_pairs	0.05949938617670818	0.0477834188580768	0.012221210651588054	0.15408903773645213	grouped_logsumexp_attribution	permutation_assignment_mean_over_draws_and_pairs	0.05521651862928639	0.05520117155944476	0.0530922860979468	0.057173826549949326	single_token_true_false_attribution_diagnostic	control_draw_mean_over_pairs	0.05928317133587387	0.04744873492259151	0.01077982488510731	0.16378748700584944	grouped_logsumexp_attribution	observation_pair_permutation_mean_over_pairs	5.565067418677387e-05	4.034636977776801e-05	1.5089974010774556e-05	0.00012525828521976225
relative_depth	trajectory	boolq	sentence	user	46	0.7301587301587301	64	linear_interpolation_block_outputs_only	False	5	10	17706	3270	3270	17706	256	64	0.4502833663213483	0.45051813261174767	0.4502894394570932	0.4369967548833695	0.46465460598655206	0.30730671694235295	0.3076382928764515	0.30767955562694593	0.2971760587990664	0.3184407286071321	0.2932863264041194	0.2935999403615802	0.2935861790548444	0.2831307346332694	0.3046077992333488	0.3047227818424455	0.3050534695458283	0.3050152506533255	0.2941779687976058	0.31593365218998826	0.14297664937899535	0.14287983973529617	0.1429392652621025	0.13300107865876704	0.15243356627927498	single_token_true_false_attribution_diagnostic	control_draw_mean_over_pairs	0.061019967990710036	0.05232463755545751	0.0161177852577778	0.17919021807230578	single_token_true_false_attribution_diagnostic	permutation_assignment_mean_over_draws_and_pairs	0.0548424486536528	0.05483335740734489	0.05287715527058893	0.05707727282555786	grouped_logsumexp_attribution	control_draw_mean_over_pairs	0.05961464417600958	0.0490553020086368	0.008010557446316435	0.16240176150211938	grouped_logsumexp_attribution	permutation_assignment_mean_over_draws_and_pairs	0.05401325066130026	0.05402392191972003	0.052162161572183764	0.05593034515545718	single_token_true_false_attribution_diagnostic	control_draw_mean_over_pairs	0.05825833630509268	0.050298075667279216	0.012051286784159917	0.1464120951497895	grouped_logsumexp_attribution	observation_pair_permutation_mean_over_pairs	5.528905756779326e-05	3.87299490961081e-05	1.55243539519761e-05	0.00014660454756342995
relative_depth	trajectory	boolq	sentence	user	47	0.746031746031746	64	linear_interpolation_block_outputs_only	False	5	10	17706	3270	3270	17706	256	64	0.4468133107387409	0.4470701310985244	0.44688977171078265	0.43319876395635887	0.4613991178454497	0.3035055817983988	0.30383899218459953	0.30382401508424656	0.29338491462334415	0.3150805555927631	0.29450739547375554	0.2948258164035003	0.2948367196012403	0.28447695923696525	0.30575406301846925	0.3050525077108901	0.30538952559217064	0.30546366401501257	0.294575605564829	0.3164622111128015	0.1433077289403421	0.1432311389139249	0.14327471125974664	0.13359097375622378	0.1528698931577987	single_token_true_false_attribution_diagnostic	control_draw_mean_over_pairs	0.05967158082196643	0.04985026710078007	0.013529385305542917	0.1757975096117733	single_token_true_false_attribution_diagnostic	permutation_assignment_mean_over_draws_and_pairs	0.05377343959196476	0.05372874511209436	0.05173345932834902	0.056119427996115495	grouped_logsumexp_attribution	control_draw_mean_over_pairs	0.0587907714140487	0.048360130942908225	0.010560598183552008	0.17133675708964943	grouped_logsumexp_attribution	permutation_assignment_mean_over_draws_and_pairs	0.05354371951082096	0.05348977416183144	0.051699869516358174	0.05570723456114194	single_token_true_false_attribution_diagnostic	control_draw_mean_over_pairs	0.05625959833158229	0.04662785976416492	0.011716002536192097	0.15243642493398707	grouped_logsumexp_attribution	observation_pair_permutation_mean_over_pairs	5.5688935416400066e-05	4.086083118167702e-05	1.3198703767893678e-05	0.0001578451867777454
relative_depth	trajectory	boolq	sentence	user	48	0.7619047619047619	64	linear_interpolation_block_outputs_only	False	5	10	17706	3270	3270	17706	256	64	0.44739613432462366	0.4476454169563931	0.44739479898828827	0.433487556917552	0.4618649693948794	0.3001385356973759	0.3004981529519464	0.3004902149831344	0.28994477522468987	0.31202856360110093	0.2930804023435965	0.2934228560670028	0.29339404515579726	0.28331109124165554	0.3044451185391123	0.30063575880424	0.30099720304209027	0.3010369350719947	0.2904062409855383	0.31238852851374166	0.14725759862724774	0.14714726400444675	0.14700123135639417	0.1378360836109022	0.15670869019245204	single_token_true_false_attribution_diagnostic	control_draw_mean_over_pairs	0.05902243411570837	0.04870303436792418	0.014049458860319436	0.17024965127369163	single_token_true_false_attribution_diagnostic	permutation_assignment_mean_over_draws_and_pairs	0.053245234914640005	0.053139774655491225	0.05123548328082686	0.055480058293909534	grouped_logsumexp_attribution	control_draw_mean_over_pairs	0.06036888282847604	0.050423033462843575	0.01208311140164722	0.16777180104579295	grouped_logsumexp_attribution	permutation_assignment_mean_over_draws_and_pairs	0.053819742116944465	0.05373952830438508	0.051751164297887134	0.05611533128417051	single_token_true_false_attribution_diagnostic	control_draw_mean_over_pairs	0.05680272369113018	0.04802982540250227	0.0137556398149718	0.1401379605453198	grouped_logsumexp_attribution	observation_pair_permutation_mean_over_pairs	5.646756253786164e-05	4.549915202618288e-05	1.2044682423871491e-05	0.00017350244194840967
relative_depth	trajectory	boolq	sentence	user	49	0.7777777777777777	64	linear_interpolation_block_outputs_only	False	5	10	17706	3270	3270	17706	256	64	0.44979933829666374	0.4500383834355655	0.44978122042710933	0.4359134821941995	0.4640955680805937	0.30181960323771995	0.30219701959542566	0.3022045883988951	0.29145719144026055	0.31383781378918446	0.2962725898599309	0.2966317296086045	0.29663672001202046	0.28618480997513696	0.30814772702046883	0.30098699608732515	0.30136219777901213	0.30137217995297894	0.29058594147290545	0.3131082861795444	0.1479797350589438	0.14784136384013974	0.14770432582602866	0.13854666261841164	0.15735965484278944	single_token_true_false_attribution_diagnostic	control_draw_mean_over_pairs	0.058094755660419925	0.04900453983237482	0.012329649813923205	0.1702573939576506	single_token_true_false_attribution_diagnostic	permutation_assignment_mean_over_draws_and_pairs	0.05199910768620219	0.05207406613223635	0.04994609313687966	0.05430044210974677	grouped_logsumexp_attribution	control_draw_mean_over_pairs	0.059962122926576225	0.04902321876724756	0.009629560105606363	0.1583513900340312	grouped_logsumexp_attribution	permutation_assignment_mean_over_draws_and_pairs	0.052708320534103986	0.05263561575293545	0.05056171456159789	0.054834344135811744	single_token_true_false_attribution_diagnostic	control_draw_mean_over_pairs	0.05542286978566717	0.045868793216423315	0.011882736562539872	0.13299685017309887	grouped_logsumexp_attribution	observation_pair_permutation_mean_over_pairs	5.702320312630176e-05	4.575885223353181e-05	1.1643061877284726e-05	0.0001790408778622214
relative_depth	trajectory	boolq	sentence	user	50	0.7936507936507936	64	linear_interpolation_block_outputs_only	False	5	10	17706	3270	3270	17706	256	64	0.4575205714726597	0.4577300139365992	0.4573711435716241	0.44330839862654897	0.47177203616110214	0.30817652434473414	0.3085677088461969	0.30854379961178235	0.2977581233897277	0.3205411007947455	0.305845520860466	0.30622535942527374	0.306219954546306	0.29566405941766993	0.31803157795772574	0.3061247660677574	0.30651739913366155	0.30645883607097635	0.2960894523348125	0.31844067819165056	0.14934404712792554	0.1491623050904023	0.14894246957989904	0.13962630058509415	0.15839697698516206	single_token_true_false_attribution_diagnostic	control_draw_mean_over_pairs	0.05813682445224051	0.04999617476383861	0.011306669395759082	0.1578778164958225	single_token_true_false_attribution_diagnostic	permutation_assignment_mean_over_draws_and_pairs	0.05103803520963456	0.05101021095694673	0.04898240446946046	0.053244637797877394	grouped_logsumexp_attribution	control_draw_mean_over_pairs	0.0594550102675564	0.048516384481434194	0.010494894752069588	0.16615064448720007	grouped_logsumexp_attribution	permutation_assignment_mean_over_draws_and_pairs	0.05127568174259541	0.05121996723877815	0.04931548096608991	0.05335514299035567	single_token_true_false_attribution_diagnostic	control_draw_mean_over_pairs	0.05357925189148427	0.046255304732514366	0.012875603155400567	0.13308095723771113	grouped_logsumexp_attribution	observation_pair_permutation_mean_over_pairs	5.9000529120977824e-05	4.6198838887250606e-05	9.784058189031013e-06	0.00017829027875167826
relative_depth	trajectory	boolq	sentence	user	51	0.8095238095238095	64	linear_interpolation_block_outputs_only	False	5	10	17706	3270	3270	17706	256	64	0.46034260414833605	0.4605530846394154	0.46030444708850593	0.4458287819715314	0.474657108624549	0.3004655338432457	0.30087580930291163	0.3007783783246407	0.29031757820791154	0.31266563668684916	0.3011361041571877	0.3015416915542935	0.30148240156909845	0.2909605045549238	0.3132099388060408	0.2993204659795313	0.2997335617741448	0.29953763922774823	0.28916786702834935	0.311528893021764	0.15987707030509035	0.15967727533650378	0.15947037335250097	0.1502355876570984	0.16925120360873866	single_token_true_false_attribution_diagnostic	control_draw_mean_over_pairs	0.05698738931296799	0.04666758296111543	0.009030807335389234	0.15960620119444247	single_token_true_false_attribution_diagnostic	permutation_assignment_mean_over_draws_and_pairs	0.05037081803224287	0.05034509222843227	0.0484992611700956	0.052410375003675	grouped_logsumexp_attribution	control_draw_mean_over_pairs	0.05781305373849897	0.04768833546871733	0.010677207595876006	0.1629087167781342	grouped_logsumexp_attribution	permutation_assignment_mean_over_draws_and_pairs	0.050569329829313586	0.05052919538701377	0.048831885523518956	0.05246556672250564	single_token_true_false_attribution_diagnostic	control_draw_mean_over_pairs	0.05411333516441619	0.048255380691387066	0.012127445803281596	0.1346969232917148	grouped_logsumexp_attribution	observation_pair_permutation_mean_over_pairs	6.111530731324332e-05	4.52118301400313e-05	9.299804740867352e-06	0.00017394542121026147
relative_depth	trajectory	boolq	sentence	user	52	0.8253968253968254	64	linear_interpolation_block_outputs_only	False	5	10	17706	3270	3270	17706	256	64	0.4656553026131675	0.4658560141011085	0.4655661745820876	0.4510014536751317	0.4800137907869957	0.30387441268763526	0.3043034119925929	0.30420196268528743	0.2934842870749186	0.3162923245686225	0.30482987565752856	0.3052597455886194	0.3053811554240584	0.29439616559599757	0.3172073644691918	0.3047825559115232	0.30521486309285467	0.3051876796356267	0.29444394901695314	0.31718419916609714	0.16178088992553225	0.16155260210851544	0.16139085640470838	0.15204912501487697	0.1711966410379974	single_token_true_false_attribution_diagnostic	control_draw_mean_over_pairs	0.056361457309732674	0.04632819200526177	0.012740506126050245	0.16389102083970053	single_token_true_false_attribution_diagnostic	permutation_assignment_mean_over_draws_and_pairs	0.050136815459730096	0.05010656687427373	0.04818702583436642	0.05222140010574824	grouped_logsumexp_attribution	control_draw_mean_over_pairs	0.056883373824158784	0.04599490025982916	0.010086760683070468	0.15469559756062973	grouped_logsumexp_attribution	permutation_assignment_mean_over_draws_and_pairs	0.05021140455222446	0.05024997826240886	0.048323674151319905	0.0519852495576196	single_token_true_false_attribution_diagnostic	control_draw_mean_over_pairs	0.05511941192039124	0.04879139245552073	0.012470609324291533	0.1330672995358951	grouped_logsumexp_attribution	observation_pair_permutation_mean_over_pairs	6.113544126100327e-05	4.5820460108284594e-05	9.814988755737084e-06	0.00017078824146132354
relative_depth	trajectory	boolq	sentence	user	53	0.8412698412698412	64	linear_interpolation_block_outputs_only	False	5	10	17706	3270	3270	17706	256	64	0.47075383968996987	0.47095720369377875	0.47072525104100493	0.4561977846644325	0.48516741604086644	0.30749266378969475	0.3079194761444058	0.30789760193967414	0.2969388718289519	0.3196226714858574	0.30888570139360655	0.3093176981634913	0.3094228906824745	0.2984483254338252	0.3210988972183104	0.3092048077510454	0.3096359927852284	0.30967259787679396	0.29877450299644354	0.3215646197770813	0.1632611759002751	0.16303772754937296	0.16287395113743944	0.1531698441491666	0.17298074330453808	single_token_true_false_attribution_diagnostic	control_draw_mean_over_pairs	0.05772786194701301	0.04716697506224953	0.012392990430126377	0.1684044737812608	single_token_true_false_attribution_diagnostic	permutation_assignment_mean_over_draws_and_pairs	0.050618081980165056	0.05063414795417233	0.048453057457237124	0.052863503917925186	grouped_logsumexp_attribution	control_draw_mean_over_pairs	0.057141094705564235	0.04521005148770564	0.009618488490742847	0.16470262518276463	grouped_logsumexp_attribution	permutation_assignment_mean_over_draws_and_pairs	0.05037609225025937	0.050387549919568814	0.048190605360954916	0.05211273092757297	single_token_true_false_attribution_diagnostic	control_draw_mean_over_pairs	0.05517879127553442	0.04657527762380893	0.014724948378142755	0.13656358629541035	grouped_logsumexp_attribution	observation_pair_permutation_mean_over_pairs	6.091078133574918e-05	4.581402835792866e-05	1.0446479657493948e-05	0.00017310322738455219
relative_depth	trajectory	boolq	sentence	user	54	0.8571428571428571	64	linear_interpolation_block_outputs_only	False	5	10	17706	3270	3270	17706	256	64	0.47238129219413205	0.47259857364859625	0.4723383352526719	0.45806683030420015	0.4866987962800896	0.31130566721423214	0.3117221118379409	0.3117471320476465	0.3007328544898421	0.3234625501319468	0.31287890147897657	0.31330521926118743	0.3133849327170679	0.30240088590353037	0.3252240738138208	0.313169825453699	0.3135921096120352	0.3136559951837844	0.30261320916825984	0.32555136124548917	0.1610756249798999	0.16087646181065526	0.1608281194234159	0.1510078623755221	0.17073235001466724	single_token_true_false_attribution_diagnostic	control_draw_mean_over_pairs	0.058545746137562624	0.04922454987547158	0.012529416123214707	0.16598670829741782	single_token_true_false_attribution_diagnostic	permutation_assignment_mean_over_draws_and_pairs	0.050879578592654004	0.05090129729439036	0.04888524380563428	0.05292482027545375	grouped_logsumexp_attribution	control_draw_mean_over_pairs	0.05554189179898828	0.04401191481108431	0.010944653044228538	0.1609029356792041	grouped_logsumexp_attribution	permutation_assignment_mean_over_draws_and_pairs	0.04920061791912056	0.049216242743258184	0.04702061318055217	0.051191000215216206	single_token_true_false_attribution_diagnostic	control_draw_mean_over_pairs	0.0546999327983407	0.04771354965673042	0.013127025254791572	0.1368271324454969	grouped_logsumexp_attribution	observation_pair_permutation_mean_over_pairs	6.054971207991969e-05	4.525297402544478e-05	1.0565682897341361e-05	0.00017613576440662367
relative_depth	trajectory	boolq	sentence	user	55	0.873015873015873	64	linear_interpolation_block_outputs_only	False	5	10	17706	3270	3270	17706	256	64	0.4756827446872117	0.475903382033176	0.47555813463484686	0.4619005574844291	0.49044449061966305	0.31953077532172697	0.3199407955977006	0.3200315963754447	0.30884190765282665	0.33167328077156516	0.3207654723763243	0.3211889456233827	0.3212156331461572	0.3100870739430827	0.33305488876749756	0.32125813355655874	0.3216749390834717	0.3217218115089888	0.31074325324560004	0.3336123390322325	0.15615196936548476	0.1559625864354753	0.15583358180414253	0.14603154069347998	0.16561271691662668	single_token_true_false_attribution_diagnostic	control_draw_mean_over_pairs	0.059326738944395815	0.049018443227574954	0.01114550113699466	0.16568172691956326	single_token_true_false_attribution_diagnostic	permutation_assignment_mean_over_draws_and_pairs	0.05099527559303155	0.050987749074209304	0.04896769538978279	0.05311368133885928	grouped_logsumexp_attribution	control_draw_mean_over_pairs	0.05507314001061567	0.045475520778276574	0.009245446974547456	0.16677846200808671	grouped_logsumexp_attribution	permutation_assignment_mean_over_draws_and_pairs	0.04889073138266097	0.04888663484020442	0.04690179002216172	0.05076996919677276	single_token_true_false_attribution_diagnostic	control_draw_mean_over_pairs	0.05499151758769204	0.046286336886114415	0.011892318429877303	0.1431526274759158	grouped_logsumexp_attribution	observation_pair_permutation_mean_over_pairs	5.964186986289175e-05	4.309228799579052e-05	9.862932155729145e-06	0.00016360443128591304
relative_depth	trajectory	boolq	sentence	user	56	0.8888888888888888	64	linear_interpolation_block_outputs_only	False	5	10	17706	3270	3270	17706	256	64	0.4820462879610859	0.482240281444524	0.4819039568209031	0.4678889336612274	0.49692890154812985	0.3305394889416714	0.3309361687395946	0.3309433806432273	0.31960190699018404	0.3425111799134675	0.33118650646131975	0.3315947718731888	0.33153450676302576	0.3205397969515571	0.34334434899190014	0.33097837983913087	0.3313810506963472	0.3313896968719303	0.320290405355608	0.34313582561663974	0.1515067990194145	0.15130411270492947	0.15108532935137356	0.14134560945650027	0.16107291753290406	single_token_true_false_attribution_diagnostic	control_draw_mean_over_pairs	0.058835908391161915	0.047821931234346304	0.011834008326696347	0.15957083238799324	single_token_true_false_attribution_diagnostic	permutation_assignment_mean_over_draws_and_pairs	0.05058341927220217	0.050653025928386275	0.04851854159781109	0.05278373055864136	grouped_logsumexp_attribution	control_draw_mean_over_pairs	0.05557565031423277	0.04535919085650867	0.01018948352296781	0.160944003281966	grouped_logsumexp_attribution	permutation_assignment_mean_over_draws_and_pairs	0.04958574767416588	0.049483126285608595	0.047626782602357025	0.05163780203979291	single_token_true_false_attribution_diagnostic	control_draw_mean_over_pairs	0.054131102262699	0.046834587949326975	0.013795052124075906	0.1417028989657462	grouped_logsumexp_attribution	observation_pair_permutation_mean_over_pairs	5.9487391478647454e-05	4.256802475323976e-05	1.0106717858390852e-05	0.000164958628812363
relative_depth	trajectory	boolq	sentence	user	57	0.9047619047619047	64	linear_interpolation_block_outputs_only	False	5	10	17706	3270	3270	17706	256	64	0.4863902179312259	0.48656524833737547	0.48630079856215686	0.47226173620910855	0.5012039062858651	0.34078090125468197	0.34116760717109956	0.3411686700526544	0.3298485558354145	0.35291003650688263	0.3405979725510824	0.34099129570152525	0.3409422673276622	0.32967316877268926	0.35279660066030444	0.34008847949452503	0.34047904535965756	0.3405358046441562	0.3292194572514747	0.35225727346036	0.14560931667654392	0.14539764116627588	0.14519398034904568	0.1353924022341718	0.15523217761464309	single_token_true_false_attribution_diagnostic	control_draw_mean_over_pairs	0.05835337393371671	0.04829675266578229	0.012403497114023169	0.17935657103805805	single_token_true_false_attribution_diagnostic	permutation_assignment_mean_over_draws_and_pairs	0.050129220721743736	0.050157061402446	0.04812838234604032	0.05207109902901059	grouped_logsumexp_attribution	control_draw_mean_over_pairs	0.05509673733423319	0.045245535676168146	0.010034901415453918	0.16219928914117554	grouped_logsumexp_attribution	permutation_assignment_mean_over_draws_and_pairs	0.04950676978336182	0.04943217859579482	0.04781084368150436	0.05157226524429337	single_token_true_false_attribution_diagnostic	control_draw_mean_over_pairs	0.05315182511216973	0.04661065356333137	0.0135911682192581	0.13782994698670156	grouped_logsumexp_attribution	observation_pair_permutation_mean_over_pairs	5.959605409233628e-05	4.319378174045007e-05	1.0739321516254269e-05	0.00016986086362333024
relative_depth	trajectory	boolq	sentence	user	58	0.9206349206349206	64	linear_interpolation_block_outputs_only	False	5	10	17706	3270	3270	17706	256	64	0.4885861578648417	0.4887475855942891	0.48839051862115146	0.4744257346212337	0.5032251796853102	0.34597412399814254	0.346357033841448	0.34631757509154565	0.33510343059602005	0.35811288911317235	0.3451076216260359	0.3454931967318258	0.34549977727735715	0.33424418078812046	0.3572076356442144	0.3450107231148992	0.3453952705568664	0.34543415498982616	0.33399564832164197	0.3572356985489275	0.14261203386669918	0.14239055175284102	0.1421669950088273	0.13234736807389547	0.15229128101294315	single_token_true_false_attribution_diagnostic	control_draw_mean_over_pairs	0.057267446961829935	0.046278354353332905	0.011891560170759683	0.1753182412344414	single_token_true_false_attribution_diagnostic	permutation_assignment_mean_over_draws_and_pairs	0.049771829148001656	0.04983521040059061	0.047858981655618804	0.051742739112215316	grouped_logsumexp_attribution	control_draw_mean_over_pairs	0.054132797639629276	0.04361244672647601	0.010709654215817814	0.15204778754366138	grouped_logsumexp_attribution	permutation_assignment_mean_over_draws_and_pairs	0.04901247382294771	0.048920582192334486	0.04734921351679569	0.05096576479688661	single_token_true_false_attribution_diagnostic	control_draw_mean_over_pairs	0.05225911202028016	0.04399534394594673	0.012020576509101386	0.12673888006873102	grouped_logsumexp_attribution	observation_pair_permutation_mean_over_pairs	5.940220521874903e-05	4.4443792142995954e-05	1.1232839302455444e-05	0.00017216227058674941
relative_depth	trajectory	boolq	sentence	user	59	0.9365079365079365	64	linear_interpolation_block_outputs_only	False	5	10	17706	3270	3270	17706	256	64	0.48935120292888784	0.48951153734347697	0.4892110788612576	0.47504330922406807	0.5036681662620759	0.3485129218610891	0.3489086314183345	0.34887044573582715	0.33776540647983494	0.3608129852166484	0.3470326665648188	0.3474303975079764	0.3474812104580446	0.3363432010800355	0.3590540715215701	0.3472804566740183	0.34767733255383243	0.34772209019841005	0.33662260416349005	0.3594001190164066	0.14083828106779872	0.14060290592514246	0.14044633483338764	0.1307184175432824	0.15026598678993155	single_token_true_false_attribution_diagnostic	control_draw_mean_over_pairs	0.05598808854700573	0.04597857464447238	0.012145627419139276	0.15588783297772688	single_token_true_false_attribution_diagnostic	permutation_assignment_mean_over_draws_and_pairs	0.049414862984022465	0.04941542671915436	0.047418412668022866	0.051427094488576054	grouped_logsumexp_attribution	control_draw_mean_over_pairs	0.054517198081987614	0.04559478891282773	0.011582629469697162	0.1514300026160465	grouped_logsumexp_attribution	permutation_assignment_mean_over_draws_and_pairs	0.04888936911442611	0.04885401474703152	0.04722083958757513	0.05098828228983829	single_token_true_false_attribution_diagnostic	control_draw_mean_over_pairs	0.051363682114385356	0.0466978490009235	0.011240225924552184	0.12140299565599258	grouped_logsumexp_attribution	observation_pair_permutation_mean_over_pairs	5.9150109224096084e-05	4.44242341108065e-05	1.096501917543621e-05	0.00017479826105129892
relative_depth	trajectory	boolq	sentence	user	60	0.9523809523809523	64	linear_interpolation_block_outputs_only	False	5	10	17706	3270	3270	17706	256	64	0.4890435204996383	0.489214701323079	0.4889508698165489	0.47491613886337025	0.5032883993214813	0.35035289791141155	0.3507560310975352	0.35071014898633524	0.33933863476822357	0.3626545954944189	0.349221113790727	0.3496288256110439	0.3496646185120078	0.3384513181610416	0.36116349918248575	0.34973881568164067	0.3501480483132152	0.35017923772167225	0.33898394401725557	0.36178457805103237	0.13869062258822673	0.1384586702255438	0.13828743952092534	0.12863735125306505	0.1482252945512435	single_token_true_false_attribution_diagnostic	control_draw_mean_over_pairs	0.05642767410865554	0.046904025918783836	0.013176375175898158	0.16749340280828637	single_token_true_false_attribution_diagnostic	permutation_assignment_mean_over_draws_and_pairs	0.049471546104110815	0.04947301155508192	0.047425387318751046	0.05132582731260964	grouped_logsumexp_attribution	control_draw_mean_over_pairs	0.055541803998802174	0.044194418549893894	0.011281346071741853	0.1521324902690982	grouped_logsumexp_attribution	permutation_assignment_mean_over_draws_and_pairs	0.0490139994603304	0.048900794143724564	0.04749331848911955	0.05091464669994987	single_token_true_false_attribution_diagnostic	control_draw_mean_over_pairs	0.04974258804137989	0.04586375796212448	0.008997359763512144	0.11401806642558095	grouped_logsumexp_attribution	observation_pair_permutation_mean_over_pairs	5.8790872990831505e-05	4.415792239396396e-05	1.0362913662594273e-05	0.00017633529146369187
relative_depth	trajectory	boolq	sentence	user	61	0.9682539682539681	64	linear_interpolation_block_outputs_only	False	5	10	17706	3270	3270	17706	256	64	0.4912670440620602	0.4914447852180831	0.4912393053746064	0.4772813288829796	0.5057247321801311	0.3565000328290168	0.35690018703974435	0.35685714300580923	0.3454688135806802	0.3687313655609515	0.356376148214315	0.356777028327797	0.35685517764652064	0.3455075301692388	0.3682133090968234	0.3574990789901264	0.3579063975084915	0.35781057619263046	0.3464497117022043	0.3696340440036177	0.13476701123304335	0.1345445981783387	0.13435130829120295	0.12484133232619998	0.14418397586509213	single_token_true_false_attribution_diagnostic	control_draw_mean_over_pairs	0.05603672408576584	0.0460526705975486	0.012526974415790525	0.17463790030642715	single_token_true_false_attribution_diagnostic	permutation_assignment_mean_over_draws_and_pairs	0.048741246938191575	0.04871214042088441	0.046960850674283836	0.0506056539072458	grouped_logsumexp_attribution	control_draw_mean_over_pairs	0.05616322615826043	0.043656423424297104	0.013438072798965613	0.16548189913661218	grouped_logsumexp_attribution	permutation_assignment_mean_over_draws_and_pairs	0.04879590813585117	0.04879545186215537	0.047189224572200456	0.05047524891598627	single_token_true_false_attribution_diagnostic	control_draw_mean_over_pairs	0.047638582012212216	0.044440647277253525	0.010468834969224265	0.11364710711346948	grouped_logsumexp_attribution	observation_pair_permutation_mean_over_pairs	5.905189702685541e-05	4.3817906448974844e-05	9.84198640172166e-06	0.0001800811554670895
relative_depth	trajectory	boolq	sentence	user	62	0.9841269841269841	64	linear_interpolation_block_outputs_only	False	5	10	17706	3270	3270	17706	256	64	0.5001825068447997	0.5003447131134393	0.5000456310353832	0.48648550303828353	0.5144719381728241	0.3678882515601535	0.36826300244874616	0.3682322785575879	0.3568767529631006	0.3800615425562503	0.3654479387795759	0.3658232278319748	0.365851608637463	0.3546054772875009	0.3772308721634116	0.3690100561276747	0.3693945673873604	0.36934932809090426	0.3579019990816252	0.38095110993971665	0.13229425528464622	0.1320817106646931	0.13195237874236507	0.12253249248102113	0.1419242335866576	single_token_true_false_attribution_diagnostic	control_draw_mean_over_pairs	0.05820732996716789	0.04713274352359573	0.01355693734164719	0.17018691053766036	single_token_true_false_attribution_diagnostic	permutation_assignment_mean_over_draws_and_pairs	0.04955762585222792	0.0495737766154713	0.04774139750774298	0.05146686026553664	grouped_logsumexp_attribution	control_draw_mean_over_pairs	0.06259000543949747	0.048574605526022815	0.014836389474373598	0.19500534711144601	grouped_logsumexp_attribution	permutation_assignment_mean_over_draws_and_pairs	0.050931086712602505	0.05095811338189439	0.049114490930368654	0.052786762009015664	single_token_true_false_attribution_diagnostic	control_draw_mean_over_pairs	0.04876328107573713	0.044378804875014916	0.013412290371968456	0.11769351766323113	grouped_logsumexp_attribution	observation_pair_permutation_mean_over_pairs	5.822181675152611e-05	4.203853315742375e-05	1.0557457435897857e-05	0.00018096526621260326
relative_depth	primary_endpoint	boolq	sentence	user	63	1.0	64	linear_interpolation_block_outputs_only	False	5	10	17706	3270	3270	17706	256	64	0.5050284210052464	0.5051744208986477	0.5048984526007237	0.4910051991601294	0.5194403289966775	0.37403365017734624	0.37437767676617634	0.37432655138029836	0.3628824579971576	0.3863219332100084	0.368031505097019	0.3683733576996849	0.36828429836302967	0.3570035326633922	0.38003292063294564	0.37572294541552337	0.37608063018713117	0.37602298878045826	0.36441601516275196	0.38787622752874684	0.13099477082790012	0.1307967441324713	0.13079176566895268	0.12136864097745506	0.14062898132221452	single_token_true_false_attribution_diagnostic	control_draw_mean_over_pairs	0.05877254793602153	0.04481868307908517	0.013816859908354217	0.16652888432989707	single_token_true_false_attribution_diagnostic	permutation_assignment_mean_over_draws_and_pairs	0.050332865338100316	0.05033748872603058	0.04874311688723011	0.05226366423796833	grouped_logsumexp_attribution	control_draw_mean_over_pairs	0.06601080940499651	0.050212614144370636	0.0138564740147924	0.20779815664540852	grouped_logsumexp_attribution	permutation_assignment_mean_over_draws_and_pairs	0.05251584416372618	0.05250139404898589	0.0505806831169769	0.054341754447461414	single_token_true_false_attribution_diagnostic	control_draw_mean_over_pairs	0.05138878761581135	0.04554392185507984	0.014228276350424847	0.12637291646496707	grouped_logsumexp_attribution	observation_pair_permutation_mean_over_pairs	5.750851381516277e-05	4.012101309945744e-05	1.2844542151674568e-05	0.0001822313120353519
equal_weight_depth_mean	secondary_depth_mean	boolq	sentence	user			64	linear_interpolation_block_outputs_only	False	5	10	17706	3270	3270	17706	256	64	0.19285111275138578	0.1930802415208967	0.19305666315030043	0.18727991221661197	0.19881099895758736	0.18082500112251942	0.18099567238152542	0.18096269819612912	0.17676705442140933	0.1852959020519929	0.17895972977993174	0.17912237002143666	0.17909117111847783	0.17486780226219914	0.18325779789011593	0.16646418658456946	0.16663231923946742	0.16663409325373454	0.1621261237456947	0.1708697212873614	0.012026111628866354	0.012084569139371278	0.012080786598963847	0.00813950969582565	0.016180507141819348	single_token_true_false_attribution_diagnostic	control_draw_mean_over_pairs	0.10115326259812492	0.0980254299257763	0.06683089655054882	0.1411736876127867	single_token_true_false_attribution_diagnostic	permutation_assignment_mean_over_draws_and_pairs	0.09891140432868537	0.0989248015728201	0.09809087276152813	0.099677443535063	grouped_logsumexp_attribution	control_draw_mean_over_pairs	0.10065866157877403	0.09953499622483189	0.06640612701463457	0.14726020583564187	grouped_logsumexp_attribution	permutation_assignment_mean_over_draws_and_pairs	0.0985041300412936	0.09849288387574534	0.09764940204111701	0.09946105301210864	single_token_true_false_attribution_diagnostic	control_draw_mean_over_pairs	0.10441047307590082	0.10134570263408482	0.06811344383030353	0.15347551020261538	grouped_logsumexp_attribution	observation_pair_permutation_mean_over_pairs	5.741950079164379e-05	5.266538501857648e-05	3.557297328249754e-05	0.00010204555157468488
