benchmark	pregrouper	cohort	missingness_policy	scope	aggregation	model_s	model_t	metric	statistic	expected_observations	n_observations	n_prompts	observation_coverage	f_point	f_lo	f_hi	n_bootstrap	n_bootstrap_valid	aligned_key_sha256
race	sentence	open	strict_complete	prediction	row_pooled	qwen2.5-0.5b-instruct	qwen2.5-3b-instruct	signed_frobenius_r	pearson_r	4934	4934	4934	1.0	0.5280496563019126	0.5147207637315784	0.5406734319544154	500	500	9129492352050a90469e129e227aa64981779ed90dcc995e4392548fd068d6b2
race	sentence	open	strict_complete	prediction	row_pooled	qwen2.5-0.5b-instruct	qwen2.5-3b-instruct	direction_cosine	mean_cosine	4934	4934	4934	1.0	0.41205420781949953	0.3959801843439256	0.4282024882961832	500	500	9129492352050a90469e129e227aa64981779ed90dcc995e4392548fd068d6b2
race	sentence	open	strict_complete	prediction	row_pooled	qwen2.5-0.5b-instruct	qwen2.5-3b-instruct	linear_cka	cka	4934	4934	4934	1.0	0.28440995827876503	0.27107781070289233	0.2996192739793913	500	500	9129492352050a90469e129e227aa64981779ed90dcc995e4392548fd068d6b2
race	sentence	open	strict_complete	all	row_pooled	qwen2.5-0.5b-instruct	qwen2.5-3b-instruct	signed_frobenius_r	pearson_r	145544	145544	4934	1.0	0.25584110302809515	0.24814859884327814	0.2644904689569107	500	500	22b33c7df61e6bea55727cb267f6e5f9db519b3b362814b0cd9c06c4c20aab13
race	sentence	open	strict_complete	all	row_pooled	qwen2.5-0.5b-instruct	qwen2.5-3b-instruct	direction_cosine	mean_cosine	145544	145544	4934	1.0	0.07862938032743809	0.07355700521409567	0.08402849891141578	500	500	22b33c7df61e6bea55727cb267f6e5f9db519b3b362814b0cd9c06c4c20aab13
race	sentence	open	strict_complete	all	row_pooled	qwen2.5-0.5b-instruct	qwen2.5-3b-instruct	linear_cka	cka	145544	145544	4934	1.0	0.07186011337396059	0.06677897225713648	0.07770493696030953	500	500	22b33c7df61e6bea55727cb267f6e5f9db519b3b362814b0cd9c06c4c20aab13
race	sentence	open	strict_complete	all	row_pooled	qwen2.5-0.5b-instruct	qwen2.5-3b-instruct	aitchison_magnitude_r	pearson_r	145544	145544	4934	1.0	0.4855903128448246	0.4782015094526301	0.4934614458539339	500	500	22b33c7df61e6bea55727cb267f6e5f9db519b3b362814b0cd9c06c4c20aab13
race	sentence	open	strict_complete	all	row_pooled	qwen2.5-0.5b-instruct	qwen2.5-3b-instruct	fisher_rao_magnitude_r	pearson_r	145544	145544	4934	1.0	0.3490349594584075	0.34076597752969934	0.35761515094563817	500	500	22b33c7df61e6bea55727cb267f6e5f9db519b3b362814b0cd9c06c4c20aab13
race	sentence	open	strict_complete	all	row_pooled	qwen2.5-0.5b-instruct	qwen2.5-3b-instruct	fisher_local_magnitude_r	pearson_r	145544	145544	4934	1.0	0.0672617431972732	0.05739507261404152	0.07713191844196451	500	500	22b33c7df61e6bea55727cb267f6e5f9db519b3b362814b0cd9c06c4c20aab13
race	sentence	open	strict_complete	all	prompt_equal	qwen2.5-0.5b-instruct	qwen2.5-3b-instruct	signed_frobenius_r	pearson_r	145544	145544	4934	1.0	0.25654230736108424	0.2487808854673682	0.26564303910228587	500	500	22b33c7df61e6bea55727cb267f6e5f9db519b3b362814b0cd9c06c4c20aab13
race	sentence	open	strict_complete	all	prompt_equal	qwen2.5-0.5b-instruct	qwen2.5-3b-instruct	direction_cosine	mean_cosine	145544	145544	4934	1.0	0.08481071437881314	0.08002873503326502	0.09010937696086463	500	500	22b33c7df61e6bea55727cb267f6e5f9db519b3b362814b0cd9c06c4c20aab13
race	sentence	open	strict_complete	all	prompt_equal	qwen2.5-0.5b-instruct	qwen2.5-3b-instruct	linear_cka	cka	145544	145544	4934	1.0	0.07267420148078949	0.06757791690904091	0.07869370635123726	500	500	22b33c7df61e6bea55727cb267f6e5f9db519b3b362814b0cd9c06c4c20aab13
race	sentence	open	strict_complete	all	prompt_equal	qwen2.5-0.5b-instruct	qwen2.5-3b-instruct	aitchison_magnitude_r	pearson_r	145544	145544	4934	1.0	0.4763117850817449	0.46860817855478837	0.48435184277588544	500	500	22b33c7df61e6bea55727cb267f6e5f9db519b3b362814b0cd9c06c4c20aab13
race	sentence	open	strict_complete	all	prompt_equal	qwen2.5-0.5b-instruct	qwen2.5-3b-instruct	fisher_rao_magnitude_r	pearson_r	145544	145544	4934	1.0	0.3444223726285436	0.3357090988641784	0.3529408851996686	500	500	22b33c7df61e6bea55727cb267f6e5f9db519b3b362814b0cd9c06c4c20aab13
race	sentence	open	strict_complete	all	prompt_equal	qwen2.5-0.5b-instruct	qwen2.5-3b-instruct	fisher_local_magnitude_r	pearson_r	145544	145544	4934	1.0	0.06222559116170217	0.052616308905199874	0.07191562892177535	500	500	22b33c7df61e6bea55727cb267f6e5f9db519b3b362814b0cd9c06c4c20aab13
race	sentence	open	strict_complete	system	row_pooled	qwen2.5-0.5b-instruct	qwen2.5-3b-instruct	signed_frobenius_r	pearson_r	14802	14802	4934	1.0	0.03932734835109355	0.027450663265350353	0.05146854388463111	500	500	c601e3e1f8531498da4fc2c4da48f94e8f82ee0eb4cc01e20e698b8e637ae831
race	sentence	open	strict_complete	system	row_pooled	qwen2.5-0.5b-instruct	qwen2.5-3b-instruct	direction_cosine	mean_cosine	14802	14802	4934	1.0	0.032861019575448513	0.023613741816462596	0.04210814677994706	500	500	c601e3e1f8531498da4fc2c4da48f94e8f82ee0eb4cc01e20e698b8e637ae831
race	sentence	open	strict_complete	system	row_pooled	qwen2.5-0.5b-instruct	qwen2.5-3b-instruct	linear_cka	cka	14802	14802	4934	1.0	0.017794590590763694	0.014949518499071534	0.021091363141298954	500	500	c601e3e1f8531498da4fc2c4da48f94e8f82ee0eb4cc01e20e698b8e637ae831
race	sentence	open	strict_complete	system	row_pooled	qwen2.5-0.5b-instruct	qwen2.5-3b-instruct	aitchison_magnitude_r	pearson_r	14802	14802	4934	1.0	0.4641477743127375	0.4522556102148648	0.4754336394784166	500	500	c601e3e1f8531498da4fc2c4da48f94e8f82ee0eb4cc01e20e698b8e637ae831
race	sentence	open	strict_complete	system	row_pooled	qwen2.5-0.5b-instruct	qwen2.5-3b-instruct	fisher_rao_magnitude_r	pearson_r	14802	14802	4934	1.0	0.23446948015855468	0.21819725900793982	0.2515402393180669	500	500	c601e3e1f8531498da4fc2c4da48f94e8f82ee0eb4cc01e20e698b8e637ae831
race	sentence	open	strict_complete	system	row_pooled	qwen2.5-0.5b-instruct	qwen2.5-3b-instruct	fisher_local_magnitude_r	pearson_r	14802	14802	4934	1.0	0.0390360092696383	0.023761220953696184	0.05523536726323543	500	500	c601e3e1f8531498da4fc2c4da48f94e8f82ee0eb4cc01e20e698b8e637ae831
race	sentence	open	strict_complete	system	prompt_equal	qwen2.5-0.5b-instruct	qwen2.5-3b-instruct	signed_frobenius_r	pearson_r	14802	14802	4934	1.0	0.03932734835109353	0.027450663265350353	0.05146854388463111	500	500	c601e3e1f8531498da4fc2c4da48f94e8f82ee0eb4cc01e20e698b8e637ae831
race	sentence	open	strict_complete	system	prompt_equal	qwen2.5-0.5b-instruct	qwen2.5-3b-instruct	direction_cosine	mean_cosine	14802	14802	4934	1.0	0.03286101957544852	0.0236137418164626	0.042108146779947064	500	500	c601e3e1f8531498da4fc2c4da48f94e8f82ee0eb4cc01e20e698b8e637ae831
race	sentence	open	strict_complete	system	prompt_equal	qwen2.5-0.5b-instruct	qwen2.5-3b-instruct	linear_cka	cka	14802	14802	4934	1.0	0.017794590590763687	0.014949518499071536	0.021091363141298954	500	500	c601e3e1f8531498da4fc2c4da48f94e8f82ee0eb4cc01e20e698b8e637ae831
race	sentence	open	strict_complete	system	prompt_equal	qwen2.5-0.5b-instruct	qwen2.5-3b-instruct	aitchison_magnitude_r	pearson_r	14802	14802	4934	1.0	0.46414777431273746	0.45225561021486455	0.47543363947841655	500	500	c601e3e1f8531498da4fc2c4da48f94e8f82ee0eb4cc01e20e698b8e637ae831
race	sentence	open	strict_complete	system	prompt_equal	qwen2.5-0.5b-instruct	qwen2.5-3b-instruct	fisher_rao_magnitude_r	pearson_r	14802	14802	4934	1.0	0.23446948015855495	0.21819725900793974	0.25154023931806696	500	500	c601e3e1f8531498da4fc2c4da48f94e8f82ee0eb4cc01e20e698b8e637ae831
race	sentence	open	strict_complete	system	prompt_equal	qwen2.5-0.5b-instruct	qwen2.5-3b-instruct	fisher_local_magnitude_r	pearson_r	14802	14802	4934	1.0	0.03903600926963828	0.02376122095369623	0.05523536726323547	500	500	c601e3e1f8531498da4fc2c4da48f94e8f82ee0eb4cc01e20e698b8e637ae831
race	sentence	open	strict_complete	user	row_pooled	qwen2.5-0.5b-instruct	qwen2.5-3b-instruct	signed_frobenius_r	pearson_r	130742	130742	4934	1.0	0.27803522194669894	0.269204773685619	0.2879437402488421	500	500	5cdd0d994946d7f7dc1e9db595c191f149f1c319dc01643a8e2217e6f1918339
race	sentence	open	strict_complete	user	row_pooled	qwen2.5-0.5b-instruct	qwen2.5-3b-instruct	direction_cosine	mean_cosine	130742	130742	4934	1.0	0.08381106085742042	0.07894381765776211	0.08911434574268992	500	500	5cdd0d994946d7f7dc1e9db595c191f149f1c319dc01643a8e2217e6f1918339
race	sentence	open	strict_complete	user	row_pooled	qwen2.5-0.5b-instruct	qwen2.5-3b-instruct	linear_cka	cka	130742	130742	4934	1.0	0.08126073347869883	0.07576556497817818	0.08773466466905533	500	500	5cdd0d994946d7f7dc1e9db595c191f149f1c319dc01643a8e2217e6f1918339
race	sentence	open	strict_complete	user	row_pooled	qwen2.5-0.5b-instruct	qwen2.5-3b-instruct	aitchison_magnitude_r	pearson_r	130742	130742	4934	1.0	0.48796545540961017	0.4800883993722348	0.49577352057955354	500	500	5cdd0d994946d7f7dc1e9db595c191f149f1c319dc01643a8e2217e6f1918339
race	sentence	open	strict_complete	user	row_pooled	qwen2.5-0.5b-instruct	qwen2.5-3b-instruct	fisher_rao_magnitude_r	pearson_r	130742	130742	4934	1.0	0.3574372847068022	0.3487444806541586	0.36630750603400886	500	500	5cdd0d994946d7f7dc1e9db595c191f149f1c319dc01643a8e2217e6f1918339
race	sentence	open	strict_complete	user	row_pooled	qwen2.5-0.5b-instruct	qwen2.5-3b-instruct	fisher_local_magnitude_r	pearson_r	130742	130742	4934	1.0	0.06992189086555266	0.059820389458256476	0.0804826006839001	500	500	5cdd0d994946d7f7dc1e9db595c191f149f1c319dc01643a8e2217e6f1918339
race	sentence	open	strict_complete	user	prompt_equal	qwen2.5-0.5b-instruct	qwen2.5-3b-instruct	signed_frobenius_r	pearson_r	130742	130742	4934	1.0	0.27846514645787807	0.26937453994582605	0.28867615134741303	500	500	5cdd0d994946d7f7dc1e9db595c191f149f1c319dc01643a8e2217e6f1918339
race	sentence	open	strict_complete	user	prompt_equal	qwen2.5-0.5b-instruct	qwen2.5-3b-instruct	direction_cosine	mean_cosine	130742	130742	4934	1.0	0.09169460264055168	0.08675500840428635	0.09680016631268475	500	500	5cdd0d994946d7f7dc1e9db595c191f149f1c319dc01643a8e2217e6f1918339
race	sentence	open	strict_complete	user	prompt_equal	qwen2.5-0.5b-instruct	qwen2.5-3b-instruct	linear_cka	cka	130742	130742	4934	1.0	0.08206245223696602	0.0763727247081528	0.08844073456116537	500	500	5cdd0d994946d7f7dc1e9db595c191f149f1c319dc01643a8e2217e6f1918339
race	sentence	open	strict_complete	user	prompt_equal	qwen2.5-0.5b-instruct	qwen2.5-3b-instruct	aitchison_magnitude_r	pearson_r	130742	130742	4934	1.0	0.4770709947216713	0.46876460783432433	0.4854835066840843	500	500	5cdd0d994946d7f7dc1e9db595c191f149f1c319dc01643a8e2217e6f1918339
race	sentence	open	strict_complete	user	prompt_equal	qwen2.5-0.5b-instruct	qwen2.5-3b-instruct	fisher_rao_magnitude_r	pearson_r	130742	130742	4934	1.0	0.3516264445039132	0.34220571144354817	0.36040036174412726	500	500	5cdd0d994946d7f7dc1e9db595c191f149f1c319dc01643a8e2217e6f1918339
race	sentence	open	strict_complete	user	prompt_equal	qwen2.5-0.5b-instruct	qwen2.5-3b-instruct	fisher_local_magnitude_r	pearson_r	130742	130742	4934	1.0	0.06371702358731678	0.05378905952753128	0.07416726501467359	500	500	5cdd0d994946d7f7dc1e9db595c191f149f1c319dc01643a8e2217e6f1918339
race	sentence	open	strict_complete	prediction	row_pooled	qwen2.5-0.5b-instruct	llama-3.1-8b-instruct	signed_frobenius_r	pearson_r	4934	4934	4934	1.0	0.5729401804701092	0.5595294768247477	0.5855079155694223	500	500	9129492352050a90469e129e227aa64981779ed90dcc995e4392548fd068d6b2
race	sentence	open	strict_complete	prediction	row_pooled	qwen2.5-0.5b-instruct	llama-3.1-8b-instruct	direction_cosine	mean_cosine	4934	4934	4934	1.0	0.4178124982833644	0.4030798552314383	0.43516998040998994	500	500	9129492352050a90469e129e227aa64981779ed90dcc995e4392548fd068d6b2
race	sentence	open	strict_complete	prediction	row_pooled	qwen2.5-0.5b-instruct	llama-3.1-8b-instruct	linear_cka	cka	4934	4934	4934	1.0	0.3308934365476292	0.31565919327065733	0.34604155104895606	500	500	9129492352050a90469e129e227aa64981779ed90dcc995e4392548fd068d6b2
race	sentence	open	strict_complete	all	row_pooled	qwen2.5-0.5b-instruct	llama-3.1-8b-instruct	signed_frobenius_r	pearson_r	145544	145544	4934	1.0	0.37518164813885907	0.3658936190191053	0.3843696182770494	500	500	22b33c7df61e6bea55727cb267f6e5f9db519b3b362814b0cd9c06c4c20aab13
race	sentence	open	strict_complete	all	row_pooled	qwen2.5-0.5b-instruct	llama-3.1-8b-instruct	direction_cosine	mean_cosine	145544	145544	4934	1.0	0.10244726242475392	0.09654050009683882	0.10773746303171622	500	500	22b33c7df61e6bea55727cb267f6e5f9db519b3b362814b0cd9c06c4c20aab13
race	sentence	open	strict_complete	all	row_pooled	qwen2.5-0.5b-instruct	llama-3.1-8b-instruct	linear_cka	cka	145544	145544	4934	1.0	0.1646253236680755	0.15593188286506696	0.1734933577322974	500	500	22b33c7df61e6bea55727cb267f6e5f9db519b3b362814b0cd9c06c4c20aab13
race	sentence	open	strict_complete	all	row_pooled	qwen2.5-0.5b-instruct	llama-3.1-8b-instruct	aitchison_magnitude_r	pearson_r	145544	145544	4934	1.0	0.5734089652923782	0.5648713711774558	0.5811423382856205	500	500	22b33c7df61e6bea55727cb267f6e5f9db519b3b362814b0cd9c06c4c20aab13
race	sentence	open	strict_complete	all	row_pooled	qwen2.5-0.5b-instruct	llama-3.1-8b-instruct	fisher_rao_magnitude_r	pearson_r	145544	145544	4934	1.0	0.5258282029163429	0.5165069452823698	0.5358344943998534	500	500	22b33c7df61e6bea55727cb267f6e5f9db519b3b362814b0cd9c06c4c20aab13
race	sentence	open	strict_complete	all	row_pooled	qwen2.5-0.5b-instruct	llama-3.1-8b-instruct	fisher_local_magnitude_r	pearson_r	145544	145544	4934	1.0	0.2305733854593661	0.22055978531120904	0.2430880089397973	500	500	22b33c7df61e6bea55727cb267f6e5f9db519b3b362814b0cd9c06c4c20aab13
race	sentence	open	strict_complete	all	prompt_equal	qwen2.5-0.5b-instruct	llama-3.1-8b-instruct	signed_frobenius_r	pearson_r	145544	145544	4934	1.0	0.37705014370904344	0.36733658234546523	0.38676140342044707	500	500	22b33c7df61e6bea55727cb267f6e5f9db519b3b362814b0cd9c06c4c20aab13
race	sentence	open	strict_complete	all	prompt_equal	qwen2.5-0.5b-instruct	llama-3.1-8b-instruct	direction_cosine	mean_cosine	145544	145544	4934	1.0	0.10894523952325785	0.10294635294911318	0.11397415126085252	500	500	22b33c7df61e6bea55727cb267f6e5f9db519b3b362814b0cd9c06c4c20aab13
race	sentence	open	strict_complete	all	prompt_equal	qwen2.5-0.5b-instruct	llama-3.1-8b-instruct	linear_cka	cka	145544	145544	4934	1.0	0.16638997843413783	0.1571583391059761	0.17583907018089215	500	500	22b33c7df61e6bea55727cb267f6e5f9db519b3b362814b0cd9c06c4c20aab13
race	sentence	open	strict_complete	all	prompt_equal	qwen2.5-0.5b-instruct	llama-3.1-8b-instruct	aitchison_magnitude_r	pearson_r	145544	145544	4934	1.0	0.5650664340284541	0.5560922951335906	0.573496772568089	500	500	22b33c7df61e6bea55727cb267f6e5f9db519b3b362814b0cd9c06c4c20aab13
race	sentence	open	strict_complete	all	prompt_equal	qwen2.5-0.5b-instruct	llama-3.1-8b-instruct	fisher_rao_magnitude_r	pearson_r	145544	145544	4934	1.0	0.5213654663043952	0.5118278014808084	0.5312233077767132	500	500	22b33c7df61e6bea55727cb267f6e5f9db519b3b362814b0cd9c06c4c20aab13
race	sentence	open	strict_complete	all	prompt_equal	qwen2.5-0.5b-instruct	llama-3.1-8b-instruct	fisher_local_magnitude_r	pearson_r	145544	145544	4934	1.0	0.22060732629466412	0.21034359794092675	0.2325890583393301	500	500	22b33c7df61e6bea55727cb267f6e5f9db519b3b362814b0cd9c06c4c20aab13
race	sentence	open	strict_complete	system	row_pooled	qwen2.5-0.5b-instruct	llama-3.1-8b-instruct	signed_frobenius_r	pearson_r	14802	14802	4934	1.0	0.07213185600618481	0.059867940727310894	0.08422843926657181	500	500	c601e3e1f8531498da4fc2c4da48f94e8f82ee0eb4cc01e20e698b8e637ae831
race	sentence	open	strict_complete	system	row_pooled	qwen2.5-0.5b-instruct	llama-3.1-8b-instruct	direction_cosine	mean_cosine	14802	14802	4934	1.0	0.03313750333075159	0.02235812058892689	0.043318659666759414	500	500	c601e3e1f8531498da4fc2c4da48f94e8f82ee0eb4cc01e20e698b8e637ae831
race	sentence	open	strict_complete	system	row_pooled	qwen2.5-0.5b-instruct	llama-3.1-8b-instruct	linear_cka	cka	14802	14802	4934	1.0	0.06590351518518855	0.06005305651180835	0.07213804059069817	500	500	c601e3e1f8531498da4fc2c4da48f94e8f82ee0eb4cc01e20e698b8e637ae831
race	sentence	open	strict_complete	system	row_pooled	qwen2.5-0.5b-instruct	llama-3.1-8b-instruct	aitchison_magnitude_r	pearson_r	14802	14802	4934	1.0	0.4491050720458314	0.4381810708996937	0.4627387049473932	500	500	c601e3e1f8531498da4fc2c4da48f94e8f82ee0eb4cc01e20e698b8e637ae831
race	sentence	open	strict_complete	system	row_pooled	qwen2.5-0.5b-instruct	llama-3.1-8b-instruct	fisher_rao_magnitude_r	pearson_r	14802	14802	4934	1.0	0.23235957511070068	0.21449238824248087	0.2514998396586637	500	500	c601e3e1f8531498da4fc2c4da48f94e8f82ee0eb4cc01e20e698b8e637ae831
race	sentence	open	strict_complete	system	row_pooled	qwen2.5-0.5b-instruct	llama-3.1-8b-instruct	fisher_local_magnitude_r	pearson_r	14802	14802	4934	1.0	0.15694306703346195	0.13750959767350554	0.17835211891252375	500	500	c601e3e1f8531498da4fc2c4da48f94e8f82ee0eb4cc01e20e698b8e637ae831
race	sentence	open	strict_complete	system	prompt_equal	qwen2.5-0.5b-instruct	llama-3.1-8b-instruct	signed_frobenius_r	pearson_r	14802	14802	4934	1.0	0.07213185600618478	0.0598679407273109	0.0842284392665718	500	500	c601e3e1f8531498da4fc2c4da48f94e8f82ee0eb4cc01e20e698b8e637ae831
race	sentence	open	strict_complete	system	prompt_equal	qwen2.5-0.5b-instruct	llama-3.1-8b-instruct	direction_cosine	mean_cosine	14802	14802	4934	1.0	0.03313750333075159	0.022358120588926892	0.043318659666759414	500	500	c601e3e1f8531498da4fc2c4da48f94e8f82ee0eb4cc01e20e698b8e637ae831
race	sentence	open	strict_complete	system	prompt_equal	qwen2.5-0.5b-instruct	llama-3.1-8b-instruct	linear_cka	cka	14802	14802	4934	1.0	0.06590351518518858	0.06005305651180837	0.07213804059069816	500	500	c601e3e1f8531498da4fc2c4da48f94e8f82ee0eb4cc01e20e698b8e637ae831
race	sentence	open	strict_complete	system	prompt_equal	qwen2.5-0.5b-instruct	llama-3.1-8b-instruct	aitchison_magnitude_r	pearson_r	14802	14802	4934	1.0	0.449105072045831	0.43818107089969405	0.46273870494739344	500	500	c601e3e1f8531498da4fc2c4da48f94e8f82ee0eb4cc01e20e698b8e637ae831
race	sentence	open	strict_complete	system	prompt_equal	qwen2.5-0.5b-instruct	llama-3.1-8b-instruct	fisher_rao_magnitude_r	pearson_r	14802	14802	4934	1.0	0.2323595751107007	0.21449238824248082	0.25149983965866374	500	500	c601e3e1f8531498da4fc2c4da48f94e8f82ee0eb4cc01e20e698b8e637ae831
race	sentence	open	strict_complete	system	prompt_equal	qwen2.5-0.5b-instruct	llama-3.1-8b-instruct	fisher_local_magnitude_r	pearson_r	14802	14802	4934	1.0	0.15694306703346209	0.13750959767350562	0.1783521189125238	500	500	c601e3e1f8531498da4fc2c4da48f94e8f82ee0eb4cc01e20e698b8e637ae831
race	sentence	open	strict_complete	user	row_pooled	qwen2.5-0.5b-instruct	llama-3.1-8b-instruct	signed_frobenius_r	pearson_r	130742	130742	4934	1.0	0.39902474213262024	0.38824255600365976	0.408080505007521	500	500	5cdd0d994946d7f7dc1e9db595c191f149f1c319dc01643a8e2217e6f1918339
race	sentence	open	strict_complete	user	row_pooled	qwen2.5-0.5b-instruct	llama-3.1-8b-instruct	direction_cosine	mean_cosine	130742	130742	4934	1.0	0.11029419037529334	0.10474086927865668	0.1164011257813266	500	500	5cdd0d994946d7f7dc1e9db595c191f149f1c319dc01643a8e2217e6f1918339
race	sentence	open	strict_complete	user	row_pooled	qwen2.5-0.5b-instruct	llama-3.1-8b-instruct	linear_cka	cka	130742	130742	4934	1.0	0.18243338308104343	0.17208622218721498	0.1919978970263629	500	500	5cdd0d994946d7f7dc1e9db595c191f149f1c319dc01643a8e2217e6f1918339
race	sentence	open	strict_complete	user	row_pooled	qwen2.5-0.5b-instruct	llama-3.1-8b-instruct	aitchison_magnitude_r	pearson_r	130742	130742	4934	1.0	0.5785229908845306	0.5688331613510932	0.5868012374778542	500	500	5cdd0d994946d7f7dc1e9db595c191f149f1c319dc01643a8e2217e6f1918339
race	sentence	open	strict_complete	user	row_pooled	qwen2.5-0.5b-instruct	llama-3.1-8b-instruct	fisher_rao_magnitude_r	pearson_r	130742	130742	4934	1.0	0.5406283233798796	0.5300021711390982	0.5501381040305283	500	500	5cdd0d994946d7f7dc1e9db595c191f149f1c319dc01643a8e2217e6f1918339
race	sentence	open	strict_complete	user	row_pooled	qwen2.5-0.5b-instruct	llama-3.1-8b-instruct	fisher_local_magnitude_r	pearson_r	130742	130742	4934	1.0	0.2358257933948689	0.22515463104760888	0.24635147650051614	500	500	5cdd0d994946d7f7dc1e9db595c191f149f1c319dc01643a8e2217e6f1918339
race	sentence	open	strict_complete	user	prompt_equal	qwen2.5-0.5b-instruct	llama-3.1-8b-instruct	signed_frobenius_r	pearson_r	130742	130742	4934	1.0	0.4008836925397463	0.3902332374301204	0.4106007677587833	500	500	5cdd0d994946d7f7dc1e9db595c191f149f1c319dc01643a8e2217e6f1918339
race	sentence	open	strict_complete	user	prompt_equal	qwen2.5-0.5b-instruct	llama-3.1-8b-instruct	direction_cosine	mean_cosine	130742	130742	4934	1.0	0.11860067501999201	0.11341674647220007	0.12454559964564575	500	500	5cdd0d994946d7f7dc1e9db595c191f149f1c319dc01643a8e2217e6f1918339
race	sentence	open	strict_complete	user	prompt_equal	qwen2.5-0.5b-instruct	llama-3.1-8b-instruct	linear_cka	cka	130742	130742	4934	1.0	0.1845310582511873	0.1733746881037367	0.19530811589795816	500	500	5cdd0d994946d7f7dc1e9db595c191f149f1c319dc01643a8e2217e6f1918339
race	sentence	open	strict_complete	user	prompt_equal	qwen2.5-0.5b-instruct	llama-3.1-8b-instruct	aitchison_magnitude_r	pearson_r	130742	130742	4934	1.0	0.5689235981650804	0.5586650629234383	0.577573040468858	500	500	5cdd0d994946d7f7dc1e9db595c191f149f1c319dc01643a8e2217e6f1918339
race	sentence	open	strict_complete	user	prompt_equal	qwen2.5-0.5b-instruct	llama-3.1-8b-instruct	fisher_rao_magnitude_r	pearson_r	130742	130742	4934	1.0	0.5353563454675963	0.5247219862791903	0.5453722905769988	500	500	5cdd0d994946d7f7dc1e9db595c191f149f1c319dc01643a8e2217e6f1918339
race	sentence	open	strict_complete	user	prompt_equal	qwen2.5-0.5b-instruct	llama-3.1-8b-instruct	fisher_local_magnitude_r	pearson_r	130742	130742	4934	1.0	0.2242086776554319	0.2130654167407682	0.23583097328071767	500	500	5cdd0d994946d7f7dc1e9db595c191f149f1c319dc01643a8e2217e6f1918339
race	sentence	open	strict_complete	prediction	row_pooled	qwen2.5-0.5b-instruct	qwen2.5-7b-instruct	signed_frobenius_r	pearson_r	4934	4934	4934	1.0	0.5246487903270397	0.5109851358422515	0.5361193976244468	500	500	9129492352050a90469e129e227aa64981779ed90dcc995e4392548fd068d6b2
race	sentence	open	strict_complete	prediction	row_pooled	qwen2.5-0.5b-instruct	qwen2.5-7b-instruct	direction_cosine	mean_cosine	4934	4934	4934	1.0	0.4453507537708507	0.42770456606879675	0.4601840071317145	500	500	9129492352050a90469e129e227aa64981779ed90dcc995e4392548fd068d6b2
race	sentence	open	strict_complete	prediction	row_pooled	qwen2.5-0.5b-instruct	qwen2.5-7b-instruct	linear_cka	cka	4934	4934	4934	1.0	0.286774128367148	0.27058084124855386	0.3030413033975645	500	500	9129492352050a90469e129e227aa64981779ed90dcc995e4392548fd068d6b2
race	sentence	open	strict_complete	all	row_pooled	qwen2.5-0.5b-instruct	qwen2.5-7b-instruct	signed_frobenius_r	pearson_r	145544	145544	4934	1.0	0.30387968575171476	0.2961856801787397	0.3124314875048335	500	500	22b33c7df61e6bea55727cb267f6e5f9db519b3b362814b0cd9c06c4c20aab13
race	sentence	open	strict_complete	all	row_pooled	qwen2.5-0.5b-instruct	qwen2.5-7b-instruct	direction_cosine	mean_cosine	145544	145544	4934	1.0	0.1040983324744535	0.09870487618196433	0.10899309157017448	500	500	22b33c7df61e6bea55727cb267f6e5f9db519b3b362814b0cd9c06c4c20aab13
race	sentence	open	strict_complete	all	row_pooled	qwen2.5-0.5b-instruct	qwen2.5-7b-instruct	linear_cka	cka	145544	145544	4934	1.0	0.10172897511770665	0.09601581004032321	0.10830943151401044	500	500	22b33c7df61e6bea55727cb267f6e5f9db519b3b362814b0cd9c06c4c20aab13
race	sentence	open	strict_complete	all	row_pooled	qwen2.5-0.5b-instruct	qwen2.5-7b-instruct	aitchison_magnitude_r	pearson_r	145544	145544	4934	1.0	0.5062375809951589	0.49974297562766656	0.5127819949983812	500	500	22b33c7df61e6bea55727cb267f6e5f9db519b3b362814b0cd9c06c4c20aab13
race	sentence	open	strict_complete	all	row_pooled	qwen2.5-0.5b-instruct	qwen2.5-7b-instruct	fisher_rao_magnitude_r	pearson_r	145544	145544	4934	1.0	0.3839532699532621	0.3755678360436667	0.39161104083717435	500	500	22b33c7df61e6bea55727cb267f6e5f9db519b3b362814b0cd9c06c4c20aab13
race	sentence	open	strict_complete	all	row_pooled	qwen2.5-0.5b-instruct	qwen2.5-7b-instruct	fisher_local_magnitude_r	pearson_r	145544	145544	4934	1.0	0.06865657425834339	0.057864916888813296	0.07925990542676065	500	500	22b33c7df61e6bea55727cb267f6e5f9db519b3b362814b0cd9c06c4c20aab13
race	sentence	open	strict_complete	all	prompt_equal	qwen2.5-0.5b-instruct	qwen2.5-7b-instruct	signed_frobenius_r	pearson_r	145544	145544	4934	1.0	0.3052059653128177	0.2969625945790704	0.31359043829360034	500	500	22b33c7df61e6bea55727cb267f6e5f9db519b3b362814b0cd9c06c4c20aab13
race	sentence	open	strict_complete	all	prompt_equal	qwen2.5-0.5b-instruct	qwen2.5-7b-instruct	direction_cosine	mean_cosine	145544	145544	4934	1.0	0.11024651655437899	0.10499049650703339	0.11509870714690512	500	500	22b33c7df61e6bea55727cb267f6e5f9db519b3b362814b0cd9c06c4c20aab13
race	sentence	open	strict_complete	all	prompt_equal	qwen2.5-0.5b-instruct	qwen2.5-7b-instruct	linear_cka	cka	145544	145544	4934	1.0	0.10288924056706979	0.09655598242593882	0.1100749729433664	500	500	22b33c7df61e6bea55727cb267f6e5f9db519b3b362814b0cd9c06c4c20aab13
race	sentence	open	strict_complete	all	prompt_equal	qwen2.5-0.5b-instruct	qwen2.5-7b-instruct	aitchison_magnitude_r	pearson_r	145544	145544	4934	1.0	0.4969670918553925	0.4900134523671517	0.5041860221318939	500	500	22b33c7df61e6bea55727cb267f6e5f9db519b3b362814b0cd9c06c4c20aab13
race	sentence	open	strict_complete	all	prompt_equal	qwen2.5-0.5b-instruct	qwen2.5-7b-instruct	fisher_rao_magnitude_r	pearson_r	145544	145544	4934	1.0	0.38092889904743166	0.3721410576819852	0.38878192172829257	500	500	22b33c7df61e6bea55727cb267f6e5f9db519b3b362814b0cd9c06c4c20aab13
race	sentence	open	strict_complete	all	prompt_equal	qwen2.5-0.5b-instruct	qwen2.5-7b-instruct	fisher_local_magnitude_r	pearson_r	145544	145544	4934	1.0	0.06472401749948907	0.05438842587900031	0.07540781882307779	500	500	22b33c7df61e6bea55727cb267f6e5f9db519b3b362814b0cd9c06c4c20aab13
race	sentence	open	strict_complete	system	row_pooled	qwen2.5-0.5b-instruct	qwen2.5-7b-instruct	signed_frobenius_r	pearson_r	14802	14802	4934	1.0	0.11172488236213263	0.10137836749967945	0.12173496980083683	500	500	c601e3e1f8531498da4fc2c4da48f94e8f82ee0eb4cc01e20e698b8e637ae831
race	sentence	open	strict_complete	system	row_pooled	qwen2.5-0.5b-instruct	qwen2.5-7b-instruct	direction_cosine	mean_cosine	14802	14802	4934	1.0	0.1322557112680767	0.12326515346843583	0.14169840916062823	500	500	c601e3e1f8531498da4fc2c4da48f94e8f82ee0eb4cc01e20e698b8e637ae831
race	sentence	open	strict_complete	system	row_pooled	qwen2.5-0.5b-instruct	qwen2.5-7b-instruct	linear_cka	cka	14802	14802	4934	1.0	0.04732959549015029	0.042516661334991115	0.0529415792596283	500	500	c601e3e1f8531498da4fc2c4da48f94e8f82ee0eb4cc01e20e698b8e637ae831
race	sentence	open	strict_complete	system	row_pooled	qwen2.5-0.5b-instruct	qwen2.5-7b-instruct	aitchison_magnitude_r	pearson_r	14802	14802	4934	1.0	0.45077725562601334	0.4379967585019464	0.4632938298606588	500	500	c601e3e1f8531498da4fc2c4da48f94e8f82ee0eb4cc01e20e698b8e637ae831
race	sentence	open	strict_complete	system	row_pooled	qwen2.5-0.5b-instruct	qwen2.5-7b-instruct	fisher_rao_magnitude_r	pearson_r	14802	14802	4934	1.0	0.09959704854361047	0.08238804252787535	0.11785582927067861	500	500	c601e3e1f8531498da4fc2c4da48f94e8f82ee0eb4cc01e20e698b8e637ae831
race	sentence	open	strict_complete	system	row_pooled	qwen2.5-0.5b-instruct	qwen2.5-7b-instruct	fisher_local_magnitude_r	pearson_r	14802	14802	4934	1.0	0.06623791908781573	0.04870355025569883	0.08466273370707797	500	500	c601e3e1f8531498da4fc2c4da48f94e8f82ee0eb4cc01e20e698b8e637ae831
race	sentence	open	strict_complete	system	prompt_equal	qwen2.5-0.5b-instruct	qwen2.5-7b-instruct	signed_frobenius_r	pearson_r	14802	14802	4934	1.0	0.11172488236213264	0.10137836749967942	0.12173496980083683	500	500	c601e3e1f8531498da4fc2c4da48f94e8f82ee0eb4cc01e20e698b8e637ae831
race	sentence	open	strict_complete	system	prompt_equal	qwen2.5-0.5b-instruct	qwen2.5-7b-instruct	direction_cosine	mean_cosine	14802	14802	4934	1.0	0.1322557112680767	0.12326515346843586	0.14169840916062826	500	500	c601e3e1f8531498da4fc2c4da48f94e8f82ee0eb4cc01e20e698b8e637ae831
race	sentence	open	strict_complete	system	prompt_equal	qwen2.5-0.5b-instruct	qwen2.5-7b-instruct	linear_cka	cka	14802	14802	4934	1.0	0.04732959549015029	0.042516661334991115	0.052941579259628314	500	500	c601e3e1f8531498da4fc2c4da48f94e8f82ee0eb4cc01e20e698b8e637ae831
race	sentence	open	strict_complete	system	prompt_equal	qwen2.5-0.5b-instruct	qwen2.5-7b-instruct	aitchison_magnitude_r	pearson_r	14802	14802	4934	1.0	0.45077725562601406	0.4379967585019471	0.463293829860659	500	500	c601e3e1f8531498da4fc2c4da48f94e8f82ee0eb4cc01e20e698b8e637ae831
race	sentence	open	strict_complete	system	prompt_equal	qwen2.5-0.5b-instruct	qwen2.5-7b-instruct	fisher_rao_magnitude_r	pearson_r	14802	14802	4934	1.0	0.09959704854361037	0.08238804252787538	0.11785582927067868	500	500	c601e3e1f8531498da4fc2c4da48f94e8f82ee0eb4cc01e20e698b8e637ae831
race	sentence	open	strict_complete	system	prompt_equal	qwen2.5-0.5b-instruct	qwen2.5-7b-instruct	fisher_local_magnitude_r	pearson_r	14802	14802	4934	1.0	0.06623791908781586	0.04870355025569887	0.084662733707078	500	500	c601e3e1f8531498da4fc2c4da48f94e8f82ee0eb4cc01e20e698b8e637ae831
race	sentence	open	strict_complete	user	row_pooled	qwen2.5-0.5b-instruct	qwen2.5-7b-instruct	signed_frobenius_r	pearson_r	130742	130742	4934	1.0	0.31752116398240654	0.3085625305023126	0.3266178850568033	500	500	5cdd0d994946d7f7dc1e9db595c191f149f1c319dc01643a8e2217e6f1918339
race	sentence	open	strict_complete	user	row_pooled	qwen2.5-0.5b-instruct	qwen2.5-7b-instruct	direction_cosine	mean_cosine	130742	130742	4934	1.0	0.10091046087408936	0.09526654475759751	0.10584908727407967	500	500	5cdd0d994946d7f7dc1e9db595c191f149f1c319dc01643a8e2217e6f1918339
race	sentence	open	strict_complete	user	row_pooled	qwen2.5-0.5b-instruct	qwen2.5-7b-instruct	linear_cka	cka	130742	130742	4934	1.0	0.10992619087109444	0.1031969029029062	0.11725015276546347	500	500	5cdd0d994946d7f7dc1e9db595c191f149f1c319dc01643a8e2217e6f1918339
race	sentence	open	strict_complete	user	row_pooled	qwen2.5-0.5b-instruct	qwen2.5-7b-instruct	aitchison_magnitude_r	pearson_r	130742	130742	4934	1.0	0.5112411506952571	0.5044080154246385	0.5190568369983585	500	500	5cdd0d994946d7f7dc1e9db595c191f149f1c319dc01643a8e2217e6f1918339
race	sentence	open	strict_complete	user	row_pooled	qwen2.5-0.5b-instruct	qwen2.5-7b-instruct	fisher_rao_magnitude_r	pearson_r	130742	130742	4934	1.0	0.39775494661663763	0.38917170739344487	0.4060453471924457	500	500	5cdd0d994946d7f7dc1e9db595c191f149f1c319dc01643a8e2217e6f1918339
race	sentence	open	strict_complete	user	row_pooled	qwen2.5-0.5b-instruct	qwen2.5-7b-instruct	fisher_local_magnitude_r	pearson_r	130742	130742	4934	1.0	0.06971563533657074	0.05945420163361649	0.08055000788129282	500	500	5cdd0d994946d7f7dc1e9db595c191f149f1c319dc01643a8e2217e6f1918339
race	sentence	open	strict_complete	user	prompt_equal	qwen2.5-0.5b-instruct	qwen2.5-7b-instruct	signed_frobenius_r	pearson_r	130742	130742	4934	1.0	0.31912146392507174	0.3096148011912132	0.32894371154097307	500	500	5cdd0d994946d7f7dc1e9db595c191f149f1c319dc01643a8e2217e6f1918339
race	sentence	open	strict_complete	user	prompt_equal	qwen2.5-0.5b-instruct	qwen2.5-7b-instruct	direction_cosine	mean_cosine	130742	130742	4934	1.0	0.1083808924396653	0.10300078015928804	0.11309810728812117	500	500	5cdd0d994946d7f7dc1e9db595c191f149f1c319dc01643a8e2217e6f1918339
race	sentence	open	strict_complete	user	prompt_equal	qwen2.5-0.5b-instruct	qwen2.5-7b-instruct	linear_cka	cka	130742	130742	4934	1.0	0.11147217520798336	0.10375757450642496	0.1192852713524975	500	500	5cdd0d994946d7f7dc1e9db595c191f149f1c319dc01643a8e2217e6f1918339
race	sentence	open	strict_complete	user	prompt_equal	qwen2.5-0.5b-instruct	qwen2.5-7b-instruct	aitchison_magnitude_r	pearson_r	130742	130742	4934	1.0	0.5003082451459124	0.49292722005873496	0.508294264436928	500	500	5cdd0d994946d7f7dc1e9db595c191f149f1c319dc01643a8e2217e6f1918339
race	sentence	open	strict_complete	user	prompt_equal	qwen2.5-0.5b-instruct	qwen2.5-7b-instruct	fisher_rao_magnitude_r	pearson_r	130742	130742	4934	1.0	0.39360950541029416	0.3850562845134386	0.40231681843753153	500	500	5cdd0d994946d7f7dc1e9db595c191f149f1c319dc01643a8e2217e6f1918339
race	sentence	open	strict_complete	user	prompt_equal	qwen2.5-0.5b-instruct	qwen2.5-7b-instruct	fisher_local_magnitude_r	pearson_r	130742	130742	4934	1.0	0.06475496860945117	0.05496574038618634	0.07529564587022483	500	500	5cdd0d994946d7f7dc1e9db595c191f149f1c319dc01643a8e2217e6f1918339
race	sentence	open	strict_complete	prediction	row_pooled	qwen2.5-0.5b-instruct	qwen2.5-14b-instruct	signed_frobenius_r	pearson_r	4934	4934	4934	1.0	0.5211364079878213	0.5065135772477249	0.534375041589139	500	500	9129492352050a90469e129e227aa64981779ed90dcc995e4392548fd068d6b2
race	sentence	open	strict_complete	prediction	row_pooled	qwen2.5-0.5b-instruct	qwen2.5-14b-instruct	direction_cosine	mean_cosine	4934	4934	4934	1.0	0.4359920226193095	0.4198407019629828	0.4529505713943256	500	500	9129492352050a90469e129e227aa64981779ed90dcc995e4392548fd068d6b2
race	sentence	open	strict_complete	prediction	row_pooled	qwen2.5-0.5b-instruct	qwen2.5-14b-instruct	linear_cka	cka	4934	4934	4934	1.0	0.2747630118816234	0.26025323718707877	0.2898859456674604	500	500	9129492352050a90469e129e227aa64981779ed90dcc995e4392548fd068d6b2
race	sentence	open	strict_complete	all	row_pooled	qwen2.5-0.5b-instruct	qwen2.5-14b-instruct	signed_frobenius_r	pearson_r	145544	145544	4934	1.0	0.21907350340218654	0.2106563980461842	0.22773296763173387	500	500	22b33c7df61e6bea55727cb267f6e5f9db519b3b362814b0cd9c06c4c20aab13
race	sentence	open	strict_complete	all	row_pooled	qwen2.5-0.5b-instruct	qwen2.5-14b-instruct	direction_cosine	mean_cosine	145544	145544	4934	1.0	0.09755025252200968	0.09233138253638064	0.10251965144659392	500	500	22b33c7df61e6bea55727cb267f6e5f9db519b3b362814b0cd9c06c4c20aab13
race	sentence	open	strict_complete	all	row_pooled	qwen2.5-0.5b-instruct	qwen2.5-14b-instruct	linear_cka	cka	145544	145544	4934	1.0	0.06204133477733859	0.05736197360897776	0.06704174607572326	500	500	22b33c7df61e6bea55727cb267f6e5f9db519b3b362814b0cd9c06c4c20aab13
race	sentence	open	strict_complete	all	row_pooled	qwen2.5-0.5b-instruct	qwen2.5-14b-instruct	aitchison_magnitude_r	pearson_r	145544	145544	4934	1.0	0.5015901844234669	0.49487795691560865	0.5084004276143931	500	500	22b33c7df61e6bea55727cb267f6e5f9db519b3b362814b0cd9c06c4c20aab13
race	sentence	open	strict_complete	all	row_pooled	qwen2.5-0.5b-instruct	qwen2.5-14b-instruct	fisher_rao_magnitude_r	pearson_r	145544	145544	4934	1.0	0.34305559205110864	0.33545087033858173	0.351631317451119	500	500	22b33c7df61e6bea55727cb267f6e5f9db519b3b362814b0cd9c06c4c20aab13
race	sentence	open	strict_complete	all	row_pooled	qwen2.5-0.5b-instruct	qwen2.5-14b-instruct	fisher_local_magnitude_r	pearson_r	145544	145544	4934	1.0	0.04385657261867931	0.035225523320994934	0.05266134522988189	500	500	22b33c7df61e6bea55727cb267f6e5f9db519b3b362814b0cd9c06c4c20aab13
race	sentence	open	strict_complete	all	prompt_equal	qwen2.5-0.5b-instruct	qwen2.5-14b-instruct	signed_frobenius_r	pearson_r	145544	145544	4934	1.0	0.220502557377746	0.21160798679895546	0.2296792201755468	500	500	22b33c7df61e6bea55727cb267f6e5f9db519b3b362814b0cd9c06c4c20aab13
race	sentence	open	strict_complete	all	prompt_equal	qwen2.5-0.5b-instruct	qwen2.5-14b-instruct	direction_cosine	mean_cosine	145544	145544	4934	1.0	0.10194545750488086	0.09719373061942227	0.10644829364508417	500	500	22b33c7df61e6bea55727cb267f6e5f9db519b3b362814b0cd9c06c4c20aab13
race	sentence	open	strict_complete	all	prompt_equal	qwen2.5-0.5b-instruct	qwen2.5-14b-instruct	linear_cka	cka	145544	145544	4934	1.0	0.06320935653422176	0.05816844059507443	0.06835301648652611	500	500	22b33c7df61e6bea55727cb267f6e5f9db519b3b362814b0cd9c06c4c20aab13
race	sentence	open	strict_complete	all	prompt_equal	qwen2.5-0.5b-instruct	qwen2.5-14b-instruct	aitchison_magnitude_r	pearson_r	145544	145544	4934	1.0	0.49132383267085283	0.483888205418556	0.4980943423549061	500	500	22b33c7df61e6bea55727cb267f6e5f9db519b3b362814b0cd9c06c4c20aab13
race	sentence	open	strict_complete	all	prompt_equal	qwen2.5-0.5b-instruct	qwen2.5-14b-instruct	fisher_rao_magnitude_r	pearson_r	145544	145544	4934	1.0	0.33881246853213554	0.3300887003597661	0.3481770088676537	500	500	22b33c7df61e6bea55727cb267f6e5f9db519b3b362814b0cd9c06c4c20aab13
race	sentence	open	strict_complete	all	prompt_equal	qwen2.5-0.5b-instruct	qwen2.5-14b-instruct	fisher_local_magnitude_r	pearson_r	145544	145544	4934	1.0	0.041665227342343555	0.032382338886258334	0.05096900026331043	500	500	22b33c7df61e6bea55727cb267f6e5f9db519b3b362814b0cd9c06c4c20aab13
race	sentence	open	strict_complete	system	row_pooled	qwen2.5-0.5b-instruct	qwen2.5-14b-instruct	signed_frobenius_r	pearson_r	14802	14802	4934	1.0	0.10969608480168229	0.09808592197754368	0.12262238512974066	500	500	c601e3e1f8531498da4fc2c4da48f94e8f82ee0eb4cc01e20e698b8e637ae831
race	sentence	open	strict_complete	system	row_pooled	qwen2.5-0.5b-instruct	qwen2.5-14b-instruct	direction_cosine	mean_cosine	14802	14802	4934	1.0	0.16779863389866434	0.15826818148618618	0.17834675465903638	500	500	c601e3e1f8531498da4fc2c4da48f94e8f82ee0eb4cc01e20e698b8e637ae831
race	sentence	open	strict_complete	system	row_pooled	qwen2.5-0.5b-instruct	qwen2.5-14b-instruct	linear_cka	cka	14802	14802	4934	1.0	0.020414191729344007	0.017670873845468386	0.02411201592749486	500	500	c601e3e1f8531498da4fc2c4da48f94e8f82ee0eb4cc01e20e698b8e637ae831
race	sentence	open	strict_complete	system	row_pooled	qwen2.5-0.5b-instruct	qwen2.5-14b-instruct	aitchison_magnitude_r	pearson_r	14802	14802	4934	1.0	0.4307133845901647	0.41932119622984615	0.4411132543560023	500	500	c601e3e1f8531498da4fc2c4da48f94e8f82ee0eb4cc01e20e698b8e637ae831
race	sentence	open	strict_complete	system	row_pooled	qwen2.5-0.5b-instruct	qwen2.5-14b-instruct	fisher_rao_magnitude_r	pearson_r	14802	14802	4934	1.0	0.06337903285809819	0.046499768667579405	0.08222381375036264	500	500	c601e3e1f8531498da4fc2c4da48f94e8f82ee0eb4cc01e20e698b8e637ae831
race	sentence	open	strict_complete	system	row_pooled	qwen2.5-0.5b-instruct	qwen2.5-14b-instruct	fisher_local_magnitude_r	pearson_r	14802	14802	4934	1.0	0.02372299874106588	0.007138442976600686	0.0420386172708863	500	500	c601e3e1f8531498da4fc2c4da48f94e8f82ee0eb4cc01e20e698b8e637ae831
race	sentence	open	strict_complete	system	prompt_equal	qwen2.5-0.5b-instruct	qwen2.5-14b-instruct	signed_frobenius_r	pearson_r	14802	14802	4934	1.0	0.1096960848016823	0.09808592197754368	0.12262238512974066	500	500	c601e3e1f8531498da4fc2c4da48f94e8f82ee0eb4cc01e20e698b8e637ae831
race	sentence	open	strict_complete	system	prompt_equal	qwen2.5-0.5b-instruct	qwen2.5-14b-instruct	direction_cosine	mean_cosine	14802	14802	4934	1.0	0.16779863389866434	0.15826818148618618	0.17834675465903638	500	500	c601e3e1f8531498da4fc2c4da48f94e8f82ee0eb4cc01e20e698b8e637ae831
race	sentence	open	strict_complete	system	prompt_equal	qwen2.5-0.5b-instruct	qwen2.5-14b-instruct	linear_cka	cka	14802	14802	4934	1.0	0.020414191729344004	0.017670873845468386	0.024112015927494856	500	500	c601e3e1f8531498da4fc2c4da48f94e8f82ee0eb4cc01e20e698b8e637ae831
race	sentence	open	strict_complete	system	prompt_equal	qwen2.5-0.5b-instruct	qwen2.5-14b-instruct	aitchison_magnitude_r	pearson_r	14802	14802	4934	1.0	0.4307133845901656	0.41932119622984615	0.44111325435600207	500	500	c601e3e1f8531498da4fc2c4da48f94e8f82ee0eb4cc01e20e698b8e637ae831
race	sentence	open	strict_complete	system	prompt_equal	qwen2.5-0.5b-instruct	qwen2.5-14b-instruct	fisher_rao_magnitude_r	pearson_r	14802	14802	4934	1.0	0.06337903285809818	0.046499768667579475	0.0822238137503627	500	500	c601e3e1f8531498da4fc2c4da48f94e8f82ee0eb4cc01e20e698b8e637ae831
race	sentence	open	strict_complete	system	prompt_equal	qwen2.5-0.5b-instruct	qwen2.5-14b-instruct	fisher_local_magnitude_r	pearson_r	14802	14802	4934	1.0	0.023722998741065898	0.00713844297660064	0.0420386172708863	500	500	c601e3e1f8531498da4fc2c4da48f94e8f82ee0eb4cc01e20e698b8e637ae831
race	sentence	open	strict_complete	user	row_pooled	qwen2.5-0.5b-instruct	qwen2.5-14b-instruct	signed_frobenius_r	pearson_r	130742	130742	4934	1.0	0.22477370582891168	0.21582454320982292	0.23355779531304807	500	500	5cdd0d994946d7f7dc1e9db595c191f149f1c319dc01643a8e2217e6f1918339
race	sentence	open	strict_complete	user	row_pooled	qwen2.5-0.5b-instruct	qwen2.5-14b-instruct	direction_cosine	mean_cosine	130742	130742	4934	1.0	0.08959705813048098	0.08410800599089291	0.09477206359861841	500	500	5cdd0d994946d7f7dc1e9db595c191f149f1c319dc01643a8e2217e6f1918339
race	sentence	open	strict_complete	user	row_pooled	qwen2.5-0.5b-instruct	qwen2.5-14b-instruct	linear_cka	cka	130742	130742	4934	1.0	0.06457606331979573	0.059600637017831394	0.0696801091428474	500	500	5cdd0d994946d7f7dc1e9db595c191f149f1c319dc01643a8e2217e6f1918339
race	sentence	open	strict_complete	user	row_pooled	qwen2.5-0.5b-instruct	qwen2.5-14b-instruct	aitchison_magnitude_r	pearson_r	130742	130742	4934	1.0	0.5072944203198406	0.5005112372647104	0.5137057696613346	500	500	5cdd0d994946d7f7dc1e9db595c191f149f1c319dc01643a8e2217e6f1918339
race	sentence	open	strict_complete	user	row_pooled	qwen2.5-0.5b-instruct	qwen2.5-14b-instruct	fisher_rao_magnitude_r	pearson_r	130742	130742	4934	1.0	0.35560314816563054	0.3474507849556944	0.3632225724330109	500	500	5cdd0d994946d7f7dc1e9db595c191f149f1c319dc01643a8e2217e6f1918339
race	sentence	open	strict_complete	user	row_pooled	qwen2.5-0.5b-instruct	qwen2.5-14b-instruct	fisher_local_magnitude_r	pearson_r	130742	130742	4934	1.0	0.04564529431174069	0.03672960076690286	0.05562941221587979	500	500	5cdd0d994946d7f7dc1e9db595c191f149f1c319dc01643a8e2217e6f1918339
race	sentence	open	strict_complete	user	prompt_equal	qwen2.5-0.5b-instruct	qwen2.5-14b-instruct	signed_frobenius_r	pearson_r	130742	130742	4934	1.0	0.2262825313231923	0.21649621856892662	0.2351016956937297	500	500	5cdd0d994946d7f7dc1e9db595c191f149f1c319dc01643a8e2217e6f1918339
race	sentence	open	strict_complete	user	prompt_equal	qwen2.5-0.5b-instruct	qwen2.5-14b-instruct	direction_cosine	mean_cosine	130742	130742	4934	1.0	0.09398655851864736	0.08829294662264882	0.09883504147268346	500	500	5cdd0d994946d7f7dc1e9db595c191f149f1c319dc01643a8e2217e6f1918339
race	sentence	open	strict_complete	user	prompt_equal	qwen2.5-0.5b-instruct	qwen2.5-14b-instruct	linear_cka	cka	130742	130742	4934	1.0	0.06591025513673601	0.060743674419145605	0.07137301039267117	500	500	5cdd0d994946d7f7dc1e9db595c191f149f1c319dc01643a8e2217e6f1918339
race	sentence	open	strict_complete	user	prompt_equal	qwen2.5-0.5b-instruct	qwen2.5-14b-instruct	aitchison_magnitude_r	pearson_r	130742	130742	4934	1.0	0.49532661584141013	0.48866972338591896	0.5024028230653226	500	500	5cdd0d994946d7f7dc1e9db595c191f149f1c319dc01643a8e2217e6f1918339
race	sentence	open	strict_complete	user	prompt_equal	qwen2.5-0.5b-instruct	qwen2.5-14b-instruct	fisher_rao_magnitude_r	pearson_r	130742	130742	4934	1.0	0.34983552263357487	0.3411640313148053	0.3578481641793232	500	500	5cdd0d994946d7f7dc1e9db595c191f149f1c319dc01643a8e2217e6f1918339
race	sentence	open	strict_complete	user	prompt_equal	qwen2.5-0.5b-instruct	qwen2.5-14b-instruct	fisher_local_magnitude_r	pearson_r	130742	130742	4934	1.0	0.042903271426436206	0.03285196699305134	0.053794198980135904	500	500	5cdd0d994946d7f7dc1e9db595c191f149f1c319dc01643a8e2217e6f1918339
race	sentence	open	strict_complete	prediction	row_pooled	qwen2.5-3b-instruct	llama-3.1-8b-instruct	signed_frobenius_r	pearson_r	4934	4934	4934	1.0	0.824170763492672	0.8172702333018763	0.8302894405601834	500	500	9129492352050a90469e129e227aa64981779ed90dcc995e4392548fd068d6b2
race	sentence	open	strict_complete	prediction	row_pooled	qwen2.5-3b-instruct	llama-3.1-8b-instruct	direction_cosine	mean_cosine	4934	4934	4934	1.0	0.7842639180015254	0.7737272631452667	0.7937670030908975	500	500	9129492352050a90469e129e227aa64981779ed90dcc995e4392548fd068d6b2
race	sentence	open	strict_complete	prediction	row_pooled	qwen2.5-3b-instruct	llama-3.1-8b-instruct	linear_cka	cka	4934	4934	4934	1.0	0.67799621754745	0.6664534075381547	0.688150139772726	500	500	9129492352050a90469e129e227aa64981779ed90dcc995e4392548fd068d6b2
race	sentence	open	strict_complete	all	row_pooled	qwen2.5-3b-instruct	llama-3.1-8b-instruct	signed_frobenius_r	pearson_r	145544	145544	4934	1.0	0.5660115196901118	0.5594113357301611	0.5726879787720734	500	500	22b33c7df61e6bea55727cb267f6e5f9db519b3b362814b0cd9c06c4c20aab13
race	sentence	open	strict_complete	all	row_pooled	qwen2.5-3b-instruct	llama-3.1-8b-instruct	direction_cosine	mean_cosine	145544	145544	4934	1.0	0.1820802086888219	0.17716654925864125	0.1874217287807287	500	500	22b33c7df61e6bea55727cb267f6e5f9db519b3b362814b0cd9c06c4c20aab13
race	sentence	open	strict_complete	all	row_pooled	qwen2.5-3b-instruct	llama-3.1-8b-instruct	linear_cka	cka	145544	145544	4934	1.0	0.3267729517013571	0.31877154562521515	0.33441489246756345	500	500	22b33c7df61e6bea55727cb267f6e5f9db519b3b362814b0cd9c06c4c20aab13
race	sentence	open	strict_complete	all	row_pooled	qwen2.5-3b-instruct	llama-3.1-8b-instruct	aitchison_magnitude_r	pearson_r	145544	145544	4934	1.0	0.6722374927085395	0.6665954853230602	0.6780963869354306	500	500	22b33c7df61e6bea55727cb267f6e5f9db519b3b362814b0cd9c06c4c20aab13
race	sentence	open	strict_complete	all	row_pooled	qwen2.5-3b-instruct	llama-3.1-8b-instruct	fisher_rao_magnitude_r	pearson_r	145544	145544	4934	1.0	0.5389449245273455	0.5307365507674041	0.5471114059639111	500	500	22b33c7df61e6bea55727cb267f6e5f9db519b3b362814b0cd9c06c4c20aab13
race	sentence	open	strict_complete	all	row_pooled	qwen2.5-3b-instruct	llama-3.1-8b-instruct	fisher_local_magnitude_r	pearson_r	145544	145544	4934	1.0	0.15632908860506076	0.13602000076202808	0.17641345634761033	500	500	22b33c7df61e6bea55727cb267f6e5f9db519b3b362814b0cd9c06c4c20aab13
race	sentence	open	strict_complete	all	prompt_equal	qwen2.5-3b-instruct	llama-3.1-8b-instruct	signed_frobenius_r	pearson_r	145544	145544	4934	1.0	0.5684968661158213	0.5617033253885834	0.5751836397019944	500	500	22b33c7df61e6bea55727cb267f6e5f9db519b3b362814b0cd9c06c4c20aab13
race	sentence	open	strict_complete	all	prompt_equal	qwen2.5-3b-instruct	llama-3.1-8b-instruct	direction_cosine	mean_cosine	145544	145544	4934	1.0	0.19281662236622008	0.1882855622158315	0.19749077340768698	500	500	22b33c7df61e6bea55727cb267f6e5f9db519b3b362814b0cd9c06c4c20aab13
race	sentence	open	strict_complete	all	prompt_equal	qwen2.5-3b-instruct	llama-3.1-8b-instruct	linear_cka	cka	145544	145544	4934	1.0	0.32972262432703636	0.32168067852251425	0.33772863975293405	500	500	22b33c7df61e6bea55727cb267f6e5f9db519b3b362814b0cd9c06c4c20aab13
race	sentence	open	strict_complete	all	prompt_equal	qwen2.5-3b-instruct	llama-3.1-8b-instruct	aitchison_magnitude_r	pearson_r	145544	145544	4934	1.0	0.6674304140261498	0.6615827604428477	0.6735012213815449	500	500	22b33c7df61e6bea55727cb267f6e5f9db519b3b362814b0cd9c06c4c20aab13
race	sentence	open	strict_complete	all	prompt_equal	qwen2.5-3b-instruct	llama-3.1-8b-instruct	fisher_rao_magnitude_r	pearson_r	145544	145544	4934	1.0	0.5380924220577371	0.5297321989226462	0.5467543408588977	500	500	22b33c7df61e6bea55727cb267f6e5f9db519b3b362814b0cd9c06c4c20aab13
race	sentence	open	strict_complete	all	prompt_equal	qwen2.5-3b-instruct	llama-3.1-8b-instruct	fisher_local_magnitude_r	pearson_r	145544	145544	4934	1.0	0.15413455053073474	0.13478270750477048	0.17435312065549782	500	500	22b33c7df61e6bea55727cb267f6e5f9db519b3b362814b0cd9c06c4c20aab13
race	sentence	open	strict_complete	system	row_pooled	qwen2.5-3b-instruct	llama-3.1-8b-instruct	signed_frobenius_r	pearson_r	14802	14802	4934	1.0	0.4460589017499967	0.43454850682404955	0.45690457250314687	500	500	c601e3e1f8531498da4fc2c4da48f94e8f82ee0eb4cc01e20e698b8e637ae831
race	sentence	open	strict_complete	system	row_pooled	qwen2.5-3b-instruct	llama-3.1-8b-instruct	direction_cosine	mean_cosine	14802	14802	4934	1.0	0.18966737535291886	0.18125202588013548	0.19772792896326966	500	500	c601e3e1f8531498da4fc2c4da48f94e8f82ee0eb4cc01e20e698b8e637ae831
race	sentence	open	strict_complete	system	row_pooled	qwen2.5-3b-instruct	llama-3.1-8b-instruct	linear_cka	cka	14802	14802	4934	1.0	0.20169766415435667	0.1912316678670296	0.21179191675998604	500	500	c601e3e1f8531498da4fc2c4da48f94e8f82ee0eb4cc01e20e698b8e637ae831
race	sentence	open	strict_complete	system	row_pooled	qwen2.5-3b-instruct	llama-3.1-8b-instruct	aitchison_magnitude_r	pearson_r	14802	14802	4934	1.0	0.616958072784604	0.6060345337429075	0.6276833104115822	500	500	c601e3e1f8531498da4fc2c4da48f94e8f82ee0eb4cc01e20e698b8e637ae831
race	sentence	open	strict_complete	system	row_pooled	qwen2.5-3b-instruct	llama-3.1-8b-instruct	fisher_rao_magnitude_r	pearson_r	14802	14802	4934	1.0	0.32779997395922467	0.3090561906533729	0.344634979333703	500	500	c601e3e1f8531498da4fc2c4da48f94e8f82ee0eb4cc01e20e698b8e637ae831
race	sentence	open	strict_complete	system	row_pooled	qwen2.5-3b-instruct	llama-3.1-8b-instruct	fisher_local_magnitude_r	pearson_r	14802	14802	4934	1.0	0.15391469935558771	0.13104364755274228	0.1759923864061099	500	500	c601e3e1f8531498da4fc2c4da48f94e8f82ee0eb4cc01e20e698b8e637ae831
race	sentence	open	strict_complete	system	prompt_equal	qwen2.5-3b-instruct	llama-3.1-8b-instruct	signed_frobenius_r	pearson_r	14802	14802	4934	1.0	0.44605890174999685	0.43454850682404955	0.456904572503147	500	500	c601e3e1f8531498da4fc2c4da48f94e8f82ee0eb4cc01e20e698b8e637ae831
race	sentence	open	strict_complete	system	prompt_equal	qwen2.5-3b-instruct	llama-3.1-8b-instruct	direction_cosine	mean_cosine	14802	14802	4934	1.0	0.18966737535291886	0.18125202588013548	0.19772792896326966	500	500	c601e3e1f8531498da4fc2c4da48f94e8f82ee0eb4cc01e20e698b8e637ae831
race	sentence	open	strict_complete	system	prompt_equal	qwen2.5-3b-instruct	llama-3.1-8b-instruct	linear_cka	cka	14802	14802	4934	1.0	0.2016976641543567	0.19123166786702958	0.2117919167599861	500	500	c601e3e1f8531498da4fc2c4da48f94e8f82ee0eb4cc01e20e698b8e637ae831
race	sentence	open	strict_complete	system	prompt_equal	qwen2.5-3b-instruct	llama-3.1-8b-instruct	aitchison_magnitude_r	pearson_r	14802	14802	4934	1.0	0.6169580727846034	0.6060345337429075	0.6276833104115822	500	500	c601e3e1f8531498da4fc2c4da48f94e8f82ee0eb4cc01e20e698b8e637ae831
race	sentence	open	strict_complete	system	prompt_equal	qwen2.5-3b-instruct	llama-3.1-8b-instruct	fisher_rao_magnitude_r	pearson_r	14802	14802	4934	1.0	0.3277999739592246	0.30905619065337286	0.34463497933370296	500	500	c601e3e1f8531498da4fc2c4da48f94e8f82ee0eb4cc01e20e698b8e637ae831
race	sentence	open	strict_complete	system	prompt_equal	qwen2.5-3b-instruct	llama-3.1-8b-instruct	fisher_local_magnitude_r	pearson_r	14802	14802	4934	1.0	0.15391469935558785	0.13104364755274242	0.17599238640610987	500	500	c601e3e1f8531498da4fc2c4da48f94e8f82ee0eb4cc01e20e698b8e637ae831
race	sentence	open	strict_complete	user	row_pooled	qwen2.5-3b-instruct	llama-3.1-8b-instruct	signed_frobenius_r	pearson_r	130742	130742	4934	1.0	0.582448434378182	0.5743758085700572	0.5895927731922472	500	500	5cdd0d994946d7f7dc1e9db595c191f149f1c319dc01643a8e2217e6f1918339
race	sentence	open	strict_complete	user	row_pooled	qwen2.5-3b-instruct	llama-3.1-8b-instruct	direction_cosine	mean_cosine	130742	130742	4934	1.0	0.1812212250342812	0.17554558111448604	0.18618049073652135	500	500	5cdd0d994946d7f7dc1e9db595c191f149f1c319dc01643a8e2217e6f1918339
race	sentence	open	strict_complete	user	row_pooled	qwen2.5-3b-instruct	llama-3.1-8b-instruct	linear_cka	cka	130742	130742	4934	1.0	0.3475181971385349	0.3378590137682276	0.35650474469578325	500	500	5cdd0d994946d7f7dc1e9db595c191f149f1c319dc01643a8e2217e6f1918339
race	sentence	open	strict_complete	user	row_pooled	qwen2.5-3b-instruct	llama-3.1-8b-instruct	aitchison_magnitude_r	pearson_r	130742	130742	4934	1.0	0.6815415432838989	0.6745204691530021	0.6879350110519304	500	500	5cdd0d994946d7f7dc1e9db595c191f149f1c319dc01643a8e2217e6f1918339
race	sentence	open	strict_complete	user	row_pooled	qwen2.5-3b-instruct	llama-3.1-8b-instruct	fisher_rao_magnitude_r	pearson_r	130742	130742	4934	1.0	0.553590246653858	0.5442231634202889	0.5628191633036949	500	500	5cdd0d994946d7f7dc1e9db595c191f149f1c319dc01643a8e2217e6f1918339
race	sentence	open	strict_complete	user	row_pooled	qwen2.5-3b-instruct	llama-3.1-8b-instruct	fisher_local_magnitude_r	pearson_r	130742	130742	4934	1.0	0.15667309180351546	0.136088402167177	0.17696734893524285	500	500	5cdd0d994946d7f7dc1e9db595c191f149f1c319dc01643a8e2217e6f1918339
race	sentence	open	strict_complete	user	prompt_equal	qwen2.5-3b-instruct	llama-3.1-8b-instruct	signed_frobenius_r	pearson_r	130742	130742	4934	1.0	0.5851685168342149	0.5767007522648602	0.5927270002535914	500	500	5cdd0d994946d7f7dc1e9db595c191f149f1c319dc01643a8e2217e6f1918339
race	sentence	open	strict_complete	user	prompt_equal	qwen2.5-3b-instruct	llama-3.1-8b-instruct	direction_cosine	mean_cosine	130742	130742	4934	1.0	0.1947487331668937	0.18921342568552543	0.19977709624235682	500	500	5cdd0d994946d7f7dc1e9db595c191f149f1c319dc01643a8e2217e6f1918339
race	sentence	open	strict_complete	user	prompt_equal	qwen2.5-3b-instruct	llama-3.1-8b-instruct	linear_cka	cka	130742	130742	4934	1.0	0.3508274471423409	0.34066069733598775	0.3600256365486146	500	500	5cdd0d994946d7f7dc1e9db595c191f149f1c319dc01643a8e2217e6f1918339
race	sentence	open	strict_complete	user	prompt_equal	qwen2.5-3b-instruct	llama-3.1-8b-instruct	aitchison_magnitude_r	pearson_r	130742	130742	4934	1.0	0.6763249500468216	0.6694196045302703	0.6833657928985581	500	500	5cdd0d994946d7f7dc1e9db595c191f149f1c319dc01643a8e2217e6f1918339
race	sentence	open	strict_complete	user	prompt_equal	qwen2.5-3b-instruct	llama-3.1-8b-instruct	fisher_rao_magnitude_r	pearson_r	130742	130742	4934	1.0	0.552362977146011	0.5420644359381461	0.5618264262455686	500	500	5cdd0d994946d7f7dc1e9db595c191f149f1c319dc01643a8e2217e6f1918339
race	sentence	open	strict_complete	user	prompt_equal	qwen2.5-3b-instruct	llama-3.1-8b-instruct	fisher_local_magnitude_r	pearson_r	130742	130742	4934	1.0	0.15362522548921925	0.13381041693315585	0.1719216570937943	500	500	5cdd0d994946d7f7dc1e9db595c191f149f1c319dc01643a8e2217e6f1918339
race	sentence	open	strict_complete	prediction	row_pooled	qwen2.5-3b-instruct	qwen2.5-7b-instruct	signed_frobenius_r	pearson_r	4934	4934	4934	1.0	0.8835947613994847	0.8772998563717365	0.8900625943956968	500	500	9129492352050a90469e129e227aa64981779ed90dcc995e4392548fd068d6b2
race	sentence	open	strict_complete	prediction	row_pooled	qwen2.5-3b-instruct	qwen2.5-7b-instruct	direction_cosine	mean_cosine	4934	4934	4934	1.0	0.8378440605289612	0.8290846531209152	0.8471716113733151	500	500	9129492352050a90469e129e227aa64981779ed90dcc995e4392548fd068d6b2
race	sentence	open	strict_complete	prediction	row_pooled	qwen2.5-3b-instruct	qwen2.5-7b-instruct	linear_cka	cka	4934	4934	4934	1.0	0.7732436635751841	0.7627968562444515	0.7844921539437028	500	500	9129492352050a90469e129e227aa64981779ed90dcc995e4392548fd068d6b2
race	sentence	open	strict_complete	all	row_pooled	qwen2.5-3b-instruct	qwen2.5-7b-instruct	signed_frobenius_r	pearson_r	145544	145544	4934	1.0	0.623749491338509	0.6166260158165521	0.6302950730750316	500	500	22b33c7df61e6bea55727cb267f6e5f9db519b3b362814b0cd9c06c4c20aab13
race	sentence	open	strict_complete	all	row_pooled	qwen2.5-3b-instruct	qwen2.5-7b-instruct	direction_cosine	mean_cosine	145544	145544	4934	1.0	0.22555200843437065	0.22070783964778948	0.23048202196461628	500	500	22b33c7df61e6bea55727cb267f6e5f9db519b3b362814b0cd9c06c4c20aab13
race	sentence	open	strict_complete	all	row_pooled	qwen2.5-3b-instruct	qwen2.5-7b-instruct	linear_cka	cka	145544	145544	4934	1.0	0.39423695892702154	0.38489842795356594	0.40300932667560563	500	500	22b33c7df61e6bea55727cb267f6e5f9db519b3b362814b0cd9c06c4c20aab13
race	sentence	open	strict_complete	all	row_pooled	qwen2.5-3b-instruct	qwen2.5-7b-instruct	aitchison_magnitude_r	pearson_r	145544	145544	4934	1.0	0.7340956336380746	0.7285058965821667	0.7387046847872312	500	500	22b33c7df61e6bea55727cb267f6e5f9db519b3b362814b0cd9c06c4c20aab13
race	sentence	open	strict_complete	all	row_pooled	qwen2.5-3b-instruct	qwen2.5-7b-instruct	fisher_rao_magnitude_r	pearson_r	145544	145544	4934	1.0	0.5027531063197117	0.49233142703628563	0.5133559383372571	500	500	22b33c7df61e6bea55727cb267f6e5f9db519b3b362814b0cd9c06c4c20aab13
race	sentence	open	strict_complete	all	row_pooled	qwen2.5-3b-instruct	qwen2.5-7b-instruct	fisher_local_magnitude_r	pearson_r	145544	145544	4934	1.0	0.08692334963930147	0.06473694874908335	0.10961933772163782	500	500	22b33c7df61e6bea55727cb267f6e5f9db519b3b362814b0cd9c06c4c20aab13
race	sentence	open	strict_complete	all	prompt_equal	qwen2.5-3b-instruct	qwen2.5-7b-instruct	signed_frobenius_r	pearson_r	145544	145544	4934	1.0	0.6278072806167301	0.6209851365025683	0.6342864132722064	500	500	22b33c7df61e6bea55727cb267f6e5f9db519b3b362814b0cd9c06c4c20aab13
race	sentence	open	strict_complete	all	prompt_equal	qwen2.5-3b-instruct	qwen2.5-7b-instruct	direction_cosine	mean_cosine	145544	145544	4934	1.0	0.23736985354864273	0.23277837688592753	0.2418924182411391	500	500	22b33c7df61e6bea55727cb267f6e5f9db519b3b362814b0cd9c06c4c20aab13
race	sentence	open	strict_complete	all	prompt_equal	qwen2.5-3b-instruct	qwen2.5-7b-instruct	linear_cka	cka	145544	145544	4934	1.0	0.39955711722130355	0.39092331567081473	0.4084534580477992	500	500	22b33c7df61e6bea55727cb267f6e5f9db519b3b362814b0cd9c06c4c20aab13
race	sentence	open	strict_complete	all	prompt_equal	qwen2.5-3b-instruct	qwen2.5-7b-instruct	aitchison_magnitude_r	pearson_r	145544	145544	4934	1.0	0.7321621932506541	0.7265013793942978	0.7372525319145946	500	500	22b33c7df61e6bea55727cb267f6e5f9db519b3b362814b0cd9c06c4c20aab13
race	sentence	open	strict_complete	all	prompt_equal	qwen2.5-3b-instruct	qwen2.5-7b-instruct	fisher_rao_magnitude_r	pearson_r	145544	145544	4934	1.0	0.5039623694008485	0.49383163122210394	0.5143706011115541	500	500	22b33c7df61e6bea55727cb267f6e5f9db519b3b362814b0cd9c06c4c20aab13
race	sentence	open	strict_complete	all	prompt_equal	qwen2.5-3b-instruct	qwen2.5-7b-instruct	fisher_local_magnitude_r	pearson_r	145544	145544	4934	1.0	0.08911777787735219	0.06668954478588696	0.11282413534776471	500	500	22b33c7df61e6bea55727cb267f6e5f9db519b3b362814b0cd9c06c4c20aab13
race	sentence	open	strict_complete	system	row_pooled	qwen2.5-3b-instruct	qwen2.5-7b-instruct	signed_frobenius_r	pearson_r	14802	14802	4934	1.0	0.46275920748598953	0.45240297755657216	0.47318653543956685	500	500	c601e3e1f8531498da4fc2c4da48f94e8f82ee0eb4cc01e20e698b8e637ae831
race	sentence	open	strict_complete	system	row_pooled	qwen2.5-3b-instruct	qwen2.5-7b-instruct	direction_cosine	mean_cosine	14802	14802	4934	1.0	0.13757965733546926	0.12932251838124986	0.14648323332250823	500	500	c601e3e1f8531498da4fc2c4da48f94e8f82ee0eb4cc01e20e698b8e637ae831
race	sentence	open	strict_complete	system	row_pooled	qwen2.5-3b-instruct	qwen2.5-7b-instruct	linear_cka	cka	14802	14802	4934	1.0	0.2378930160905107	0.2276731098373822	0.24894432735841213	500	500	c601e3e1f8531498da4fc2c4da48f94e8f82ee0eb4cc01e20e698b8e637ae831
race	sentence	open	strict_complete	system	row_pooled	qwen2.5-3b-instruct	qwen2.5-7b-instruct	aitchison_magnitude_r	pearson_r	14802	14802	4934	1.0	0.6742073572375294	0.6640813048987995	0.6832654131542486	500	500	c601e3e1f8531498da4fc2c4da48f94e8f82ee0eb4cc01e20e698b8e637ae831
race	sentence	open	strict_complete	system	row_pooled	qwen2.5-3b-instruct	qwen2.5-7b-instruct	fisher_rao_magnitude_r	pearson_r	14802	14802	4934	1.0	0.16014590828684525	0.13854413401985502	0.17948927762775313	500	500	c601e3e1f8531498da4fc2c4da48f94e8f82ee0eb4cc01e20e698b8e637ae831
race	sentence	open	strict_complete	system	row_pooled	qwen2.5-3b-instruct	qwen2.5-7b-instruct	fisher_local_magnitude_r	pearson_r	14802	14802	4934	1.0	0.07239517144651623	0.04829098683211373	0.10188579252429339	500	500	c601e3e1f8531498da4fc2c4da48f94e8f82ee0eb4cc01e20e698b8e637ae831
race	sentence	open	strict_complete	system	prompt_equal	qwen2.5-3b-instruct	qwen2.5-7b-instruct	signed_frobenius_r	pearson_r	14802	14802	4934	1.0	0.46275920748598953	0.45240297755657216	0.4731865354395668	500	500	c601e3e1f8531498da4fc2c4da48f94e8f82ee0eb4cc01e20e698b8e637ae831
race	sentence	open	strict_complete	system	prompt_equal	qwen2.5-3b-instruct	qwen2.5-7b-instruct	direction_cosine	mean_cosine	14802	14802	4934	1.0	0.13757965733546929	0.12932251838124986	0.14648323332250826	500	500	c601e3e1f8531498da4fc2c4da48f94e8f82ee0eb4cc01e20e698b8e637ae831
race	sentence	open	strict_complete	system	prompt_equal	qwen2.5-3b-instruct	qwen2.5-7b-instruct	linear_cka	cka	14802	14802	4934	1.0	0.2378930160905107	0.22767310983738218	0.24894432735841213	500	500	c601e3e1f8531498da4fc2c4da48f94e8f82ee0eb4cc01e20e698b8e637ae831
race	sentence	open	strict_complete	system	prompt_equal	qwen2.5-3b-instruct	qwen2.5-7b-instruct	aitchison_magnitude_r	pearson_r	14802	14802	4934	1.0	0.6742073572375299	0.6640813048987998	0.6832654131542489	500	500	c601e3e1f8531498da4fc2c4da48f94e8f82ee0eb4cc01e20e698b8e637ae831
race	sentence	open	strict_complete	system	prompt_equal	qwen2.5-3b-instruct	qwen2.5-7b-instruct	fisher_rao_magnitude_r	pearson_r	14802	14802	4934	1.0	0.1601459082868453	0.1385441340198551	0.17948927762775319	500	500	c601e3e1f8531498da4fc2c4da48f94e8f82ee0eb4cc01e20e698b8e637ae831
race	sentence	open	strict_complete	system	prompt_equal	qwen2.5-3b-instruct	qwen2.5-7b-instruct	fisher_local_magnitude_r	pearson_r	14802	14802	4934	1.0	0.07239517144651629	0.048290986832113726	0.10188579252429339	500	500	c601e3e1f8531498da4fc2c4da48f94e8f82ee0eb4cc01e20e698b8e637ae831
race	sentence	open	strict_complete	user	row_pooled	qwen2.5-3b-instruct	qwen2.5-7b-instruct	signed_frobenius_r	pearson_r	130742	130742	4934	1.0	0.645070146203096	0.637998935261187	0.6523313960989474	500	500	5cdd0d994946d7f7dc1e9db595c191f149f1c319dc01643a8e2217e6f1918339
race	sentence	open	strict_complete	user	row_pooled	qwen2.5-3b-instruct	qwen2.5-7b-instruct	direction_cosine	mean_cosine	130742	130742	4934	1.0	0.23551190426632804	0.2308339424369614	0.2400597540258136	500	500	5cdd0d994946d7f7dc1e9db595c191f149f1c319dc01643a8e2217e6f1918339
race	sentence	open	strict_complete	user	row_pooled	qwen2.5-3b-instruct	qwen2.5-7b-instruct	linear_cka	cka	130742	130742	4934	1.0	0.42132540742370256	0.41171082702955925	0.430787544332728	500	500	5cdd0d994946d7f7dc1e9db595c191f149f1c319dc01643a8e2217e6f1918339
race	sentence	open	strict_complete	user	row_pooled	qwen2.5-3b-instruct	qwen2.5-7b-instruct	aitchison_magnitude_r	pearson_r	130742	130742	4934	1.0	0.7540250301461029	0.7485298058112154	0.7590742282302557	500	500	5cdd0d994946d7f7dc1e9db595c191f149f1c319dc01643a8e2217e6f1918339
race	sentence	open	strict_complete	user	row_pooled	qwen2.5-3b-instruct	qwen2.5-7b-instruct	fisher_rao_magnitude_r	pearson_r	130742	130742	4934	1.0	0.5236821898735977	0.5141102770971401	0.533688356548245	500	500	5cdd0d994946d7f7dc1e9db595c191f149f1c319dc01643a8e2217e6f1918339
race	sentence	open	strict_complete	user	row_pooled	qwen2.5-3b-instruct	qwen2.5-7b-instruct	fisher_local_magnitude_r	pearson_r	130742	130742	4934	1.0	0.08734720454600996	0.06610517517480095	0.10817650498535487	500	500	5cdd0d994946d7f7dc1e9db595c191f149f1c319dc01643a8e2217e6f1918339
race	sentence	open	strict_complete	user	prompt_equal	qwen2.5-3b-instruct	qwen2.5-7b-instruct	signed_frobenius_r	pearson_r	130742	130742	4934	1.0	0.6493961742002866	0.6424527975708992	0.656368712028888	500	500	5cdd0d994946d7f7dc1e9db595c191f149f1c319dc01643a8e2217e6f1918339
race	sentence	open	strict_complete	user	prompt_equal	qwen2.5-3b-instruct	qwen2.5-7b-instruct	direction_cosine	mean_cosine	130742	130742	4934	1.0	0.2509526930053468	0.24646686457433184	0.2556569054127394	500	500	5cdd0d994946d7f7dc1e9db595c191f149f1c319dc01643a8e2217e6f1918339
race	sentence	open	strict_complete	user	prompt_equal	qwen2.5-3b-instruct	qwen2.5-7b-instruct	linear_cka	cka	130742	130742	4934	1.0	0.42714475741868757	0.4174366201342383	0.4367674351484926	500	500	5cdd0d994946d7f7dc1e9db595c191f149f1c319dc01643a8e2217e6f1918339
race	sentence	open	strict_complete	user	prompt_equal	qwen2.5-3b-instruct	qwen2.5-7b-instruct	aitchison_magnitude_r	pearson_r	130742	130742	4934	1.0	0.7519429864132701	0.7462591316845699	0.7571184950728842	500	500	5cdd0d994946d7f7dc1e9db595c191f149f1c319dc01643a8e2217e6f1918339
race	sentence	open	strict_complete	user	prompt_equal	qwen2.5-3b-instruct	qwen2.5-7b-instruct	fisher_rao_magnitude_r	pearson_r	130742	130742	4934	1.0	0.5251178920058452	0.5149690270113829	0.535580548682085	500	500	5cdd0d994946d7f7dc1e9db595c191f149f1c319dc01643a8e2217e6f1918339
race	sentence	open	strict_complete	user	prompt_equal	qwen2.5-3b-instruct	qwen2.5-7b-instruct	fisher_local_magnitude_r	pearson_r	130742	130742	4934	1.0	0.08984973712548808	0.06871262143983232	0.11082269761352888	500	500	5cdd0d994946d7f7dc1e9db595c191f149f1c319dc01643a8e2217e6f1918339
race	sentence	open	strict_complete	prediction	row_pooled	qwen2.5-3b-instruct	qwen2.5-14b-instruct	signed_frobenius_r	pearson_r	4934	4934	4934	1.0	0.8832791780922107	0.8771101565650703	0.8893180149228124	500	500	9129492352050a90469e129e227aa64981779ed90dcc995e4392548fd068d6b2
race	sentence	open	strict_complete	prediction	row_pooled	qwen2.5-3b-instruct	qwen2.5-14b-instruct	direction_cosine	mean_cosine	4934	4934	4934	1.0	0.8514542409500383	0.8430820242601303	0.8592092380313425	500	500	9129492352050a90469e129e227aa64981779ed90dcc995e4392548fd068d6b2
race	sentence	open	strict_complete	prediction	row_pooled	qwen2.5-3b-instruct	qwen2.5-14b-instruct	linear_cka	cka	4934	4934	4934	1.0	0.7797976980307454	0.7687291888565756	0.790232152666405	500	500	9129492352050a90469e129e227aa64981779ed90dcc995e4392548fd068d6b2
race	sentence	open	strict_complete	all	row_pooled	qwen2.5-3b-instruct	qwen2.5-14b-instruct	signed_frobenius_r	pearson_r	145544	145544	4934	1.0	0.6145917780258383	0.6069802881944993	0.6223819976617883	500	500	22b33c7df61e6bea55727cb267f6e5f9db519b3b362814b0cd9c06c4c20aab13
race	sentence	open	strict_complete	all	row_pooled	qwen2.5-3b-instruct	qwen2.5-14b-instruct	direction_cosine	mean_cosine	145544	145544	4934	1.0	0.212520921928867	0.20797446751399157	0.21753125594266848	500	500	22b33c7df61e6bea55727cb267f6e5f9db519b3b362814b0cd9c06c4c20aab13
race	sentence	open	strict_complete	all	row_pooled	qwen2.5-3b-instruct	qwen2.5-14b-instruct	linear_cka	cka	145544	145544	4934	1.0	0.38715755790308165	0.377879751490387	0.3975463242352531	500	500	22b33c7df61e6bea55727cb267f6e5f9db519b3b362814b0cd9c06c4c20aab13
race	sentence	open	strict_complete	all	row_pooled	qwen2.5-3b-instruct	qwen2.5-14b-instruct	aitchison_magnitude_r	pearson_r	145544	145544	4934	1.0	0.734384760059866	0.7288161245933311	0.7399881943484113	500	500	22b33c7df61e6bea55727cb267f6e5f9db519b3b362814b0cd9c06c4c20aab13
race	sentence	open	strict_complete	all	row_pooled	qwen2.5-3b-instruct	qwen2.5-14b-instruct	fisher_rao_magnitude_r	pearson_r	145544	145544	4934	1.0	0.49353677711453137	0.4836033840118394	0.5041705985711195	500	500	22b33c7df61e6bea55727cb267f6e5f9db519b3b362814b0cd9c06c4c20aab13
race	sentence	open	strict_complete	all	row_pooled	qwen2.5-3b-instruct	qwen2.5-14b-instruct	fisher_local_magnitude_r	pearson_r	145544	145544	4934	1.0	0.10200427657622722	0.0646255695869193	0.14554301871507552	500	500	22b33c7df61e6bea55727cb267f6e5f9db519b3b362814b0cd9c06c4c20aab13
race	sentence	open	strict_complete	all	prompt_equal	qwen2.5-3b-instruct	qwen2.5-14b-instruct	signed_frobenius_r	pearson_r	145544	145544	4934	1.0	0.6190182391416923	0.6113911319845163	0.6268945627050528	500	500	22b33c7df61e6bea55727cb267f6e5f9db519b3b362814b0cd9c06c4c20aab13
race	sentence	open	strict_complete	all	prompt_equal	qwen2.5-3b-instruct	qwen2.5-14b-instruct	direction_cosine	mean_cosine	145544	145544	4934	1.0	0.22391353480422335	0.21979687637771803	0.22862038537042254	500	500	22b33c7df61e6bea55727cb267f6e5f9db519b3b362814b0cd9c06c4c20aab13
race	sentence	open	strict_complete	all	prompt_equal	qwen2.5-3b-instruct	qwen2.5-14b-instruct	linear_cka	cka	145544	145544	4934	1.0	0.39289947040459733	0.3834088644072674	0.40303563479509935	500	500	22b33c7df61e6bea55727cb267f6e5f9db519b3b362814b0cd9c06c4c20aab13
race	sentence	open	strict_complete	all	prompt_equal	qwen2.5-3b-instruct	qwen2.5-14b-instruct	aitchison_magnitude_r	pearson_r	145544	145544	4934	1.0	0.7325963575237169	0.7269005212582814	0.7385715917689668	500	500	22b33c7df61e6bea55727cb267f6e5f9db519b3b362814b0cd9c06c4c20aab13
race	sentence	open	strict_complete	all	prompt_equal	qwen2.5-3b-instruct	qwen2.5-14b-instruct	fisher_rao_magnitude_r	pearson_r	145544	145544	4934	1.0	0.4962053701424682	0.48570148889196907	0.5062626926373883	500	500	22b33c7df61e6bea55727cb267f6e5f9db519b3b362814b0cd9c06c4c20aab13
race	sentence	open	strict_complete	all	prompt_equal	qwen2.5-3b-instruct	qwen2.5-14b-instruct	fisher_local_magnitude_r	pearson_r	145544	145544	4934	1.0	0.09907509139984363	0.06129885511050669	0.14110235727062106	500	500	22b33c7df61e6bea55727cb267f6e5f9db519b3b362814b0cd9c06c4c20aab13
race	sentence	open	strict_complete	system	row_pooled	qwen2.5-3b-instruct	qwen2.5-14b-instruct	signed_frobenius_r	pearson_r	14802	14802	4934	1.0	0.5445890442329425	0.5339685757976418	0.5560866852089179	500	500	c601e3e1f8531498da4fc2c4da48f94e8f82ee0eb4cc01e20e698b8e637ae831
race	sentence	open	strict_complete	system	row_pooled	qwen2.5-3b-instruct	qwen2.5-14b-instruct	direction_cosine	mean_cosine	14802	14802	4934	1.0	0.19510881398018343	0.18649228078519037	0.20291717772425552	500	500	c601e3e1f8531498da4fc2c4da48f94e8f82ee0eb4cc01e20e698b8e637ae831
race	sentence	open	strict_complete	system	row_pooled	qwen2.5-3b-instruct	qwen2.5-14b-instruct	linear_cka	cka	14802	14802	4934	1.0	0.3131566915088611	0.3004351053143583	0.32662267841216397	500	500	c601e3e1f8531498da4fc2c4da48f94e8f82ee0eb4cc01e20e698b8e637ae831
race	sentence	open	strict_complete	system	row_pooled	qwen2.5-3b-instruct	qwen2.5-14b-instruct	aitchison_magnitude_r	pearson_r	14802	14802	4934	1.0	0.7258546349371047	0.7170670748521482	0.7346913429334374	500	500	c601e3e1f8531498da4fc2c4da48f94e8f82ee0eb4cc01e20e698b8e637ae831
race	sentence	open	strict_complete	system	row_pooled	qwen2.5-3b-instruct	qwen2.5-14b-instruct	fisher_rao_magnitude_r	pearson_r	14802	14802	4934	1.0	0.09831926570234685	0.07960794721285723	0.11710120653292735	500	500	c601e3e1f8531498da4fc2c4da48f94e8f82ee0eb4cc01e20e698b8e637ae831
race	sentence	open	strict_complete	system	row_pooled	qwen2.5-3b-instruct	qwen2.5-14b-instruct	fisher_local_magnitude_r	pearson_r	14802	14802	4934	1.0	0.0627305036034831	0.03647104581357072	0.09026273337673942	500	500	c601e3e1f8531498da4fc2c4da48f94e8f82ee0eb4cc01e20e698b8e637ae831
race	sentence	open	strict_complete	system	prompt_equal	qwen2.5-3b-instruct	qwen2.5-14b-instruct	signed_frobenius_r	pearson_r	14802	14802	4934	1.0	0.5445890442329424	0.5339685757976418	0.5560866852089179	500	500	c601e3e1f8531498da4fc2c4da48f94e8f82ee0eb4cc01e20e698b8e637ae831
race	sentence	open	strict_complete	system	prompt_equal	qwen2.5-3b-instruct	qwen2.5-14b-instruct	direction_cosine	mean_cosine	14802	14802	4934	1.0	0.19510881398018345	0.1864922807851904	0.2029171777242555	500	500	c601e3e1f8531498da4fc2c4da48f94e8f82ee0eb4cc01e20e698b8e637ae831
race	sentence	open	strict_complete	system	prompt_equal	qwen2.5-3b-instruct	qwen2.5-14b-instruct	linear_cka	cka	14802	14802	4934	1.0	0.31315669150886116	0.3004351053143582	0.32662267841216386	500	500	c601e3e1f8531498da4fc2c4da48f94e8f82ee0eb4cc01e20e698b8e637ae831
race	sentence	open	strict_complete	system	prompt_equal	qwen2.5-3b-instruct	qwen2.5-14b-instruct	aitchison_magnitude_r	pearson_r	14802	14802	4934	1.0	0.7258546349371043	0.7170670748521488	0.7346913429334383	500	500	c601e3e1f8531498da4fc2c4da48f94e8f82ee0eb4cc01e20e698b8e637ae831
race	sentence	open	strict_complete	system	prompt_equal	qwen2.5-3b-instruct	qwen2.5-14b-instruct	fisher_rao_magnitude_r	pearson_r	14802	14802	4934	1.0	0.09831926570234682	0.07960794721285719	0.11710120653292731	500	500	c601e3e1f8531498da4fc2c4da48f94e8f82ee0eb4cc01e20e698b8e637ae831
race	sentence	open	strict_complete	system	prompt_equal	qwen2.5-3b-instruct	qwen2.5-14b-instruct	fisher_local_magnitude_r	pearson_r	14802	14802	4934	1.0	0.06273050360348319	0.03647104581357072	0.09026273337673947	500	500	c601e3e1f8531498da4fc2c4da48f94e8f82ee0eb4cc01e20e698b8e637ae831
race	sentence	open	strict_complete	user	row_pooled	qwen2.5-3b-instruct	qwen2.5-14b-instruct	signed_frobenius_r	pearson_r	130742	130742	4934	1.0	0.6287234653099331	0.6206944757277286	0.636405506685929	500	500	5cdd0d994946d7f7dc1e9db595c191f149f1c319dc01643a8e2217e6f1918339
race	sentence	open	strict_complete	user	row_pooled	qwen2.5-3b-instruct	qwen2.5-14b-instruct	direction_cosine	mean_cosine	130742	130742	4934	1.0	0.21449223965275388	0.2089833653257394	0.2193352581811632	500	500	5cdd0d994946d7f7dc1e9db595c191f149f1c319dc01643a8e2217e6f1918339
race	sentence	open	strict_complete	user	row_pooled	qwen2.5-3b-instruct	qwen2.5-14b-instruct	linear_cka	cka	130742	130742	4934	1.0	0.40589436390528416	0.39598002794081094	0.41661159267854936	500	500	5cdd0d994946d7f7dc1e9db595c191f149f1c319dc01643a8e2217e6f1918339
race	sentence	open	strict_complete	user	row_pooled	qwen2.5-3b-instruct	qwen2.5-14b-instruct	aitchison_magnitude_r	pearson_r	130742	130742	4934	1.0	0.7532777765440972	0.7471224571395233	0.7585125694918532	500	500	5cdd0d994946d7f7dc1e9db595c191f149f1c319dc01643a8e2217e6f1918339
race	sentence	open	strict_complete	user	row_pooled	qwen2.5-3b-instruct	qwen2.5-14b-instruct	fisher_rao_magnitude_r	pearson_r	130742	130742	4934	1.0	0.5154363969881681	0.506323713138998	0.5257417755416902	500	500	5cdd0d994946d7f7dc1e9db595c191f149f1c319dc01643a8e2217e6f1918339
race	sentence	open	strict_complete	user	row_pooled	qwen2.5-3b-instruct	qwen2.5-14b-instruct	fisher_local_magnitude_r	pearson_r	130742	130742	4934	1.0	0.10353281695364376	0.06847742458268666	0.14388741513280312	500	500	5cdd0d994946d7f7dc1e9db595c191f149f1c319dc01643a8e2217e6f1918339
race	sentence	open	strict_complete	user	prompt_equal	qwen2.5-3b-instruct	qwen2.5-14b-instruct	signed_frobenius_r	pearson_r	130742	130742	4934	1.0	0.633587986766698	0.625742340174208	0.6417565507280949	500	500	5cdd0d994946d7f7dc1e9db595c191f149f1c319dc01643a8e2217e6f1918339
race	sentence	open	strict_complete	user	prompt_equal	qwen2.5-3b-instruct	qwen2.5-14b-instruct	direction_cosine	mean_cosine	130742	130742	4934	1.0	0.2285820193248736	0.22362455670776687	0.23320730203104276	500	500	5cdd0d994946d7f7dc1e9db595c191f149f1c319dc01643a8e2217e6f1918339
race	sentence	open	strict_complete	user	prompt_equal	qwen2.5-3b-instruct	qwen2.5-14b-instruct	linear_cka	cka	130742	130742	4934	1.0	0.4122929393300477	0.4018171612796423	0.4232073693692426	500	500	5cdd0d994946d7f7dc1e9db595c191f149f1c319dc01643a8e2217e6f1918339
race	sentence	open	strict_complete	user	prompt_equal	qwen2.5-3b-instruct	qwen2.5-14b-instruct	aitchison_magnitude_r	pearson_r	130742	130742	4934	1.0	0.7514803208570449	0.7450863773353871	0.756843813846215	500	500	5cdd0d994946d7f7dc1e9db595c191f149f1c319dc01643a8e2217e6f1918339
race	sentence	open	strict_complete	user	prompt_equal	qwen2.5-3b-instruct	qwen2.5-14b-instruct	fisher_rao_magnitude_r	pearson_r	130742	130742	4934	1.0	0.5185809126338354	0.5089297908229828	0.5289504698171692	500	500	5cdd0d994946d7f7dc1e9db595c191f149f1c319dc01643a8e2217e6f1918339
race	sentence	open	strict_complete	user	prompt_equal	qwen2.5-3b-instruct	qwen2.5-14b-instruct	fisher_local_magnitude_r	pearson_r	130742	130742	4934	1.0	0.09987948864448537	0.06480333995486581	0.14082119944135274	500	500	5cdd0d994946d7f7dc1e9db595c191f149f1c319dc01643a8e2217e6f1918339
race	sentence	open	strict_complete	prediction	row_pooled	llama-3.1-8b-instruct	qwen2.5-7b-instruct	signed_frobenius_r	pearson_r	4934	4934	4934	1.0	0.835547092420074	0.8296474270621782	0.8415977354558772	500	500	9129492352050a90469e129e227aa64981779ed90dcc995e4392548fd068d6b2
race	sentence	open	strict_complete	prediction	row_pooled	llama-3.1-8b-instruct	qwen2.5-7b-instruct	direction_cosine	mean_cosine	4934	4934	4934	1.0	0.7831362514627672	0.7736654606062123	0.792320023870475	500	500	9129492352050a90469e129e227aa64981779ed90dcc995e4392548fd068d6b2
race	sentence	open	strict_complete	prediction	row_pooled	llama-3.1-8b-instruct	qwen2.5-7b-instruct	linear_cka	cka	4934	4934	4934	1.0	0.6823262266474607	0.6722115367600817	0.6929611161340532	500	500	9129492352050a90469e129e227aa64981779ed90dcc995e4392548fd068d6b2
race	sentence	open	strict_complete	all	row_pooled	llama-3.1-8b-instruct	qwen2.5-7b-instruct	signed_frobenius_r	pearson_r	145544	145544	4934	1.0	0.6505182598088181	0.6442022535228442	0.6566754551890647	500	500	22b33c7df61e6bea55727cb267f6e5f9db519b3b362814b0cd9c06c4c20aab13
race	sentence	open	strict_complete	all	row_pooled	llama-3.1-8b-instruct	qwen2.5-7b-instruct	direction_cosine	mean_cosine	145544	145544	4934	1.0	0.20532608710610425	0.200409989994128	0.21023458369341277	500	500	22b33c7df61e6bea55727cb267f6e5f9db519b3b362814b0cd9c06c4c20aab13
race	sentence	open	strict_complete	all	row_pooled	llama-3.1-8b-instruct	qwen2.5-7b-instruct	linear_cka	cka	145544	145544	4934	1.0	0.4334023426541856	0.42436763059772525	0.44300937179236666	500	500	22b33c7df61e6bea55727cb267f6e5f9db519b3b362814b0cd9c06c4c20aab13
race	sentence	open	strict_complete	all	row_pooled	llama-3.1-8b-instruct	qwen2.5-7b-instruct	aitchison_magnitude_r	pearson_r	145544	145544	4934	1.0	0.7352739797541781	0.7297771539647336	0.7409887802966314	500	500	22b33c7df61e6bea55727cb267f6e5f9db519b3b362814b0cd9c06c4c20aab13
race	sentence	open	strict_complete	all	row_pooled	llama-3.1-8b-instruct	qwen2.5-7b-instruct	fisher_rao_magnitude_r	pearson_r	145544	145544	4934	1.0	0.625298565349894	0.6168889679679005	0.6338813623895622	500	500	22b33c7df61e6bea55727cb267f6e5f9db519b3b362814b0cd9c06c4c20aab13
race	sentence	open	strict_complete	all	row_pooled	llama-3.1-8b-instruct	qwen2.5-7b-instruct	fisher_local_magnitude_r	pearson_r	145544	145544	4934	1.0	0.19540267322220328	0.17464410031766928	0.21608958895888994	500	500	22b33c7df61e6bea55727cb267f6e5f9db519b3b362814b0cd9c06c4c20aab13
race	sentence	open	strict_complete	all	prompt_equal	llama-3.1-8b-instruct	qwen2.5-7b-instruct	signed_frobenius_r	pearson_r	145544	145544	4934	1.0	0.653629897754528	0.6471553279759777	0.6602968436253887	500	500	22b33c7df61e6bea55727cb267f6e5f9db519b3b362814b0cd9c06c4c20aab13
race	sentence	open	strict_complete	all	prompt_equal	llama-3.1-8b-instruct	qwen2.5-7b-instruct	direction_cosine	mean_cosine	145544	145544	4934	1.0	0.21727135844191992	0.21255214009359383	0.22196547514206316	500	500	22b33c7df61e6bea55727cb267f6e5f9db519b3b362814b0cd9c06c4c20aab13
race	sentence	open	strict_complete	all	prompt_equal	llama-3.1-8b-instruct	qwen2.5-7b-instruct	linear_cka	cka	145544	145544	4934	1.0	0.43811490089463623	0.4286251054371097	0.44819806352194325	500	500	22b33c7df61e6bea55727cb267f6e5f9db519b3b362814b0cd9c06c4c20aab13
race	sentence	open	strict_complete	all	prompt_equal	llama-3.1-8b-instruct	qwen2.5-7b-instruct	aitchison_magnitude_r	pearson_r	145544	145544	4934	1.0	0.7322514235498229	0.7266267377859664	0.7382404721749649	500	500	22b33c7df61e6bea55727cb267f6e5f9db519b3b362814b0cd9c06c4c20aab13
race	sentence	open	strict_complete	all	prompt_equal	llama-3.1-8b-instruct	qwen2.5-7b-instruct	fisher_rao_magnitude_r	pearson_r	145544	145544	4934	1.0	0.6252504984854453	0.6161348983977822	0.6345296565661025	500	500	22b33c7df61e6bea55727cb267f6e5f9db519b3b362814b0cd9c06c4c20aab13
race	sentence	open	strict_complete	all	prompt_equal	llama-3.1-8b-instruct	qwen2.5-7b-instruct	fisher_local_magnitude_r	pearson_r	145544	145544	4934	1.0	0.1978749031334737	0.17662926562196724	0.21853469373374507	500	500	22b33c7df61e6bea55727cb267f6e5f9db519b3b362814b0cd9c06c4c20aab13
race	sentence	open	strict_complete	system	row_pooled	llama-3.1-8b-instruct	qwen2.5-7b-instruct	signed_frobenius_r	pearson_r	14802	14802	4934	1.0	0.4577790805357308	0.4466137973338516	0.4685317233696683	500	500	c601e3e1f8531498da4fc2c4da48f94e8f82ee0eb4cc01e20e698b8e637ae831
race	sentence	open	strict_complete	system	row_pooled	llama-3.1-8b-instruct	qwen2.5-7b-instruct	direction_cosine	mean_cosine	14802	14802	4934	1.0	0.27697917521155185	0.26541208755414286	0.2867370652073106	500	500	c601e3e1f8531498da4fc2c4da48f94e8f82ee0eb4cc01e20e698b8e637ae831
race	sentence	open	strict_complete	system	row_pooled	llama-3.1-8b-instruct	qwen2.5-7b-instruct	linear_cka	cka	14802	14802	4934	1.0	0.2685389423552637	0.256490529855321	0.2801190965925002	500	500	c601e3e1f8531498da4fc2c4da48f94e8f82ee0eb4cc01e20e698b8e637ae831
race	sentence	open	strict_complete	system	row_pooled	llama-3.1-8b-instruct	qwen2.5-7b-instruct	aitchison_magnitude_r	pearson_r	14802	14802	4934	1.0	0.6195195817398995	0.6079502098152177	0.630145280211926	500	500	c601e3e1f8531498da4fc2c4da48f94e8f82ee0eb4cc01e20e698b8e637ae831
race	sentence	open	strict_complete	system	row_pooled	llama-3.1-8b-instruct	qwen2.5-7b-instruct	fisher_rao_magnitude_r	pearson_r	14802	14802	4934	1.0	0.17043407997515714	0.14931265118829512	0.18913403682437493	500	500	c601e3e1f8531498da4fc2c4da48f94e8f82ee0eb4cc01e20e698b8e637ae831
race	sentence	open	strict_complete	system	row_pooled	llama-3.1-8b-instruct	qwen2.5-7b-instruct	fisher_local_magnitude_r	pearson_r	14802	14802	4934	1.0	0.16598265526128478	0.14390239366775653	0.18817722277724483	500	500	c601e3e1f8531498da4fc2c4da48f94e8f82ee0eb4cc01e20e698b8e637ae831
race	sentence	open	strict_complete	system	prompt_equal	llama-3.1-8b-instruct	qwen2.5-7b-instruct	signed_frobenius_r	pearson_r	14802	14802	4934	1.0	0.45777908053573074	0.4466137973338515	0.4685317233696683	500	500	c601e3e1f8531498da4fc2c4da48f94e8f82ee0eb4cc01e20e698b8e637ae831
race	sentence	open	strict_complete	system	prompt_equal	llama-3.1-8b-instruct	qwen2.5-7b-instruct	direction_cosine	mean_cosine	14802	14802	4934	1.0	0.27697917521155185	0.26541208755414286	0.2867370652073106	500	500	c601e3e1f8531498da4fc2c4da48f94e8f82ee0eb4cc01e20e698b8e637ae831
race	sentence	open	strict_complete	system	prompt_equal	llama-3.1-8b-instruct	qwen2.5-7b-instruct	linear_cka	cka	14802	14802	4934	1.0	0.2685389423552637	0.256490529855321	0.2801190965925003	500	500	c601e3e1f8531498da4fc2c4da48f94e8f82ee0eb4cc01e20e698b8e637ae831
race	sentence	open	strict_complete	system	prompt_equal	llama-3.1-8b-instruct	qwen2.5-7b-instruct	aitchison_magnitude_r	pearson_r	14802	14802	4934	1.0	0.6195195817398993	0.6079502098152179	0.6301452802119264	500	500	c601e3e1f8531498da4fc2c4da48f94e8f82ee0eb4cc01e20e698b8e637ae831
race	sentence	open	strict_complete	system	prompt_equal	llama-3.1-8b-instruct	qwen2.5-7b-instruct	fisher_rao_magnitude_r	pearson_r	14802	14802	4934	1.0	0.17043407997515725	0.14931265118829515	0.1891340368243749	500	500	c601e3e1f8531498da4fc2c4da48f94e8f82ee0eb4cc01e20e698b8e637ae831
race	sentence	open	strict_complete	system	prompt_equal	llama-3.1-8b-instruct	qwen2.5-7b-instruct	fisher_local_magnitude_r	pearson_r	14802	14802	4934	1.0	0.1659826552612847	0.1439023936677566	0.1881772227772449	500	500	c601e3e1f8531498da4fc2c4da48f94e8f82ee0eb4cc01e20e698b8e637ae831
race	sentence	open	strict_complete	user	row_pooled	llama-3.1-8b-instruct	qwen2.5-7b-instruct	signed_frobenius_r	pearson_r	130742	130742	4934	1.0	0.6611198602891949	0.6550392591156405	0.6679103106713561	500	500	5cdd0d994946d7f7dc1e9db595c191f149f1c319dc01643a8e2217e6f1918339
race	sentence	open	strict_complete	user	row_pooled	llama-3.1-8b-instruct	qwen2.5-7b-instruct	direction_cosine	mean_cosine	130742	130742	4934	1.0	0.19721379631639918	0.19141325649757904	0.20239284133554253	500	500	5cdd0d994946d7f7dc1e9db595c191f149f1c319dc01643a8e2217e6f1918339
race	sentence	open	strict_complete	user	row_pooled	llama-3.1-8b-instruct	qwen2.5-7b-instruct	linear_cka	cka	130742	130742	4934	1.0	0.4480519380915855	0.43943525480672246	0.4578781606706669	500	500	5cdd0d994946d7f7dc1e9db595c191f149f1c319dc01643a8e2217e6f1918339
race	sentence	open	strict_complete	user	row_pooled	llama-3.1-8b-instruct	qwen2.5-7b-instruct	aitchison_magnitude_r	pearson_r	130742	130742	4934	1.0	0.7403867720435705	0.7348414885718212	0.7468701407693628	500	500	5cdd0d994946d7f7dc1e9db595c191f149f1c319dc01643a8e2217e6f1918339
race	sentence	open	strict_complete	user	row_pooled	llama-3.1-8b-instruct	qwen2.5-7b-instruct	fisher_rao_magnitude_r	pearson_r	130742	130742	4934	1.0	0.6361734349916401	0.6281649675926159	0.6445212518023483	500	500	5cdd0d994946d7f7dc1e9db595c191f149f1c319dc01643a8e2217e6f1918339
race	sentence	open	strict_complete	user	row_pooled	llama-3.1-8b-instruct	qwen2.5-7b-instruct	fisher_local_magnitude_r	pearson_r	130742	130742	4934	1.0	0.19742088177671452	0.1752694295959741	0.21882365072634144	500	500	5cdd0d994946d7f7dc1e9db595c191f149f1c319dc01643a8e2217e6f1918339
race	sentence	open	strict_complete	user	prompt_equal	llama-3.1-8b-instruct	qwen2.5-7b-instruct	signed_frobenius_r	pearson_r	130742	130742	4934	1.0	0.66433845836217	0.6574424165693906	0.6711646919363744	500	500	5cdd0d994946d7f7dc1e9db595c191f149f1c319dc01643a8e2217e6f1918339
race	sentence	open	strict_complete	user	prompt_equal	llama-3.1-8b-instruct	qwen2.5-7b-instruct	direction_cosine	mean_cosine	130742	130742	4934	1.0	0.21094874433877284	0.20577302811439163	0.2158094996527522	500	500	5cdd0d994946d7f7dc1e9db595c191f149f1c319dc01643a8e2217e6f1918339
race	sentence	open	strict_complete	user	prompt_equal	llama-3.1-8b-instruct	qwen2.5-7b-instruct	linear_cka	cka	130742	130742	4934	1.0	0.45307147362478783	0.4433346849532944	0.4630322682769649	500	500	5cdd0d994946d7f7dc1e9db595c191f149f1c319dc01643a8e2217e6f1918339
race	sentence	open	strict_complete	user	prompt_equal	llama-3.1-8b-instruct	qwen2.5-7b-instruct	aitchison_magnitude_r	pearson_r	130742	130742	4934	1.0	0.7365197130748701	0.7304851891027181	0.7431285575191362	500	500	5cdd0d994946d7f7dc1e9db595c191f149f1c319dc01643a8e2217e6f1918339
race	sentence	open	strict_complete	user	prompt_equal	llama-3.1-8b-instruct	qwen2.5-7b-instruct	fisher_rao_magnitude_r	pearson_r	130742	130742	4934	1.0	0.6354179321679387	0.6266536252105378	0.6444638253813074	500	500	5cdd0d994946d7f7dc1e9db595c191f149f1c319dc01643a8e2217e6f1918339
race	sentence	open	strict_complete	user	prompt_equal	llama-3.1-8b-instruct	qwen2.5-7b-instruct	fisher_local_magnitude_r	pearson_r	130742	130742	4934	1.0	0.20007758872259154	0.1762893082479175	0.22336322497294947	500	500	5cdd0d994946d7f7dc1e9db595c191f149f1c319dc01643a8e2217e6f1918339
race	sentence	open	strict_complete	prediction	row_pooled	llama-3.1-8b-instruct	qwen2.5-14b-instruct	signed_frobenius_r	pearson_r	4934	4934	4934	1.0	0.8395523959090261	0.833289352054257	0.8456191412587828	500	500	9129492352050a90469e129e227aa64981779ed90dcc995e4392548fd068d6b2
race	sentence	open	strict_complete	prediction	row_pooled	llama-3.1-8b-instruct	qwen2.5-14b-instruct	direction_cosine	mean_cosine	4934	4934	4934	1.0	0.792814734407338	0.7814203115441233	0.8030145606053298	500	500	9129492352050a90469e129e227aa64981779ed90dcc995e4392548fd068d6b2
race	sentence	open	strict_complete	prediction	row_pooled	llama-3.1-8b-instruct	qwen2.5-14b-instruct	linear_cka	cka	4934	4934	4934	1.0	0.7030460768744613	0.6928052280722862	0.7132057895155764	500	500	9129492352050a90469e129e227aa64981779ed90dcc995e4392548fd068d6b2
race	sentence	open	strict_complete	all	row_pooled	llama-3.1-8b-instruct	qwen2.5-14b-instruct	signed_frobenius_r	pearson_r	145544	145544	4934	1.0	0.6083628068779584	0.6011839059035885	0.6156296675142656	500	500	22b33c7df61e6bea55727cb267f6e5f9db519b3b362814b0cd9c06c4c20aab13
race	sentence	open	strict_complete	all	row_pooled	llama-3.1-8b-instruct	qwen2.5-14b-instruct	direction_cosine	mean_cosine	145544	145544	4934	1.0	0.2035208643796472	0.19835026655539556	0.20830189887772046	500	500	22b33c7df61e6bea55727cb267f6e5f9db519b3b362814b0cd9c06c4c20aab13
race	sentence	open	strict_complete	all	row_pooled	llama-3.1-8b-instruct	qwen2.5-14b-instruct	linear_cka	cka	145544	145544	4934	1.0	0.3809929664645887	0.3723620937971346	0.3900503952071144	500	500	22b33c7df61e6bea55727cb267f6e5f9db519b3b362814b0cd9c06c4c20aab13
race	sentence	open	strict_complete	all	row_pooled	llama-3.1-8b-instruct	qwen2.5-14b-instruct	aitchison_magnitude_r	pearson_r	145544	145544	4934	1.0	0.695343509490013	0.6891368760817714	0.7011974240158121	500	500	22b33c7df61e6bea55727cb267f6e5f9db519b3b362814b0cd9c06c4c20aab13
race	sentence	open	strict_complete	all	row_pooled	llama-3.1-8b-instruct	qwen2.5-14b-instruct	fisher_rao_magnitude_r	pearson_r	145544	145544	4934	1.0	0.5741099457927934	0.5650289428559175	0.5825310205307936	500	500	22b33c7df61e6bea55727cb267f6e5f9db519b3b362814b0cd9c06c4c20aab13
race	sentence	open	strict_complete	all	row_pooled	llama-3.1-8b-instruct	qwen2.5-14b-instruct	fisher_local_magnitude_r	pearson_r	145544	145544	4934	1.0	0.1598229615330549	0.13821520773108256	0.17931850105462357	500	500	22b33c7df61e6bea55727cb267f6e5f9db519b3b362814b0cd9c06c4c20aab13
race	sentence	open	strict_complete	all	prompt_equal	llama-3.1-8b-instruct	qwen2.5-14b-instruct	signed_frobenius_r	pearson_r	145544	145544	4934	1.0	0.6110228687237353	0.6040550146864375	0.6185960706354671	500	500	22b33c7df61e6bea55727cb267f6e5f9db519b3b362814b0cd9c06c4c20aab13
race	sentence	open	strict_complete	all	prompt_equal	llama-3.1-8b-instruct	qwen2.5-14b-instruct	direction_cosine	mean_cosine	145544	145544	4934	1.0	0.21434979977849847	0.20925320288776708	0.21890439359988162	500	500	22b33c7df61e6bea55727cb267f6e5f9db519b3b362814b0cd9c06c4c20aab13
race	sentence	open	strict_complete	all	prompt_equal	llama-3.1-8b-instruct	qwen2.5-14b-instruct	linear_cka	cka	145544	145544	4934	1.0	0.3844076433270737	0.3758995287214183	0.39380481269713336	500	500	22b33c7df61e6bea55727cb267f6e5f9db519b3b362814b0cd9c06c4c20aab13
race	sentence	open	strict_complete	all	prompt_equal	llama-3.1-8b-instruct	qwen2.5-14b-instruct	aitchison_magnitude_r	pearson_r	145544	145544	4934	1.0	0.6914515641887904	0.6851333317470114	0.6978728388526692	500	500	22b33c7df61e6bea55727cb267f6e5f9db519b3b362814b0cd9c06c4c20aab13
race	sentence	open	strict_complete	all	prompt_equal	llama-3.1-8b-instruct	qwen2.5-14b-instruct	fisher_rao_magnitude_r	pearson_r	145544	145544	4934	1.0	0.5740195446777095	0.5645766659714228	0.5829318394103282	500	500	22b33c7df61e6bea55727cb267f6e5f9db519b3b362814b0cd9c06c4c20aab13
race	sentence	open	strict_complete	all	prompt_equal	llama-3.1-8b-instruct	qwen2.5-14b-instruct	fisher_local_magnitude_r	pearson_r	145544	145544	4934	1.0	0.1628310973768275	0.13931251574686046	0.18458063723465104	500	500	22b33c7df61e6bea55727cb267f6e5f9db519b3b362814b0cd9c06c4c20aab13
race	sentence	open	strict_complete	system	row_pooled	llama-3.1-8b-instruct	qwen2.5-14b-instruct	signed_frobenius_r	pearson_r	14802	14802	4934	1.0	0.41114587428539995	0.3999297106131704	0.42312521262887215	500	500	c601e3e1f8531498da4fc2c4da48f94e8f82ee0eb4cc01e20e698b8e637ae831
race	sentence	open	strict_complete	system	row_pooled	llama-3.1-8b-instruct	qwen2.5-14b-instruct	direction_cosine	mean_cosine	14802	14802	4934	1.0	0.23294908666277991	0.22399858714206833	0.24310560410108875	500	500	c601e3e1f8531498da4fc2c4da48f94e8f82ee0eb4cc01e20e698b8e637ae831
race	sentence	open	strict_complete	system	row_pooled	llama-3.1-8b-instruct	qwen2.5-14b-instruct	linear_cka	cka	14802	14802	4934	1.0	0.1752043797119074	0.16604125165857847	0.1854931973753459	500	500	c601e3e1f8531498da4fc2c4da48f94e8f82ee0eb4cc01e20e698b8e637ae831
race	sentence	open	strict_complete	system	row_pooled	llama-3.1-8b-instruct	qwen2.5-14b-instruct	aitchison_magnitude_r	pearson_r	14802	14802	4934	1.0	0.5995345847507927	0.587789828737235	0.6100306266411838	500	500	c601e3e1f8531498da4fc2c4da48f94e8f82ee0eb4cc01e20e698b8e637ae831
race	sentence	open	strict_complete	system	row_pooled	llama-3.1-8b-instruct	qwen2.5-14b-instruct	fisher_rao_magnitude_r	pearson_r	14802	14802	4934	1.0	0.10624158065653479	0.08868977217642285	0.12323299460964274	500	500	c601e3e1f8531498da4fc2c4da48f94e8f82ee0eb4cc01e20e698b8e637ae831
race	sentence	open	strict_complete	system	row_pooled	llama-3.1-8b-instruct	qwen2.5-14b-instruct	fisher_local_magnitude_r	pearson_r	14802	14802	4934	1.0	0.1155447917024978	0.09490992369895866	0.13782801204554465	500	500	c601e3e1f8531498da4fc2c4da48f94e8f82ee0eb4cc01e20e698b8e637ae831
race	sentence	open	strict_complete	system	prompt_equal	llama-3.1-8b-instruct	qwen2.5-14b-instruct	signed_frobenius_r	pearson_r	14802	14802	4934	1.0	0.41114587428539995	0.3999297106131704	0.4231252126288721	500	500	c601e3e1f8531498da4fc2c4da48f94e8f82ee0eb4cc01e20e698b8e637ae831
race	sentence	open	strict_complete	system	prompt_equal	llama-3.1-8b-instruct	qwen2.5-14b-instruct	direction_cosine	mean_cosine	14802	14802	4934	1.0	0.23294908666277991	0.22399858714206833	0.24310560410108878	500	500	c601e3e1f8531498da4fc2c4da48f94e8f82ee0eb4cc01e20e698b8e637ae831
race	sentence	open	strict_complete	system	prompt_equal	llama-3.1-8b-instruct	qwen2.5-14b-instruct	linear_cka	cka	14802	14802	4934	1.0	0.17520437971190742	0.16604125165857847	0.18549319737534586	500	500	c601e3e1f8531498da4fc2c4da48f94e8f82ee0eb4cc01e20e698b8e637ae831
race	sentence	open	strict_complete	system	prompt_equal	llama-3.1-8b-instruct	qwen2.5-14b-instruct	aitchison_magnitude_r	pearson_r	14802	14802	4934	1.0	0.599534584750793	0.587789828737235	0.6100306266411848	500	500	c601e3e1f8531498da4fc2c4da48f94e8f82ee0eb4cc01e20e698b8e637ae831
race	sentence	open	strict_complete	system	prompt_equal	llama-3.1-8b-instruct	qwen2.5-14b-instruct	fisher_rao_magnitude_r	pearson_r	14802	14802	4934	1.0	0.10624158065653476	0.0886897721764229	0.12323299460964279	500	500	c601e3e1f8531498da4fc2c4da48f94e8f82ee0eb4cc01e20e698b8e637ae831
race	sentence	open	strict_complete	system	prompt_equal	llama-3.1-8b-instruct	qwen2.5-14b-instruct	fisher_local_magnitude_r	pearson_r	14802	14802	4934	1.0	0.11554479170249773	0.09490992369895869	0.13782801204554465	500	500	c601e3e1f8531498da4fc2c4da48f94e8f82ee0eb4cc01e20e698b8e637ae831
race	sentence	open	strict_complete	user	row_pooled	llama-3.1-8b-instruct	qwen2.5-14b-instruct	signed_frobenius_r	pearson_r	130742	130742	4934	1.0	0.6200979757598495	0.6131476392538637	0.6264727108305905	500	500	5cdd0d994946d7f7dc1e9db595c191f149f1c319dc01643a8e2217e6f1918339
race	sentence	open	strict_complete	user	row_pooled	llama-3.1-8b-instruct	qwen2.5-14b-instruct	direction_cosine	mean_cosine	130742	130742	4934	1.0	0.20018913818427822	0.19461430579530267	0.20606841761917727	500	500	5cdd0d994946d7f7dc1e9db595c191f149f1c319dc01643a8e2217e6f1918339
race	sentence	open	strict_complete	user	row_pooled	llama-3.1-8b-instruct	qwen2.5-14b-instruct	linear_cka	cka	130742	130742	4934	1.0	0.39554685228942016	0.3865794817771365	0.4040659138611144	500	500	5cdd0d994946d7f7dc1e9db595c191f149f1c319dc01643a8e2217e6f1918339
race	sentence	open	strict_complete	user	row_pooled	llama-3.1-8b-instruct	qwen2.5-14b-instruct	aitchison_magnitude_r	pearson_r	130742	130742	4934	1.0	0.7000903747364148	0.6936491905491389	0.7055784455514399	500	500	5cdd0d994946d7f7dc1e9db595c191f149f1c319dc01643a8e2217e6f1918339
race	sentence	open	strict_complete	user	row_pooled	llama-3.1-8b-instruct	qwen2.5-14b-instruct	fisher_rao_magnitude_r	pearson_r	130742	130742	4934	1.0	0.5834854944501877	0.5753157327198445	0.5908321058050053	500	500	5cdd0d994946d7f7dc1e9db595c191f149f1c319dc01643a8e2217e6f1918339
race	sentence	open	strict_complete	user	row_pooled	llama-3.1-8b-instruct	qwen2.5-14b-instruct	fisher_local_magnitude_r	pearson_r	130742	130742	4934	1.0	0.16257587166049353	0.14369872379746634	0.18161086150050512	500	500	5cdd0d994946d7f7dc1e9db595c191f149f1c319dc01643a8e2217e6f1918339
race	sentence	open	strict_complete	user	prompt_equal	llama-3.1-8b-instruct	qwen2.5-14b-instruct	signed_frobenius_r	pearson_r	130742	130742	4934	1.0	0.6228274894882949	0.6153318249980461	0.6299500742643924	500	500	5cdd0d994946d7f7dc1e9db595c191f149f1c319dc01643a8e2217e6f1918339
race	sentence	open	strict_complete	user	prompt_equal	llama-3.1-8b-instruct	qwen2.5-14b-instruct	direction_cosine	mean_cosine	130742	130742	4934	1.0	0.2131807779513743	0.20786152048575982	0.21880440194289633	500	500	5cdd0d994946d7f7dc1e9db595c191f149f1c319dc01643a8e2217e6f1918339
race	sentence	open	strict_complete	user	prompt_equal	llama-3.1-8b-instruct	qwen2.5-14b-instruct	linear_cka	cka	130742	130742	4934	1.0	0.3990765973085288	0.38925848515357847	0.40815241787517287	500	500	5cdd0d994946d7f7dc1e9db595c191f149f1c319dc01643a8e2217e6f1918339
race	sentence	open	strict_complete	user	prompt_equal	llama-3.1-8b-instruct	qwen2.5-14b-instruct	aitchison_magnitude_r	pearson_r	130742	130742	4934	1.0	0.6951643071943299	0.6883195890853043	0.7010855243984223	500	500	5cdd0d994946d7f7dc1e9db595c191f149f1c319dc01643a8e2217e6f1918339
race	sentence	open	strict_complete	user	prompt_equal	llama-3.1-8b-instruct	qwen2.5-14b-instruct	fisher_rao_magnitude_r	pearson_r	130742	130742	4934	1.0	0.5826087845954175	0.5738684144062819	0.590293550505485	500	500	5cdd0d994946d7f7dc1e9db595c191f149f1c319dc01643a8e2217e6f1918339
race	sentence	open	strict_complete	user	prompt_equal	llama-3.1-8b-instruct	qwen2.5-14b-instruct	fisher_local_magnitude_r	pearson_r	130742	130742	4934	1.0	0.1659377972856886	0.14507988990469728	0.19014799344359962	500	500	5cdd0d994946d7f7dc1e9db595c191f149f1c319dc01643a8e2217e6f1918339
race	sentence	open	strict_complete	prediction	row_pooled	qwen2.5-7b-instruct	qwen2.5-14b-instruct	signed_frobenius_r	pearson_r	4934	4934	4934	1.0	0.9314777638590851	0.9276715022911227	0.9351829135104492	500	500	9129492352050a90469e129e227aa64981779ed90dcc995e4392548fd068d6b2
race	sentence	open	strict_complete	prediction	row_pooled	qwen2.5-7b-instruct	qwen2.5-14b-instruct	direction_cosine	mean_cosine	4934	4934	4934	1.0	0.9007558124307452	0.8949665180024505	0.9070408793541357	500	500	9129492352050a90469e129e227aa64981779ed90dcc995e4392548fd068d6b2
race	sentence	open	strict_complete	prediction	row_pooled	qwen2.5-7b-instruct	qwen2.5-14b-instruct	linear_cka	cka	4934	4934	4934	1.0	0.8583954471793173	0.8515005264835075	0.8653630769851792	500	500	9129492352050a90469e129e227aa64981779ed90dcc995e4392548fd068d6b2
race	sentence	open	strict_complete	all	row_pooled	qwen2.5-7b-instruct	qwen2.5-14b-instruct	signed_frobenius_r	pearson_r	145544	145544	4934	1.0	0.7592431247374158	0.7539935502498256	0.7653797945003225	500	500	22b33c7df61e6bea55727cb267f6e5f9db519b3b362814b0cd9c06c4c20aab13
race	sentence	open	strict_complete	all	row_pooled	qwen2.5-7b-instruct	qwen2.5-14b-instruct	direction_cosine	mean_cosine	145544	145544	4934	1.0	0.30559843973406414	0.3010237976403985	0.3105577932995968	500	500	22b33c7df61e6bea55727cb267f6e5f9db519b3b362814b0cd9c06c4c20aab13
race	sentence	open	strict_complete	all	row_pooled	qwen2.5-7b-instruct	qwen2.5-14b-instruct	linear_cka	cka	145544	145544	4934	1.0	0.5884583882825579	0.5802495466038207	0.5977345270274786	500	500	22b33c7df61e6bea55727cb267f6e5f9db519b3b362814b0cd9c06c4c20aab13
race	sentence	open	strict_complete	all	row_pooled	qwen2.5-7b-instruct	qwen2.5-14b-instruct	aitchison_magnitude_r	pearson_r	145544	145544	4934	1.0	0.8408842642026064	0.8370936866109894	0.8447873157724147	500	500	22b33c7df61e6bea55727cb267f6e5f9db519b3b362814b0cd9c06c4c20aab13
race	sentence	open	strict_complete	all	row_pooled	qwen2.5-7b-instruct	qwen2.5-14b-instruct	fisher_rao_magnitude_r	pearson_r	145544	145544	4934	1.0	0.6525111473786477	0.6428798522314199	0.6617960100252384	500	500	22b33c7df61e6bea55727cb267f6e5f9db519b3b362814b0cd9c06c4c20aab13
race	sentence	open	strict_complete	all	row_pooled	qwen2.5-7b-instruct	qwen2.5-14b-instruct	fisher_local_magnitude_r	pearson_r	145544	145544	4934	1.0	0.12784953134986263	0.09807393625667879	0.1632939749158116	500	500	22b33c7df61e6bea55727cb267f6e5f9db519b3b362814b0cd9c06c4c20aab13
race	sentence	open	strict_complete	all	prompt_equal	qwen2.5-7b-instruct	qwen2.5-14b-instruct	signed_frobenius_r	pearson_r	145544	145544	4934	1.0	0.7607827976721727	0.7553942939504013	0.7672487789838147	500	500	22b33c7df61e6bea55727cb267f6e5f9db519b3b362814b0cd9c06c4c20aab13
race	sentence	open	strict_complete	all	prompt_equal	qwen2.5-7b-instruct	qwen2.5-14b-instruct	direction_cosine	mean_cosine	145544	145544	4934	1.0	0.3233734806881208	0.3189359205292707	0.32805174023332356	500	500	22b33c7df61e6bea55727cb267f6e5f9db519b3b362814b0cd9c06c4c20aab13
race	sentence	open	strict_complete	all	prompt_equal	qwen2.5-7b-instruct	qwen2.5-14b-instruct	linear_cka	cka	145544	145544	4934	1.0	0.5903921299886218	0.582258642837975	0.5999030982796814	500	500	22b33c7df61e6bea55727cb267f6e5f9db519b3b362814b0cd9c06c4c20aab13
race	sentence	open	strict_complete	all	prompt_equal	qwen2.5-7b-instruct	qwen2.5-14b-instruct	aitchison_magnitude_r	pearson_r	145544	145544	4934	1.0	0.838683914223388	0.8346113311859341	0.8428411073543972	500	500	22b33c7df61e6bea55727cb267f6e5f9db519b3b362814b0cd9c06c4c20aab13
race	sentence	open	strict_complete	all	prompt_equal	qwen2.5-7b-instruct	qwen2.5-14b-instruct	fisher_rao_magnitude_r	pearson_r	145544	145544	4934	1.0	0.6527634753974176	0.6423935391520473	0.6625789998094862	500	500	22b33c7df61e6bea55727cb267f6e5f9db519b3b362814b0cd9c06c4c20aab13
race	sentence	open	strict_complete	all	prompt_equal	qwen2.5-7b-instruct	qwen2.5-14b-instruct	fisher_local_magnitude_r	pearson_r	145544	145544	4934	1.0	0.12985545813446922	0.09720633801591937	0.1694931628068983	500	500	22b33c7df61e6bea55727cb267f6e5f9db519b3b362814b0cd9c06c4c20aab13
race	sentence	open	strict_complete	system	row_pooled	qwen2.5-7b-instruct	qwen2.5-14b-instruct	signed_frobenius_r	pearson_r	14802	14802	4934	1.0	0.5407293188134651	0.5307331603563847	0.5505058928341022	500	500	c601e3e1f8531498da4fc2c4da48f94e8f82ee0eb4cc01e20e698b8e637ae831
race	sentence	open	strict_complete	system	row_pooled	qwen2.5-7b-instruct	qwen2.5-14b-instruct	direction_cosine	mean_cosine	14802	14802	4934	1.0	0.5008407050427565	0.4926962028874447	0.5085453446026059	500	500	c601e3e1f8531498da4fc2c4da48f94e8f82ee0eb4cc01e20e698b8e637ae831
race	sentence	open	strict_complete	system	row_pooled	qwen2.5-7b-instruct	qwen2.5-14b-instruct	linear_cka	cka	14802	14802	4934	1.0	0.3116448175223753	0.3006724926641291	0.3227103928992259	500	500	c601e3e1f8531498da4fc2c4da48f94e8f82ee0eb4cc01e20e698b8e637ae831
race	sentence	open	strict_complete	system	row_pooled	qwen2.5-7b-instruct	qwen2.5-14b-instruct	aitchison_magnitude_r	pearson_r	14802	14802	4934	1.0	0.6331191118132237	0.6223965541244655	0.6444883745959417	500	500	c601e3e1f8531498da4fc2c4da48f94e8f82ee0eb4cc01e20e698b8e637ae831
race	sentence	open	strict_complete	system	row_pooled	qwen2.5-7b-instruct	qwen2.5-14b-instruct	fisher_rao_magnitude_r	pearson_r	14802	14802	4934	1.0	0.1535451465031827	0.1193482921649788	0.18566065566476056	500	500	c601e3e1f8531498da4fc2c4da48f94e8f82ee0eb4cc01e20e698b8e637ae831
race	sentence	open	strict_complete	system	row_pooled	qwen2.5-7b-instruct	qwen2.5-14b-instruct	fisher_local_magnitude_r	pearson_r	14802	14802	4934	1.0	0.10234529004916541	0.0728037178523048	0.136457115860243	500	500	c601e3e1f8531498da4fc2c4da48f94e8f82ee0eb4cc01e20e698b8e637ae831
race	sentence	open	strict_complete	system	prompt_equal	qwen2.5-7b-instruct	qwen2.5-14b-instruct	signed_frobenius_r	pearson_r	14802	14802	4934	1.0	0.5407293188134652	0.5307331603563848	0.5505058928341021	500	500	c601e3e1f8531498da4fc2c4da48f94e8f82ee0eb4cc01e20e698b8e637ae831
race	sentence	open	strict_complete	system	prompt_equal	qwen2.5-7b-instruct	qwen2.5-14b-instruct	direction_cosine	mean_cosine	14802	14802	4934	1.0	0.5008407050427566	0.4926962028874447	0.5085453446026059	500	500	c601e3e1f8531498da4fc2c4da48f94e8f82ee0eb4cc01e20e698b8e637ae831
race	sentence	open	strict_complete	system	prompt_equal	qwen2.5-7b-instruct	qwen2.5-14b-instruct	linear_cka	cka	14802	14802	4934	1.0	0.3116448175223754	0.30067249266412904	0.32271039289922593	500	500	c601e3e1f8531498da4fc2c4da48f94e8f82ee0eb4cc01e20e698b8e637ae831
race	sentence	open	strict_complete	system	prompt_equal	qwen2.5-7b-instruct	qwen2.5-14b-instruct	aitchison_magnitude_r	pearson_r	14802	14802	4934	1.0	0.6331191118132238	0.6223965541244657	0.6444883745959419	500	500	c601e3e1f8531498da4fc2c4da48f94e8f82ee0eb4cc01e20e698b8e637ae831
race	sentence	open	strict_complete	system	prompt_equal	qwen2.5-7b-instruct	qwen2.5-14b-instruct	fisher_rao_magnitude_r	pearson_r	14802	14802	4934	1.0	0.1535451465031827	0.11934829216497889	0.18566065566476053	500	500	c601e3e1f8531498da4fc2c4da48f94e8f82ee0eb4cc01e20e698b8e637ae831
race	sentence	open	strict_complete	system	prompt_equal	qwen2.5-7b-instruct	qwen2.5-14b-instruct	fisher_local_magnitude_r	pearson_r	14802	14802	4934	1.0	0.10234529004916545	0.07280371785230484	0.136457115860243	500	500	c601e3e1f8531498da4fc2c4da48f94e8f82ee0eb4cc01e20e698b8e637ae831
race	sentence	open	strict_complete	user	row_pooled	qwen2.5-7b-instruct	qwen2.5-14b-instruct	signed_frobenius_r	pearson_r	130742	130742	4934	1.0	0.7672479340646468	0.761492097519496	0.7731511896221884	500	500	5cdd0d994946d7f7dc1e9db595c191f149f1c319dc01643a8e2217e6f1918339
race	sentence	open	strict_complete	user	row_pooled	qwen2.5-7b-instruct	qwen2.5-14b-instruct	direction_cosine	mean_cosine	130742	130742	4934	1.0	0.2834938511880131	0.2777442147199099	0.28885187696308423	500	500	5cdd0d994946d7f7dc1e9db595c191f149f1c319dc01643a8e2217e6f1918339
race	sentence	open	strict_complete	user	row_pooled	qwen2.5-7b-instruct	qwen2.5-14b-instruct	linear_cka	cka	130742	130742	4934	1.0	0.6004003883363223	0.5912166310572041	0.6097567667352356	500	500	5cdd0d994946d7f7dc1e9db595c191f149f1c319dc01643a8e2217e6f1918339
race	sentence	open	strict_complete	user	row_pooled	qwen2.5-7b-instruct	qwen2.5-14b-instruct	aitchison_magnitude_r	pearson_r	130742	130742	4934	1.0	0.8437071626899787	0.8399212467760645	0.8476596648472112	500	500	5cdd0d994946d7f7dc1e9db595c191f149f1c319dc01643a8e2217e6f1918339
race	sentence	open	strict_complete	user	row_pooled	qwen2.5-7b-instruct	qwen2.5-14b-instruct	fisher_rao_magnitude_r	pearson_r	130742	130742	4934	1.0	0.6567358841123013	0.6468941481972817	0.6674702118726288	500	500	5cdd0d994946d7f7dc1e9db595c191f149f1c319dc01643a8e2217e6f1918339
race	sentence	open	strict_complete	user	row_pooled	qwen2.5-7b-instruct	qwen2.5-14b-instruct	fisher_local_magnitude_r	pearson_r	130742	130742	4934	1.0	0.12873111629850925	0.09899892658828845	0.16190725990316612	500	500	5cdd0d994946d7f7dc1e9db595c191f149f1c319dc01643a8e2217e6f1918339
race	sentence	open	strict_complete	user	prompt_equal	qwen2.5-7b-instruct	qwen2.5-14b-instruct	signed_frobenius_r	pearson_r	130742	130742	4934	1.0	0.7688251062410638	0.763063267403728	0.7749379694181174	500	500	5cdd0d994946d7f7dc1e9db595c191f149f1c319dc01643a8e2217e6f1918339
race	sentence	open	strict_complete	user	prompt_equal	qwen2.5-7b-instruct	qwen2.5-14b-instruct	direction_cosine	mean_cosine	130742	130742	4934	1.0	0.30393988105883385	0.29863664475229795	0.3092335291467497	500	500	5cdd0d994946d7f7dc1e9db595c191f149f1c319dc01643a8e2217e6f1918339
race	sentence	open	strict_complete	user	prompt_equal	qwen2.5-7b-instruct	qwen2.5-14b-instruct	linear_cka	cka	130742	130742	4934	1.0	0.6023949541674001	0.5930475333350606	0.6118433680460175	500	500	5cdd0d994946d7f7dc1e9db595c191f149f1c319dc01643a8e2217e6f1918339
race	sentence	open	strict_complete	user	prompt_equal	qwen2.5-7b-instruct	qwen2.5-14b-instruct	aitchison_magnitude_r	pearson_r	130742	130742	4934	1.0	0.840973174332772	0.8369702942497228	0.845150772591953	500	500	5cdd0d994946d7f7dc1e9db595c191f149f1c319dc01643a8e2217e6f1918339
race	sentence	open	strict_complete	user	prompt_equal	qwen2.5-7b-instruct	qwen2.5-14b-instruct	fisher_rao_magnitude_r	pearson_r	130742	130742	4934	1.0	0.6566116926500009	0.6473766574750462	0.6670267626698676	500	500	5cdd0d994946d7f7dc1e9db595c191f149f1c319dc01643a8e2217e6f1918339
race	sentence	open	strict_complete	user	prompt_equal	qwen2.5-7b-instruct	qwen2.5-14b-instruct	fisher_local_magnitude_r	pearson_r	130742	130742	4934	1.0	0.13148519304253609	0.09906523098407469	0.17350662085553833	500	500	5cdd0d994946d7f7dc1e9db595c191f149f1c319dc01643a8e2217e6f1918339
