benchmark	pregrouper	cohort	missingness_policy	scope	aggregation	model_s	model_t	metric	statistic	expected_observations	n_observations	n_prompts	observation_coverage	f_point	f_lo	f_hi	n_bootstrap	n_bootstrap_valid	aligned_key_sha256
race	sentence	paper	global_complete_case_mnar	prediction	row_pooled	qwen2.5-0.5b-instruct	qwen2.5-3b-instruct	signed_frobenius_r	pearson_r	4934	825	825	0.16720713417105795	0.3509793888707462	0.3098575536914738	0.38758786436296666	500	500	bb39c2d2fc4a8ec99452fbbab44f2b1aedd932bc8338ac64de82b714d19ca319
race	sentence	paper	global_complete_case_mnar	prediction	row_pooled	qwen2.5-0.5b-instruct	qwen2.5-3b-instruct	direction_cosine	mean_cosine	4934	825	825	0.16720713417105795	0.2453789192652863	0.20416004834033996	0.2875483170246715	500	500	bb39c2d2fc4a8ec99452fbbab44f2b1aedd932bc8338ac64de82b714d19ca319
race	sentence	paper	global_complete_case_mnar	prediction	row_pooled	qwen2.5-0.5b-instruct	qwen2.5-3b-instruct	linear_cka	cka	4934	825	825	0.16720713417105795	0.12782743454135148	0.10026725879897275	0.15963235643666773	500	500	bb39c2d2fc4a8ec99452fbbab44f2b1aedd932bc8338ac64de82b714d19ca319
race	sentence	paper	global_complete_case_mnar	all	row_pooled	qwen2.5-0.5b-instruct	qwen2.5-3b-instruct	signed_frobenius_r	pearson_r	145544	18639	825	0.1280643654152696	0.19753480467737458	0.17576270392325283	0.21865956756716243	500	500	51385ad7fc65412a0b97abc35d2d48f0037ab21f612a40fbcc1920f35d7c578e
race	sentence	paper	global_complete_case_mnar	all	row_pooled	qwen2.5-0.5b-instruct	qwen2.5-3b-instruct	direction_cosine	mean_cosine	145544	18639	825	0.1280643654152696	0.06409797502651114	0.05029455808614803	0.07614372655476681	500	500	51385ad7fc65412a0b97abc35d2d48f0037ab21f612a40fbcc1920f35d7c578e
race	sentence	paper	global_complete_case_mnar	all	row_pooled	qwen2.5-0.5b-instruct	qwen2.5-3b-instruct	linear_cka	cka	145544	18639	825	0.1280643654152696	0.04201809669693365	0.0337740526069604	0.05181521750347474	500	500	51385ad7fc65412a0b97abc35d2d48f0037ab21f612a40fbcc1920f35d7c578e
race	sentence	paper	global_complete_case_mnar	all	row_pooled	qwen2.5-0.5b-instruct	qwen2.5-3b-instruct	aitchison_magnitude_r	pearson_r	145544	18639	825	0.1280643654152696	0.4364349297797738	0.41826527332907654	0.4547506237859204	500	500	51385ad7fc65412a0b97abc35d2d48f0037ab21f612a40fbcc1920f35d7c578e
race	sentence	paper	global_complete_case_mnar	all	row_pooled	qwen2.5-0.5b-instruct	qwen2.5-3b-instruct	fisher_rao_magnitude_r	pearson_r	145544	18639	825	0.1280643654152696	0.3019832170069333	0.2814607224182043	0.3258826941383896	500	500	51385ad7fc65412a0b97abc35d2d48f0037ab21f612a40fbcc1920f35d7c578e
race	sentence	paper	global_complete_case_mnar	all	row_pooled	qwen2.5-0.5b-instruct	qwen2.5-3b-instruct	fisher_local_magnitude_r	pearson_r	145544	18639	825	0.1280643654152696	0.09878875425290973	0.0729016684568304	0.12378846925579164	500	500	51385ad7fc65412a0b97abc35d2d48f0037ab21f612a40fbcc1920f35d7c578e
race	sentence	paper	global_complete_case_mnar	all	prompt_equal	qwen2.5-0.5b-instruct	qwen2.5-3b-instruct	signed_frobenius_r	pearson_r	145544	18639	825	0.1280643654152696	0.20876818054619636	0.183970786681893	0.23151624353077407	500	500	51385ad7fc65412a0b97abc35d2d48f0037ab21f612a40fbcc1920f35d7c578e
race	sentence	paper	global_complete_case_mnar	all	prompt_equal	qwen2.5-0.5b-instruct	qwen2.5-3b-instruct	direction_cosine	mean_cosine	145544	18639	825	0.1280643654152696	0.07622249611359662	0.06331007000503712	0.08856208172703878	500	500	51385ad7fc65412a0b97abc35d2d48f0037ab21f612a40fbcc1920f35d7c578e
race	sentence	paper	global_complete_case_mnar	all	prompt_equal	qwen2.5-0.5b-instruct	qwen2.5-3b-instruct	linear_cka	cka	145544	18639	825	0.1280643654152696	0.04569758833954727	0.03574552671912265	0.057709242090137704	500	500	51385ad7fc65412a0b97abc35d2d48f0037ab21f612a40fbcc1920f35d7c578e
race	sentence	paper	global_complete_case_mnar	all	prompt_equal	qwen2.5-0.5b-instruct	qwen2.5-3b-instruct	aitchison_magnitude_r	pearson_r	145544	18639	825	0.1280643654152696	0.4233889314608869	0.4011902030769824	0.44693096491962764	500	500	51385ad7fc65412a0b97abc35d2d48f0037ab21f612a40fbcc1920f35d7c578e
race	sentence	paper	global_complete_case_mnar	all	prompt_equal	qwen2.5-0.5b-instruct	qwen2.5-3b-instruct	fisher_rao_magnitude_r	pearson_r	145544	18639	825	0.1280643654152696	0.29435450156119064	0.2705066418965047	0.3211712493784697	500	500	51385ad7fc65412a0b97abc35d2d48f0037ab21f612a40fbcc1920f35d7c578e
race	sentence	paper	global_complete_case_mnar	all	prompt_equal	qwen2.5-0.5b-instruct	qwen2.5-3b-instruct	fisher_local_magnitude_r	pearson_r	145544	18639	825	0.1280643654152696	0.09322254243392364	0.06522461753981137	0.12076426382433464	500	500	51385ad7fc65412a0b97abc35d2d48f0037ab21f612a40fbcc1920f35d7c578e
race	sentence	paper	global_complete_case_mnar	system	row_pooled	qwen2.5-0.5b-instruct	qwen2.5-3b-instruct	signed_frobenius_r	pearson_r	14802	936	592	0.06323469801378193	-0.03466104992946316	-0.07742764545890113	0.009022142387945653	500	500	3bab359b248413ff4b82309794d35425270ef3b1017c60cd7de1b91b484ad9f9
race	sentence	paper	global_complete_case_mnar	system	row_pooled	qwen2.5-0.5b-instruct	qwen2.5-3b-instruct	direction_cosine	mean_cosine	14802	936	592	0.06323469801378193	0.01585275145668773	-0.021801978543059534	0.05418350663391668	500	500	3bab359b248413ff4b82309794d35425270ef3b1017c60cd7de1b91b484ad9f9
race	sentence	paper	global_complete_case_mnar	system	row_pooled	qwen2.5-0.5b-instruct	qwen2.5-3b-instruct	linear_cka	cka	14802	936	592	0.06323469801378193	0.005123901365866757	0.003086349508078076	0.017150508329490936	500	500	3bab359b248413ff4b82309794d35425270ef3b1017c60cd7de1b91b484ad9f9
race	sentence	paper	global_complete_case_mnar	system	row_pooled	qwen2.5-0.5b-instruct	qwen2.5-3b-instruct	aitchison_magnitude_r	pearson_r	14802	936	592	0.06323469801378193	0.2688354617024463	0.21781093425569042	0.324165334074856	500	500	3bab359b248413ff4b82309794d35425270ef3b1017c60cd7de1b91b484ad9f9
race	sentence	paper	global_complete_case_mnar	system	row_pooled	qwen2.5-0.5b-instruct	qwen2.5-3b-instruct	fisher_rao_magnitude_r	pearson_r	14802	936	592	0.06323469801378193	0.14705075983516755	0.08193629379580038	0.20675502836742365	500	500	3bab359b248413ff4b82309794d35425270ef3b1017c60cd7de1b91b484ad9f9
race	sentence	paper	global_complete_case_mnar	system	row_pooled	qwen2.5-0.5b-instruct	qwen2.5-3b-instruct	fisher_local_magnitude_r	pearson_r	14802	936	592	0.06323469801378193	0.11530743686403563	0.04925819763417904	0.18252323246047145	500	500	3bab359b248413ff4b82309794d35425270ef3b1017c60cd7de1b91b484ad9f9
race	sentence	paper	global_complete_case_mnar	system	prompt_equal	qwen2.5-0.5b-instruct	qwen2.5-3b-instruct	signed_frobenius_r	pearson_r	14802	936	592	0.06323469801378193	-0.038426471729053745	-0.08241169818695017	0.003414047286341462	500	500	3bab359b248413ff4b82309794d35425270ef3b1017c60cd7de1b91b484ad9f9
race	sentence	paper	global_complete_case_mnar	system	prompt_equal	qwen2.5-0.5b-instruct	qwen2.5-3b-instruct	direction_cosine	mean_cosine	14802	936	592	0.06323469801378193	0.0007722449238261147	-0.03574865310971538	0.04155949012237598	500	500	3bab359b248413ff4b82309794d35425270ef3b1017c60cd7de1b91b484ad9f9
race	sentence	paper	global_complete_case_mnar	system	prompt_equal	qwen2.5-0.5b-instruct	qwen2.5-3b-instruct	linear_cka	cka	14802	936	592	0.06323469801378193	0.004641393010870549	0.003095986454508091	0.0177594736125984	500	500	3bab359b248413ff4b82309794d35425270ef3b1017c60cd7de1b91b484ad9f9
race	sentence	paper	global_complete_case_mnar	system	prompt_equal	qwen2.5-0.5b-instruct	qwen2.5-3b-instruct	aitchison_magnitude_r	pearson_r	14802	936	592	0.06323469801378193	0.267341436651968	0.21643275583919955	0.3254975930251964	500	500	3bab359b248413ff4b82309794d35425270ef3b1017c60cd7de1b91b484ad9f9
race	sentence	paper	global_complete_case_mnar	system	prompt_equal	qwen2.5-0.5b-instruct	qwen2.5-3b-instruct	fisher_rao_magnitude_r	pearson_r	14802	936	592	0.06323469801378193	0.14482543872227127	0.08350473011766103	0.21017745922841846	500	500	3bab359b248413ff4b82309794d35425270ef3b1017c60cd7de1b91b484ad9f9
race	sentence	paper	global_complete_case_mnar	system	prompt_equal	qwen2.5-0.5b-instruct	qwen2.5-3b-instruct	fisher_local_magnitude_r	pearson_r	14802	936	592	0.06323469801378193	0.1081433859532695	0.046082906402491235	0.1734857815516271	500	500	3bab359b248413ff4b82309794d35425270ef3b1017c60cd7de1b91b484ad9f9
race	sentence	paper	global_complete_case_mnar	user	row_pooled	qwen2.5-0.5b-instruct	qwen2.5-3b-instruct	signed_frobenius_r	pearson_r	130742	17703	825	0.1354040782610026	0.20105445355172935	0.18077105282070505	0.21976115186489661	500	500	f4dfff463588ac5ae026c9a5714d6982ed65510e3f0ce476ecc721a02f2aa318
race	sentence	paper	global_complete_case_mnar	user	row_pooled	qwen2.5-0.5b-instruct	qwen2.5-3b-instruct	direction_cosine	mean_cosine	130742	17703	825	0.1354040782610026	0.06664881552028931	0.05433000510605524	0.08036772872385589	500	500	f4dfff463588ac5ae026c9a5714d6982ed65510e3f0ce476ecc721a02f2aa318
race	sentence	paper	global_complete_case_mnar	user	row_pooled	qwen2.5-0.5b-instruct	qwen2.5-3b-instruct	linear_cka	cka	130742	17703	825	0.1354040782610026	0.04334546808485778	0.03531699460820399	0.053035684978996	500	500	f4dfff463588ac5ae026c9a5714d6982ed65510e3f0ce476ecc721a02f2aa318
race	sentence	paper	global_complete_case_mnar	user	row_pooled	qwen2.5-0.5b-instruct	qwen2.5-3b-instruct	aitchison_magnitude_r	pearson_r	130742	17703	825	0.1354040782610026	0.4370946727017345	0.4175401142910604	0.45642026701750804	500	500	f4dfff463588ac5ae026c9a5714d6982ed65510e3f0ce476ecc721a02f2aa318
race	sentence	paper	global_complete_case_mnar	user	row_pooled	qwen2.5-0.5b-instruct	qwen2.5-3b-instruct	fisher_rao_magnitude_r	pearson_r	130742	17703	825	0.1354040782610026	0.3040396999373255	0.28262632796379217	0.3269071947763038	500	500	f4dfff463588ac5ae026c9a5714d6982ed65510e3f0ce476ecc721a02f2aa318
race	sentence	paper	global_complete_case_mnar	user	row_pooled	qwen2.5-0.5b-instruct	qwen2.5-3b-instruct	fisher_local_magnitude_r	pearson_r	130742	17703	825	0.1354040782610026	0.09806159072942124	0.07010386851547747	0.12572086750079495	500	500	f4dfff463588ac5ae026c9a5714d6982ed65510e3f0ce476ecc721a02f2aa318
race	sentence	paper	global_complete_case_mnar	user	prompt_equal	qwen2.5-0.5b-instruct	qwen2.5-3b-instruct	signed_frobenius_r	pearson_r	130742	17703	825	0.1354040782610026	0.21090382310839847	0.1869730136726249	0.2339216494198129	500	500	f4dfff463588ac5ae026c9a5714d6982ed65510e3f0ce476ecc721a02f2aa318
race	sentence	paper	global_complete_case_mnar	user	prompt_equal	qwen2.5-0.5b-instruct	qwen2.5-3b-instruct	direction_cosine	mean_cosine	130742	17703	825	0.1354040782610026	0.07923658467149565	0.06662402476744944	0.09214695818555772	500	500	f4dfff463588ac5ae026c9a5714d6982ed65510e3f0ce476ecc721a02f2aa318
race	sentence	paper	global_complete_case_mnar	user	prompt_equal	qwen2.5-0.5b-instruct	qwen2.5-3b-instruct	linear_cka	cka	130742	17703	825	0.1354040782610026	0.04647871907420136	0.036601122396592904	0.0593478339896614	500	500	f4dfff463588ac5ae026c9a5714d6982ed65510e3f0ce476ecc721a02f2aa318
race	sentence	paper	global_complete_case_mnar	user	prompt_equal	qwen2.5-0.5b-instruct	qwen2.5-3b-instruct	aitchison_magnitude_r	pearson_r	130742	17703	825	0.1354040782610026	0.4217363254717184	0.3991846097883804	0.447063750122927	500	500	f4dfff463588ac5ae026c9a5714d6982ed65510e3f0ce476ecc721a02f2aa318
race	sentence	paper	global_complete_case_mnar	user	prompt_equal	qwen2.5-0.5b-instruct	qwen2.5-3b-instruct	fisher_rao_magnitude_r	pearson_r	130742	17703	825	0.1354040782610026	0.29464013002762257	0.27167438266789457	0.32229449183567116	500	500	f4dfff463588ac5ae026c9a5714d6982ed65510e3f0ce476ecc721a02f2aa318
race	sentence	paper	global_complete_case_mnar	user	prompt_equal	qwen2.5-0.5b-instruct	qwen2.5-3b-instruct	fisher_local_magnitude_r	pearson_r	130742	17703	825	0.1354040782610026	0.09145578903992099	0.06287932226066868	0.11743965246245831	500	500	f4dfff463588ac5ae026c9a5714d6982ed65510e3f0ce476ecc721a02f2aa318
race	sentence	paper	global_complete_case_mnar	prediction	row_pooled	qwen2.5-0.5b-instruct	llama-3.1-8b-instruct	signed_frobenius_r	pearson_r	4934	825	825	0.16720713417105795	0.40982170043174626	0.3680747534414462	0.4468124479552329	500	500	bb39c2d2fc4a8ec99452fbbab44f2b1aedd932bc8338ac64de82b714d19ca319
race	sentence	paper	global_complete_case_mnar	prediction	row_pooled	qwen2.5-0.5b-instruct	llama-3.1-8b-instruct	direction_cosine	mean_cosine	4934	825	825	0.16720713417105795	0.2494446016075292	0.2062139430693864	0.29189780916841523	500	500	bb39c2d2fc4a8ec99452fbbab44f2b1aedd932bc8338ac64de82b714d19ca319
race	sentence	paper	global_complete_case_mnar	prediction	row_pooled	qwen2.5-0.5b-instruct	llama-3.1-8b-instruct	linear_cka	cka	4934	825	825	0.16720713417105795	0.1710522160393835	0.13856677667868106	0.20779865973903824	500	500	bb39c2d2fc4a8ec99452fbbab44f2b1aedd932bc8338ac64de82b714d19ca319
race	sentence	paper	global_complete_case_mnar	all	row_pooled	qwen2.5-0.5b-instruct	llama-3.1-8b-instruct	signed_frobenius_r	pearson_r	145544	18639	825	0.1280643654152696	0.2935522283530133	0.2711349353394936	0.3152871132283235	500	500	51385ad7fc65412a0b97abc35d2d48f0037ab21f612a40fbcc1920f35d7c578e
race	sentence	paper	global_complete_case_mnar	all	row_pooled	qwen2.5-0.5b-instruct	llama-3.1-8b-instruct	direction_cosine	mean_cosine	145544	18639	825	0.1280643654152696	0.09499917843574314	0.0806592777144346	0.108615928422167	500	500	51385ad7fc65412a0b97abc35d2d48f0037ab21f612a40fbcc1920f35d7c578e
race	sentence	paper	global_complete_case_mnar	all	row_pooled	qwen2.5-0.5b-instruct	llama-3.1-8b-instruct	linear_cka	cka	145544	18639	825	0.1280643654152696	0.10481510687290992	0.08857482026520791	0.12415450110655447	500	500	51385ad7fc65412a0b97abc35d2d48f0037ab21f612a40fbcc1920f35d7c578e
race	sentence	paper	global_complete_case_mnar	all	row_pooled	qwen2.5-0.5b-instruct	llama-3.1-8b-instruct	aitchison_magnitude_r	pearson_r	145544	18639	825	0.1280643654152696	0.5153688761754688	0.49374495803955293	0.5348888365210474	500	500	51385ad7fc65412a0b97abc35d2d48f0037ab21f612a40fbcc1920f35d7c578e
race	sentence	paper	global_complete_case_mnar	all	row_pooled	qwen2.5-0.5b-instruct	llama-3.1-8b-instruct	fisher_rao_magnitude_r	pearson_r	145544	18639	825	0.1280643654152696	0.46037567494863735	0.43713687200780443	0.4837812023882223	500	500	51385ad7fc65412a0b97abc35d2d48f0037ab21f612a40fbcc1920f35d7c578e
race	sentence	paper	global_complete_case_mnar	all	row_pooled	qwen2.5-0.5b-instruct	llama-3.1-8b-instruct	fisher_local_magnitude_r	pearson_r	145544	18639	825	0.1280643654152696	0.24199860679591761	0.22087188825685056	0.26304365229530413	500	500	51385ad7fc65412a0b97abc35d2d48f0037ab21f612a40fbcc1920f35d7c578e
race	sentence	paper	global_complete_case_mnar	all	prompt_equal	qwen2.5-0.5b-instruct	llama-3.1-8b-instruct	signed_frobenius_r	pearson_r	145544	18639	825	0.1280643654152696	0.3087416618657036	0.2838704796694426	0.3341821651007825	500	500	51385ad7fc65412a0b97abc35d2d48f0037ab21f612a40fbcc1920f35d7c578e
race	sentence	paper	global_complete_case_mnar	all	prompt_equal	qwen2.5-0.5b-instruct	llama-3.1-8b-instruct	direction_cosine	mean_cosine	145544	18639	825	0.1280643654152696	0.10478086410953076	0.09058852273056509	0.11640630626287571	500	500	51385ad7fc65412a0b97abc35d2d48f0037ab21f612a40fbcc1920f35d7c578e
race	sentence	paper	global_complete_case_mnar	all	prompt_equal	qwen2.5-0.5b-instruct	llama-3.1-8b-instruct	linear_cka	cka	145544	18639	825	0.1280643654152696	0.11606676819349791	0.09598754499669354	0.14042622948723973	500	500	51385ad7fc65412a0b97abc35d2d48f0037ab21f612a40fbcc1920f35d7c578e
race	sentence	paper	global_complete_case_mnar	all	prompt_equal	qwen2.5-0.5b-instruct	llama-3.1-8b-instruct	aitchison_magnitude_r	pearson_r	145544	18639	825	0.1280643654152696	0.5074910972041419	0.48147746245264716	0.5319250527592017	500	500	51385ad7fc65412a0b97abc35d2d48f0037ab21f612a40fbcc1920f35d7c578e
race	sentence	paper	global_complete_case_mnar	all	prompt_equal	qwen2.5-0.5b-instruct	llama-3.1-8b-instruct	fisher_rao_magnitude_r	pearson_r	145544	18639	825	0.1280643654152696	0.45851196989627807	0.42824193877952194	0.4870291975793147	500	500	51385ad7fc65412a0b97abc35d2d48f0037ab21f612a40fbcc1920f35d7c578e
race	sentence	paper	global_complete_case_mnar	all	prompt_equal	qwen2.5-0.5b-instruct	llama-3.1-8b-instruct	fisher_local_magnitude_r	pearson_r	145544	18639	825	0.1280643654152696	0.21238869469953858	0.18710538824206857	0.23601500348366208	500	500	51385ad7fc65412a0b97abc35d2d48f0037ab21f612a40fbcc1920f35d7c578e
race	sentence	paper	global_complete_case_mnar	system	row_pooled	qwen2.5-0.5b-instruct	llama-3.1-8b-instruct	signed_frobenius_r	pearson_r	14802	936	592	0.06323469801378193	-0.0015612616289623178	-0.044458465106178756	0.039611086744834656	500	500	3bab359b248413ff4b82309794d35425270ef3b1017c60cd7de1b91b484ad9f9
race	sentence	paper	global_complete_case_mnar	system	row_pooled	qwen2.5-0.5b-instruct	llama-3.1-8b-instruct	direction_cosine	mean_cosine	14802	936	592	0.06323469801378193	-0.0320690072229443	-0.06835908048633581	0.006653703904088291	500	500	3bab359b248413ff4b82309794d35425270ef3b1017c60cd7de1b91b484ad9f9
race	sentence	paper	global_complete_case_mnar	system	row_pooled	qwen2.5-0.5b-instruct	llama-3.1-8b-instruct	linear_cka	cka	14802	936	592	0.06323469801378193	0.02606832375096234	0.015938227365738647	0.04670861829011092	500	500	3bab359b248413ff4b82309794d35425270ef3b1017c60cd7de1b91b484ad9f9
race	sentence	paper	global_complete_case_mnar	system	row_pooled	qwen2.5-0.5b-instruct	llama-3.1-8b-instruct	aitchison_magnitude_r	pearson_r	14802	936	592	0.06323469801378193	0.4728595158792241	0.418206500895914	0.526308696481695	500	500	3bab359b248413ff4b82309794d35425270ef3b1017c60cd7de1b91b484ad9f9
race	sentence	paper	global_complete_case_mnar	system	row_pooled	qwen2.5-0.5b-instruct	llama-3.1-8b-instruct	fisher_rao_magnitude_r	pearson_r	14802	936	592	0.06323469801378193	0.29732817039258563	0.22249709203541845	0.3603391779346267	500	500	3bab359b248413ff4b82309794d35425270ef3b1017c60cd7de1b91b484ad9f9
race	sentence	paper	global_complete_case_mnar	system	row_pooled	qwen2.5-0.5b-instruct	llama-3.1-8b-instruct	fisher_local_magnitude_r	pearson_r	14802	936	592	0.06323469801378193	0.23529907842060613	0.16611104835063767	0.3021693594945756	500	500	3bab359b248413ff4b82309794d35425270ef3b1017c60cd7de1b91b484ad9f9
race	sentence	paper	global_complete_case_mnar	system	prompt_equal	qwen2.5-0.5b-instruct	llama-3.1-8b-instruct	signed_frobenius_r	pearson_r	14802	936	592	0.06323469801378193	-0.008780139887614157	-0.05634449962119337	0.03632042645363993	500	500	3bab359b248413ff4b82309794d35425270ef3b1017c60cd7de1b91b484ad9f9
race	sentence	paper	global_complete_case_mnar	system	prompt_equal	qwen2.5-0.5b-instruct	llama-3.1-8b-instruct	direction_cosine	mean_cosine	14802	936	592	0.06323469801378193	-0.03807453094725203	-0.07873327119923224	0.00491100456746572	500	500	3bab359b248413ff4b82309794d35425270ef3b1017c60cd7de1b91b484ad9f9
race	sentence	paper	global_complete_case_mnar	system	prompt_equal	qwen2.5-0.5b-instruct	llama-3.1-8b-instruct	linear_cka	cka	14802	936	592	0.06323469801378193	0.025741972942800163	0.01574519395274626	0.04694617755755846	500	500	3bab359b248413ff4b82309794d35425270ef3b1017c60cd7de1b91b484ad9f9
race	sentence	paper	global_complete_case_mnar	system	prompt_equal	qwen2.5-0.5b-instruct	llama-3.1-8b-instruct	aitchison_magnitude_r	pearson_r	14802	936	592	0.06323469801378193	0.46652231825401597	0.4096071092319855	0.5226646296442389	500	500	3bab359b248413ff4b82309794d35425270ef3b1017c60cd7de1b91b484ad9f9
race	sentence	paper	global_complete_case_mnar	system	prompt_equal	qwen2.5-0.5b-instruct	llama-3.1-8b-instruct	fisher_rao_magnitude_r	pearson_r	14802	936	592	0.06323469801378193	0.2974928541749361	0.22102200618030826	0.36475699900903585	500	500	3bab359b248413ff4b82309794d35425270ef3b1017c60cd7de1b91b484ad9f9
race	sentence	paper	global_complete_case_mnar	system	prompt_equal	qwen2.5-0.5b-instruct	llama-3.1-8b-instruct	fisher_local_magnitude_r	pearson_r	14802	936	592	0.06323469801378193	0.23794844183062086	0.16482358800081845	0.308942220336409	500	500	3bab359b248413ff4b82309794d35425270ef3b1017c60cd7de1b91b484ad9f9
race	sentence	paper	global_complete_case_mnar	user	row_pooled	qwen2.5-0.5b-instruct	llama-3.1-8b-instruct	signed_frobenius_r	pearson_r	130742	17703	825	0.1354040782610026	0.297593197876645	0.2721326727366471	0.3210696327824246	500	500	f4dfff463588ac5ae026c9a5714d6982ed65510e3f0ce476ecc721a02f2aa318
race	sentence	paper	global_complete_case_mnar	user	row_pooled	qwen2.5-0.5b-instruct	llama-3.1-8b-instruct	direction_cosine	mean_cosine	130742	17703	825	0.1354040782610026	0.10171757767748361	0.088225306177838	0.11797893949601389	500	500	f4dfff463588ac5ae026c9a5714d6982ed65510e3f0ce476ecc721a02f2aa318
race	sentence	paper	global_complete_case_mnar	user	row_pooled	qwen2.5-0.5b-instruct	llama-3.1-8b-instruct	linear_cka	cka	130742	17703	825	0.1354040782610026	0.10755896587807459	0.09051350392735703	0.12685283382803456	500	500	f4dfff463588ac5ae026c9a5714d6982ed65510e3f0ce476ecc721a02f2aa318
race	sentence	paper	global_complete_case_mnar	user	row_pooled	qwen2.5-0.5b-instruct	llama-3.1-8b-instruct	aitchison_magnitude_r	pearson_r	130742	17703	825	0.1354040782610026	0.5150831713292818	0.49220142761784247	0.5373442738898698	500	500	f4dfff463588ac5ae026c9a5714d6982ed65510e3f0ce476ecc721a02f2aa318
race	sentence	paper	global_complete_case_mnar	user	row_pooled	qwen2.5-0.5b-instruct	llama-3.1-8b-instruct	fisher_rao_magnitude_r	pearson_r	130742	17703	825	0.1354040782610026	0.462248160208176	0.43594735594754147	0.48586712170107393	500	500	f4dfff463588ac5ae026c9a5714d6982ed65510e3f0ce476ecc721a02f2aa318
race	sentence	paper	global_complete_case_mnar	user	row_pooled	qwen2.5-0.5b-instruct	llama-3.1-8b-instruct	fisher_local_magnitude_r	pearson_r	130742	17703	825	0.1354040782610026	0.24156723827555424	0.21813958693466798	0.2620834527706153	500	500	f4dfff463588ac5ae026c9a5714d6982ed65510e3f0ce476ecc721a02f2aa318
race	sentence	paper	global_complete_case_mnar	user	prompt_equal	qwen2.5-0.5b-instruct	llama-3.1-8b-instruct	signed_frobenius_r	pearson_r	130742	17703	825	0.1354040782610026	0.31032150533062475	0.28281726397642293	0.3353362521449775	500	500	f4dfff463588ac5ae026c9a5714d6982ed65510e3f0ce476ecc721a02f2aa318
race	sentence	paper	global_complete_case_mnar	user	prompt_equal	qwen2.5-0.5b-instruct	llama-3.1-8b-instruct	direction_cosine	mean_cosine	130742	17703	825	0.1354040782610026	0.11066061545949693	0.0977272355733286	0.12434703979599732	500	500	f4dfff463588ac5ae026c9a5714d6982ed65510e3f0ce476ecc721a02f2aa318
race	sentence	paper	global_complete_case_mnar	user	prompt_equal	qwen2.5-0.5b-instruct	llama-3.1-8b-instruct	linear_cka	cka	130742	17703	825	0.1354040782610026	0.11731518835203265	0.0953231922358271	0.13936440167418696	500	500	f4dfff463588ac5ae026c9a5714d6982ed65510e3f0ce476ecc721a02f2aa318
race	sentence	paper	global_complete_case_mnar	user	prompt_equal	qwen2.5-0.5b-instruct	llama-3.1-8b-instruct	aitchison_magnitude_r	pearson_r	130742	17703	825	0.1354040782610026	0.5058440095631158	0.4756204378443442	0.5313892021174333	500	500	f4dfff463588ac5ae026c9a5714d6982ed65510e3f0ce476ecc721a02f2aa318
race	sentence	paper	global_complete_case_mnar	user	prompt_equal	qwen2.5-0.5b-instruct	llama-3.1-8b-instruct	fisher_rao_magnitude_r	pearson_r	130742	17703	825	0.1354040782610026	0.4585424024386306	0.4259641123970368	0.48560301014581503	500	500	f4dfff463588ac5ae026c9a5714d6982ed65510e3f0ce476ecc721a02f2aa318
race	sentence	paper	global_complete_case_mnar	user	prompt_equal	qwen2.5-0.5b-instruct	llama-3.1-8b-instruct	fisher_local_magnitude_r	pearson_r	130742	17703	825	0.1354040782610026	0.2107862328156923	0.18343116461788792	0.23400727305294747	500	500	f4dfff463588ac5ae026c9a5714d6982ed65510e3f0ce476ecc721a02f2aa318
race	sentence	paper	global_complete_case_mnar	prediction	row_pooled	qwen2.5-0.5b-instruct	qwen2.5-7b-instruct	signed_frobenius_r	pearson_r	4934	825	825	0.16720713417105795	0.34858556195929397	0.30495243750705336	0.3881943453282587	500	500	bb39c2d2fc4a8ec99452fbbab44f2b1aedd932bc8338ac64de82b714d19ca319
race	sentence	paper	global_complete_case_mnar	prediction	row_pooled	qwen2.5-0.5b-instruct	qwen2.5-7b-instruct	direction_cosine	mean_cosine	4934	825	825	0.16720713417105795	0.27805144677897825	0.23489792770534598	0.3170982033966127	500	500	bb39c2d2fc4a8ec99452fbbab44f2b1aedd932bc8338ac64de82b714d19ca319
race	sentence	paper	global_complete_case_mnar	prediction	row_pooled	qwen2.5-0.5b-instruct	qwen2.5-7b-instruct	linear_cka	cka	4934	825	825	0.16720713417105795	0.1313394630351049	0.10018701878446068	0.16645911203314567	500	500	bb39c2d2fc4a8ec99452fbbab44f2b1aedd932bc8338ac64de82b714d19ca319
race	sentence	paper	global_complete_case_mnar	all	row_pooled	qwen2.5-0.5b-instruct	qwen2.5-7b-instruct	signed_frobenius_r	pearson_r	145544	18639	825	0.1280643654152696	0.22709684825648316	0.20526629631449753	0.24855113658763278	500	500	51385ad7fc65412a0b97abc35d2d48f0037ab21f612a40fbcc1920f35d7c578e
race	sentence	paper	global_complete_case_mnar	all	row_pooled	qwen2.5-0.5b-instruct	qwen2.5-7b-instruct	direction_cosine	mean_cosine	145544	18639	825	0.1280643654152696	0.08860555732715249	0.07542002637967947	0.100763338001844	500	500	51385ad7fc65412a0b97abc35d2d48f0037ab21f612a40fbcc1920f35d7c578e
race	sentence	paper	global_complete_case_mnar	all	row_pooled	qwen2.5-0.5b-instruct	qwen2.5-7b-instruct	linear_cka	cka	145544	18639	825	0.1280643654152696	0.05645791718008651	0.04594357457561605	0.06915731065485038	500	500	51385ad7fc65412a0b97abc35d2d48f0037ab21f612a40fbcc1920f35d7c578e
race	sentence	paper	global_complete_case_mnar	all	row_pooled	qwen2.5-0.5b-instruct	qwen2.5-7b-instruct	aitchison_magnitude_r	pearson_r	145544	18639	825	0.1280643654152696	0.45663954685065306	0.43918492063207515	0.47463984348950256	500	500	51385ad7fc65412a0b97abc35d2d48f0037ab21f612a40fbcc1920f35d7c578e
race	sentence	paper	global_complete_case_mnar	all	row_pooled	qwen2.5-0.5b-instruct	qwen2.5-7b-instruct	fisher_rao_magnitude_r	pearson_r	145544	18639	825	0.1280643654152696	0.33443653544515306	0.31501172778646197	0.3536244170905056	500	500	51385ad7fc65412a0b97abc35d2d48f0037ab21f612a40fbcc1920f35d7c578e
race	sentence	paper	global_complete_case_mnar	all	row_pooled	qwen2.5-0.5b-instruct	qwen2.5-7b-instruct	fisher_local_magnitude_r	pearson_r	145544	18639	825	0.1280643654152696	0.10784233860002165	0.08088470098830225	0.13631981599677503	500	500	51385ad7fc65412a0b97abc35d2d48f0037ab21f612a40fbcc1920f35d7c578e
race	sentence	paper	global_complete_case_mnar	all	prompt_equal	qwen2.5-0.5b-instruct	qwen2.5-7b-instruct	signed_frobenius_r	pearson_r	145544	18639	825	0.1280643654152696	0.23780223098200812	0.21385582547706913	0.26200503756131144	500	500	51385ad7fc65412a0b97abc35d2d48f0037ab21f612a40fbcc1920f35d7c578e
race	sentence	paper	global_complete_case_mnar	all	prompt_equal	qwen2.5-0.5b-instruct	qwen2.5-7b-instruct	direction_cosine	mean_cosine	145544	18639	825	0.1280643654152696	0.09669001156596448	0.08336034723291116	0.11065111150849755	500	500	51385ad7fc65412a0b97abc35d2d48f0037ab21f612a40fbcc1920f35d7c578e
race	sentence	paper	global_complete_case_mnar	all	prompt_equal	qwen2.5-0.5b-instruct	qwen2.5-7b-instruct	linear_cka	cka	145544	18639	825	0.1280643654152696	0.06284677027859388	0.0496963821840282	0.07962407207371573	500	500	51385ad7fc65412a0b97abc35d2d48f0037ab21f612a40fbcc1920f35d7c578e
race	sentence	paper	global_complete_case_mnar	all	prompt_equal	qwen2.5-0.5b-instruct	qwen2.5-7b-instruct	aitchison_magnitude_r	pearson_r	145544	18639	825	0.1280643654152696	0.44011441275566904	0.4199442100783153	0.4608637148097955	500	500	51385ad7fc65412a0b97abc35d2d48f0037ab21f612a40fbcc1920f35d7c578e
race	sentence	paper	global_complete_case_mnar	all	prompt_equal	qwen2.5-0.5b-instruct	qwen2.5-7b-instruct	fisher_rao_magnitude_r	pearson_r	145544	18639	825	0.1280643654152696	0.3278712625741539	0.306023594724478	0.3503863015301906	500	500	51385ad7fc65412a0b97abc35d2d48f0037ab21f612a40fbcc1920f35d7c578e
race	sentence	paper	global_complete_case_mnar	all	prompt_equal	qwen2.5-0.5b-instruct	qwen2.5-7b-instruct	fisher_local_magnitude_r	pearson_r	145544	18639	825	0.1280643654152696	0.09168333487887795	0.06268125385059439	0.12091066959715713	500	500	51385ad7fc65412a0b97abc35d2d48f0037ab21f612a40fbcc1920f35d7c578e
race	sentence	paper	global_complete_case_mnar	system	row_pooled	qwen2.5-0.5b-instruct	qwen2.5-7b-instruct	signed_frobenius_r	pearson_r	14802	936	592	0.06323469801378193	0.11992557068134571	0.0707904148074697	0.1643263015427984	500	500	3bab359b248413ff4b82309794d35425270ef3b1017c60cd7de1b91b484ad9f9
race	sentence	paper	global_complete_case_mnar	system	row_pooled	qwen2.5-0.5b-instruct	qwen2.5-7b-instruct	direction_cosine	mean_cosine	14802	936	592	0.06323469801378193	0.06675233392393164	0.02597630056190782	0.1077383347957607	500	500	3bab359b248413ff4b82309794d35425270ef3b1017c60cd7de1b91b484ad9f9
race	sentence	paper	global_complete_case_mnar	system	row_pooled	qwen2.5-0.5b-instruct	qwen2.5-7b-instruct	linear_cka	cka	14802	936	592	0.06323469801378193	0.025526113428057048	0.0172806437691673	0.04412242584651015	500	500	3bab359b248413ff4b82309794d35425270ef3b1017c60cd7de1b91b484ad9f9
race	sentence	paper	global_complete_case_mnar	system	row_pooled	qwen2.5-0.5b-instruct	qwen2.5-7b-instruct	aitchison_magnitude_r	pearson_r	14802	936	592	0.06323469801378193	0.45065535514363964	0.3980651563068476	0.5012074742912123	500	500	3bab359b248413ff4b82309794d35425270ef3b1017c60cd7de1b91b484ad9f9
race	sentence	paper	global_complete_case_mnar	system	row_pooled	qwen2.5-0.5b-instruct	qwen2.5-7b-instruct	fisher_rao_magnitude_r	pearson_r	14802	936	592	0.06323469801378193	0.18868826580552758	0.12471594034298528	0.25044819243745536	500	500	3bab359b248413ff4b82309794d35425270ef3b1017c60cd7de1b91b484ad9f9
race	sentence	paper	global_complete_case_mnar	system	row_pooled	qwen2.5-0.5b-instruct	qwen2.5-7b-instruct	fisher_local_magnitude_r	pearson_r	14802	936	592	0.06323469801378193	0.17346206857884744	0.1022813507816276	0.241261445939395	500	500	3bab359b248413ff4b82309794d35425270ef3b1017c60cd7de1b91b484ad9f9
race	sentence	paper	global_complete_case_mnar	system	prompt_equal	qwen2.5-0.5b-instruct	qwen2.5-7b-instruct	signed_frobenius_r	pearson_r	14802	936	592	0.06323469801378193	0.12962990975111593	0.08283756874999558	0.17479415014588068	500	500	3bab359b248413ff4b82309794d35425270ef3b1017c60cd7de1b91b484ad9f9
race	sentence	paper	global_complete_case_mnar	system	prompt_equal	qwen2.5-0.5b-instruct	qwen2.5-7b-instruct	direction_cosine	mean_cosine	14802	936	592	0.06323469801378193	0.07828708734906269	0.03549239319403588	0.12041595986368352	500	500	3bab359b248413ff4b82309794d35425270ef3b1017c60cd7de1b91b484ad9f9
race	sentence	paper	global_complete_case_mnar	system	prompt_equal	qwen2.5-0.5b-instruct	qwen2.5-7b-instruct	linear_cka	cka	14802	936	592	0.06323469801378193	0.026172957014363975	0.017254717307207672	0.04741733582480476	500	500	3bab359b248413ff4b82309794d35425270ef3b1017c60cd7de1b91b484ad9f9
race	sentence	paper	global_complete_case_mnar	system	prompt_equal	qwen2.5-0.5b-instruct	qwen2.5-7b-instruct	aitchison_magnitude_r	pearson_r	14802	936	592	0.06323469801378193	0.4488650082649078	0.3872231680129327	0.5063549977167291	500	500	3bab359b248413ff4b82309794d35425270ef3b1017c60cd7de1b91b484ad9f9
race	sentence	paper	global_complete_case_mnar	system	prompt_equal	qwen2.5-0.5b-instruct	qwen2.5-7b-instruct	fisher_rao_magnitude_r	pearson_r	14802	936	592	0.06323469801378193	0.20100181583834975	0.1304423979025733	0.2706677202928363	500	500	3bab359b248413ff4b82309794d35425270ef3b1017c60cd7de1b91b484ad9f9
race	sentence	paper	global_complete_case_mnar	system	prompt_equal	qwen2.5-0.5b-instruct	qwen2.5-7b-instruct	fisher_local_magnitude_r	pearson_r	14802	936	592	0.06323469801378193	0.17922234690563574	0.11021423389114096	0.252526157485884	500	500	3bab359b248413ff4b82309794d35425270ef3b1017c60cd7de1b91b484ad9f9
race	sentence	paper	global_complete_case_mnar	user	row_pooled	qwen2.5-0.5b-instruct	qwen2.5-7b-instruct	signed_frobenius_r	pearson_r	130742	17703	825	0.1354040782610026	0.22844365572284578	0.2077808528909737	0.24800963328800976	500	500	f4dfff463588ac5ae026c9a5714d6982ed65510e3f0ce476ecc721a02f2aa318
race	sentence	paper	global_complete_case_mnar	user	row_pooled	qwen2.5-0.5b-instruct	qwen2.5-7b-instruct	direction_cosine	mean_cosine	130742	17703	825	0.1354040782610026	0.08976098957622977	0.07698546059005698	0.10197390008646441	500	500	f4dfff463588ac5ae026c9a5714d6982ed65510e3f0ce476ecc721a02f2aa318
race	sentence	paper	global_complete_case_mnar	user	row_pooled	qwen2.5-0.5b-instruct	qwen2.5-7b-instruct	linear_cka	cka	130742	17703	825	0.1354040782610026	0.05741269748699284	0.04669434366669804	0.06899182463348362	500	500	f4dfff463588ac5ae026c9a5714d6982ed65510e3f0ce476ecc721a02f2aa318
race	sentence	paper	global_complete_case_mnar	user	row_pooled	qwen2.5-0.5b-instruct	qwen2.5-7b-instruct	aitchison_magnitude_r	pearson_r	130742	17703	825	0.1354040782610026	0.45618426855751465	0.43845689819766714	0.4745614085070675	500	500	f4dfff463588ac5ae026c9a5714d6982ed65510e3f0ce476ecc721a02f2aa318
race	sentence	paper	global_complete_case_mnar	user	row_pooled	qwen2.5-0.5b-instruct	qwen2.5-7b-instruct	fisher_rao_magnitude_r	pearson_r	130742	17703	825	0.1354040782610026	0.33571273085525033	0.31492023504266464	0.35671016089652335	500	500	f4dfff463588ac5ae026c9a5714d6982ed65510e3f0ce476ecc721a02f2aa318
race	sentence	paper	global_complete_case_mnar	user	row_pooled	qwen2.5-0.5b-instruct	qwen2.5-7b-instruct	fisher_local_magnitude_r	pearson_r	130742	17703	825	0.1354040782610026	0.10652367010356145	0.07963727116302037	0.13230815409524815	500	500	f4dfff463588ac5ae026c9a5714d6982ed65510e3f0ce476ecc721a02f2aa318
race	sentence	paper	global_complete_case_mnar	user	prompt_equal	qwen2.5-0.5b-instruct	qwen2.5-7b-instruct	signed_frobenius_r	pearson_r	130742	17703	825	0.1354040782610026	0.2377950488821885	0.21429048335808024	0.2606081395442638	500	500	f4dfff463588ac5ae026c9a5714d6982ed65510e3f0ce476ecc721a02f2aa318
race	sentence	paper	global_complete_case_mnar	user	prompt_equal	qwen2.5-0.5b-instruct	qwen2.5-7b-instruct	direction_cosine	mean_cosine	130742	17703	825	0.1354040782610026	0.09822598123962803	0.08487395679834378	0.11085777021483756	500	500	f4dfff463588ac5ae026c9a5714d6982ed65510e3f0ce476ecc721a02f2aa318
race	sentence	paper	global_complete_case_mnar	user	prompt_equal	qwen2.5-0.5b-instruct	qwen2.5-7b-instruct	linear_cka	cka	130742	17703	825	0.1354040782610026	0.06310159821716496	0.05054866086542356	0.07798039352914789	500	500	f4dfff463588ac5ae026c9a5714d6982ed65510e3f0ce476ecc721a02f2aa318
race	sentence	paper	global_complete_case_mnar	user	prompt_equal	qwen2.5-0.5b-instruct	qwen2.5-7b-instruct	aitchison_magnitude_r	pearson_r	130742	17703	825	0.1354040782610026	0.43823824931454863	0.4164742910659403	0.46092208693515113	500	500	f4dfff463588ac5ae026c9a5714d6982ed65510e3f0ce476ecc721a02f2aa318
race	sentence	paper	global_complete_case_mnar	user	prompt_equal	qwen2.5-0.5b-instruct	qwen2.5-7b-instruct	fisher_rao_magnitude_r	pearson_r	130742	17703	825	0.1354040782610026	0.3277268700044105	0.30414024674802764	0.35026440697883465	500	500	f4dfff463588ac5ae026c9a5714d6982ed65510e3f0ce476ecc721a02f2aa318
race	sentence	paper	global_complete_case_mnar	user	prompt_equal	qwen2.5-0.5b-instruct	qwen2.5-7b-instruct	fisher_local_magnitude_r	pearson_r	130742	17703	825	0.1354040782610026	0.09027664472636111	0.06235538895600492	0.11647389376746142	500	500	f4dfff463588ac5ae026c9a5714d6982ed65510e3f0ce476ecc721a02f2aa318
race	sentence	paper	global_complete_case_mnar	prediction	row_pooled	qwen2.5-0.5b-instruct	qwen2.5-14b-instruct	signed_frobenius_r	pearson_r	4934	825	825	0.16720713417105795	0.34510202609162316	0.30866777124708605	0.38500009450682066	500	500	bb39c2d2fc4a8ec99452fbbab44f2b1aedd932bc8338ac64de82b714d19ca319
race	sentence	paper	global_complete_case_mnar	prediction	row_pooled	qwen2.5-0.5b-instruct	qwen2.5-14b-instruct	direction_cosine	mean_cosine	4934	825	825	0.16720713417105795	0.27276853676068064	0.23595846570938633	0.315593943155362	500	500	bb39c2d2fc4a8ec99452fbbab44f2b1aedd932bc8338ac64de82b714d19ca319
race	sentence	paper	global_complete_case_mnar	prediction	row_pooled	qwen2.5-0.5b-instruct	qwen2.5-14b-instruct	linear_cka	cka	4934	825	825	0.16720713417105795	0.12647546237814244	0.10115855169910612	0.1624013771022	500	500	bb39c2d2fc4a8ec99452fbbab44f2b1aedd932bc8338ac64de82b714d19ca319
race	sentence	paper	global_complete_case_mnar	all	row_pooled	qwen2.5-0.5b-instruct	qwen2.5-14b-instruct	signed_frobenius_r	pearson_r	145544	18639	825	0.1280643654152696	0.1317525191980495	0.10927665905794842	0.15369195414369774	500	500	51385ad7fc65412a0b97abc35d2d48f0037ab21f612a40fbcc1920f35d7c578e
race	sentence	paper	global_complete_case_mnar	all	row_pooled	qwen2.5-0.5b-instruct	qwen2.5-14b-instruct	direction_cosine	mean_cosine	145544	18639	825	0.1280643654152696	0.05718065658608666	0.043548849366494405	0.06943337525057235	500	500	51385ad7fc65412a0b97abc35d2d48f0037ab21f612a40fbcc1920f35d7c578e
race	sentence	paper	global_complete_case_mnar	all	row_pooled	qwen2.5-0.5b-instruct	qwen2.5-14b-instruct	linear_cka	cka	145544	18639	825	0.1280643654152696	0.023845794703602693	0.01797776770328282	0.03139536678036195	500	500	51385ad7fc65412a0b97abc35d2d48f0037ab21f612a40fbcc1920f35d7c578e
race	sentence	paper	global_complete_case_mnar	all	row_pooled	qwen2.5-0.5b-instruct	qwen2.5-14b-instruct	aitchison_magnitude_r	pearson_r	145544	18639	825	0.1280643654152696	0.4538146270470477	0.43737879932872226	0.4718039099702937	500	500	51385ad7fc65412a0b97abc35d2d48f0037ab21f612a40fbcc1920f35d7c578e
race	sentence	paper	global_complete_case_mnar	all	row_pooled	qwen2.5-0.5b-instruct	qwen2.5-14b-instruct	fisher_rao_magnitude_r	pearson_r	145544	18639	825	0.1280643654152696	0.2875229823562214	0.2674009258680882	0.3096817103648311	500	500	51385ad7fc65412a0b97abc35d2d48f0037ab21f612a40fbcc1920f35d7c578e
race	sentence	paper	global_complete_case_mnar	all	row_pooled	qwen2.5-0.5b-instruct	qwen2.5-14b-instruct	fisher_local_magnitude_r	pearson_r	145544	18639	825	0.1280643654152696	0.07059941364194387	0.046072801956215166	0.09593766484661843	500	500	51385ad7fc65412a0b97abc35d2d48f0037ab21f612a40fbcc1920f35d7c578e
race	sentence	paper	global_complete_case_mnar	all	prompt_equal	qwen2.5-0.5b-instruct	qwen2.5-14b-instruct	signed_frobenius_r	pearson_r	145544	18639	825	0.1280643654152696	0.14134809972663948	0.11849927820008282	0.16500489399590265	500	500	51385ad7fc65412a0b97abc35d2d48f0037ab21f612a40fbcc1920f35d7c578e
race	sentence	paper	global_complete_case_mnar	all	prompt_equal	qwen2.5-0.5b-instruct	qwen2.5-14b-instruct	direction_cosine	mean_cosine	145544	18639	825	0.1280643654152696	0.06585415519331055	0.05283498632146611	0.0789340343375301	500	500	51385ad7fc65412a0b97abc35d2d48f0037ab21f612a40fbcc1920f35d7c578e
race	sentence	paper	global_complete_case_mnar	all	prompt_equal	qwen2.5-0.5b-instruct	qwen2.5-14b-instruct	linear_cka	cka	145544	18639	825	0.1280643654152696	0.028920920018386777	0.02154361356862731	0.03909624162858554	500	500	51385ad7fc65412a0b97abc35d2d48f0037ab21f612a40fbcc1920f35d7c578e
race	sentence	paper	global_complete_case_mnar	all	prompt_equal	qwen2.5-0.5b-instruct	qwen2.5-14b-instruct	aitchison_magnitude_r	pearson_r	145544	18639	825	0.1280643654152696	0.44141998318777065	0.4225214700577507	0.4625290536165499	500	500	51385ad7fc65412a0b97abc35d2d48f0037ab21f612a40fbcc1920f35d7c578e
race	sentence	paper	global_complete_case_mnar	all	prompt_equal	qwen2.5-0.5b-instruct	qwen2.5-14b-instruct	fisher_rao_magnitude_r	pearson_r	145544	18639	825	0.1280643654152696	0.2761634590849175	0.25410114575778864	0.29996092667978874	500	500	51385ad7fc65412a0b97abc35d2d48f0037ab21f612a40fbcc1920f35d7c578e
race	sentence	paper	global_complete_case_mnar	all	prompt_equal	qwen2.5-0.5b-instruct	qwen2.5-14b-instruct	fisher_local_magnitude_r	pearson_r	145544	18639	825	0.1280643654152696	0.05672239016402561	0.032838644314679324	0.08368594111427624	500	500	51385ad7fc65412a0b97abc35d2d48f0037ab21f612a40fbcc1920f35d7c578e
race	sentence	paper	global_complete_case_mnar	system	row_pooled	qwen2.5-0.5b-instruct	qwen2.5-14b-instruct	signed_frobenius_r	pearson_r	14802	936	592	0.06323469801378193	0.08962240116209384	0.03954483794735874	0.13170578561963575	500	500	3bab359b248413ff4b82309794d35425270ef3b1017c60cd7de1b91b484ad9f9
race	sentence	paper	global_complete_case_mnar	system	row_pooled	qwen2.5-0.5b-instruct	qwen2.5-14b-instruct	direction_cosine	mean_cosine	14802	936	592	0.06323469801378193	0.08126937521941395	0.03508457026219674	0.1214974282077095	500	500	3bab359b248413ff4b82309794d35425270ef3b1017c60cd7de1b91b484ad9f9
race	sentence	paper	global_complete_case_mnar	system	row_pooled	qwen2.5-0.5b-instruct	qwen2.5-14b-instruct	linear_cka	cka	14802	936	592	0.06323469801378193	0.008968141534558037	0.0054605417486253555	0.02122717518591455	500	500	3bab359b248413ff4b82309794d35425270ef3b1017c60cd7de1b91b484ad9f9
race	sentence	paper	global_complete_case_mnar	system	row_pooled	qwen2.5-0.5b-instruct	qwen2.5-14b-instruct	aitchison_magnitude_r	pearson_r	14802	936	592	0.06323469801378193	0.15906222300901188	0.10472443282203957	0.21682497597657713	500	500	3bab359b248413ff4b82309794d35425270ef3b1017c60cd7de1b91b484ad9f9
race	sentence	paper	global_complete_case_mnar	system	row_pooled	qwen2.5-0.5b-instruct	qwen2.5-14b-instruct	fisher_rao_magnitude_r	pearson_r	14802	936	592	0.06323469801378193	0.04424840444442665	-0.020994107478002014	0.11465769179792817	500	500	3bab359b248413ff4b82309794d35425270ef3b1017c60cd7de1b91b484ad9f9
race	sentence	paper	global_complete_case_mnar	system	row_pooled	qwen2.5-0.5b-instruct	qwen2.5-14b-instruct	fisher_local_magnitude_r	pearson_r	14802	936	592	0.06323469801378193	-0.003796555246193488	-0.05629777866591917	0.05668037875556757	500	500	3bab359b248413ff4b82309794d35425270ef3b1017c60cd7de1b91b484ad9f9
race	sentence	paper	global_complete_case_mnar	system	prompt_equal	qwen2.5-0.5b-instruct	qwen2.5-14b-instruct	signed_frobenius_r	pearson_r	14802	936	592	0.06323469801378193	0.08624499418827952	0.03679956633962292	0.12840420892227042	500	500	3bab359b248413ff4b82309794d35425270ef3b1017c60cd7de1b91b484ad9f9
race	sentence	paper	global_complete_case_mnar	system	prompt_equal	qwen2.5-0.5b-instruct	qwen2.5-14b-instruct	direction_cosine	mean_cosine	14802	936	592	0.06323469801378193	0.0910972702076961	0.046266872429459406	0.13036332407546775	500	500	3bab359b248413ff4b82309794d35425270ef3b1017c60cd7de1b91b484ad9f9
race	sentence	paper	global_complete_case_mnar	system	prompt_equal	qwen2.5-0.5b-instruct	qwen2.5-14b-instruct	linear_cka	cka	14802	936	592	0.06323469801378193	0.008843937869551708	0.005347061867458279	0.020678289831295594	500	500	3bab359b248413ff4b82309794d35425270ef3b1017c60cd7de1b91b484ad9f9
race	sentence	paper	global_complete_case_mnar	system	prompt_equal	qwen2.5-0.5b-instruct	qwen2.5-14b-instruct	aitchison_magnitude_r	pearson_r	14802	936	592	0.06323469801378193	0.14986827814571207	0.09258903093792596	0.2128844526463617	500	500	3bab359b248413ff4b82309794d35425270ef3b1017c60cd7de1b91b484ad9f9
race	sentence	paper	global_complete_case_mnar	system	prompt_equal	qwen2.5-0.5b-instruct	qwen2.5-14b-instruct	fisher_rao_magnitude_r	pearson_r	14802	936	592	0.06323469801378193	0.04519145697429241	-0.018820533996961805	0.11158862000483649	500	500	3bab359b248413ff4b82309794d35425270ef3b1017c60cd7de1b91b484ad9f9
race	sentence	paper	global_complete_case_mnar	system	prompt_equal	qwen2.5-0.5b-instruct	qwen2.5-14b-instruct	fisher_local_magnitude_r	pearson_r	14802	936	592	0.06323469801378193	0.004154560633497476	-0.04368221246287379	0.054504406528660725	500	500	3bab359b248413ff4b82309794d35425270ef3b1017c60cd7de1b91b484ad9f9
race	sentence	paper	global_complete_case_mnar	user	row_pooled	qwen2.5-0.5b-instruct	qwen2.5-14b-instruct	signed_frobenius_r	pearson_r	130742	17703	825	0.1354040782610026	0.13199987677176092	0.11036997505610846	0.15276610595751786	500	500	f4dfff463588ac5ae026c9a5714d6982ed65510e3f0ce476ecc721a02f2aa318
race	sentence	paper	global_complete_case_mnar	user	row_pooled	qwen2.5-0.5b-instruct	qwen2.5-14b-instruct	direction_cosine	mean_cosine	130742	17703	825	0.1354040782610026	0.05590702835127933	0.04339665633651931	0.0682285250819108	500	500	f4dfff463588ac5ae026c9a5714d6982ed65510e3f0ce476ecc721a02f2aa318
race	sentence	paper	global_complete_case_mnar	user	row_pooled	qwen2.5-0.5b-instruct	qwen2.5-14b-instruct	linear_cka	cka	130742	17703	825	0.1354040782610026	0.024009087332614892	0.017811420535135982	0.03079781250063784	500	500	f4dfff463588ac5ae026c9a5714d6982ed65510e3f0ce476ecc721a02f2aa318
race	sentence	paper	global_complete_case_mnar	user	row_pooled	qwen2.5-0.5b-instruct	qwen2.5-14b-instruct	aitchison_magnitude_r	pearson_r	130742	17703	825	0.1354040782610026	0.45493599699937154	0.4370115579909269	0.472757997942241	500	500	f4dfff463588ac5ae026c9a5714d6982ed65510e3f0ce476ecc721a02f2aa318
race	sentence	paper	global_complete_case_mnar	user	row_pooled	qwen2.5-0.5b-instruct	qwen2.5-14b-instruct	fisher_rao_magnitude_r	pearson_r	130742	17703	825	0.1354040782610026	0.2898491759582555	0.26805694511463807	0.3094459684873453	500	500	f4dfff463588ac5ae026c9a5714d6982ed65510e3f0ce476ecc721a02f2aa318
race	sentence	paper	global_complete_case_mnar	user	row_pooled	qwen2.5-0.5b-instruct	qwen2.5-14b-instruct	fisher_local_magnitude_r	pearson_r	130742	17703	825	0.1354040782610026	0.07123531108626023	0.047933611885281995	0.09668987988790478	500	500	f4dfff463588ac5ae026c9a5714d6982ed65510e3f0ce476ecc721a02f2aa318
race	sentence	paper	global_complete_case_mnar	user	prompt_equal	qwen2.5-0.5b-instruct	qwen2.5-14b-instruct	signed_frobenius_r	pearson_r	130742	17703	825	0.1354040782610026	0.14053018805746828	0.1128032009280418	0.16514031702661136	500	500	f4dfff463588ac5ae026c9a5714d6982ed65510e3f0ce476ecc721a02f2aa318
race	sentence	paper	global_complete_case_mnar	user	prompt_equal	qwen2.5-0.5b-instruct	qwen2.5-14b-instruct	direction_cosine	mean_cosine	130742	17703	825	0.1354040782610026	0.06486855772559381	0.052311307693925425	0.07745212136615212	500	500	f4dfff463588ac5ae026c9a5714d6982ed65510e3f0ce476ecc721a02f2aa318
race	sentence	paper	global_complete_case_mnar	user	prompt_equal	qwen2.5-0.5b-instruct	qwen2.5-14b-instruct	linear_cka	cka	130742	17703	825	0.1354040782610026	0.028793806864328468	0.02004267115153874	0.04001732412772296	500	500	f4dfff463588ac5ae026c9a5714d6982ed65510e3f0ce476ecc721a02f2aa318
race	sentence	paper	global_complete_case_mnar	user	prompt_equal	qwen2.5-0.5b-instruct	qwen2.5-14b-instruct	aitchison_magnitude_r	pearson_r	130742	17703	825	0.1354040782610026	0.44025337046281143	0.42083687495162847	0.4630797724146101	500	500	f4dfff463588ac5ae026c9a5714d6982ed65510e3f0ce476ecc721a02f2aa318
race	sentence	paper	global_complete_case_mnar	user	prompt_equal	qwen2.5-0.5b-instruct	qwen2.5-14b-instruct	fisher_rao_magnitude_r	pearson_r	130742	17703	825	0.1354040782610026	0.2772225312546785	0.2545466563907811	0.3007217911942621	500	500	f4dfff463588ac5ae026c9a5714d6982ed65510e3f0ce476ecc721a02f2aa318
race	sentence	paper	global_complete_case_mnar	user	prompt_equal	qwen2.5-0.5b-instruct	qwen2.5-14b-instruct	fisher_local_magnitude_r	pearson_r	130742	17703	825	0.1354040782610026	0.05651398621809894	0.03439893339463304	0.08063067602682525	500	500	f4dfff463588ac5ae026c9a5714d6982ed65510e3f0ce476ecc721a02f2aa318
race	sentence	paper	global_complete_case_mnar	prediction	row_pooled	qwen2.5-0.5b-instruct	llama3.1-70b-instruct	signed_frobenius_r	pearson_r	4934	825	825	0.16720713417105795	0.35972540098043015	0.31850934232901923	0.40211116070939973	500	500	bb39c2d2fc4a8ec99452fbbab44f2b1aedd932bc8338ac64de82b714d19ca319
race	sentence	paper	global_complete_case_mnar	prediction	row_pooled	qwen2.5-0.5b-instruct	llama3.1-70b-instruct	direction_cosine	mean_cosine	4934	825	825	0.16720713417105795	0.17327192232959568	0.13538081903592436	0.212235131640804	500	500	bb39c2d2fc4a8ec99452fbbab44f2b1aedd932bc8338ac64de82b714d19ca319
race	sentence	paper	global_complete_case_mnar	prediction	row_pooled	qwen2.5-0.5b-instruct	llama3.1-70b-instruct	linear_cka	cka	4934	825	825	0.16720713417105795	0.13638932144636584	0.10580316828433402	0.17524455156569133	500	500	bb39c2d2fc4a8ec99452fbbab44f2b1aedd932bc8338ac64de82b714d19ca319
race	sentence	paper	global_complete_case_mnar	all	row_pooled	qwen2.5-0.5b-instruct	llama3.1-70b-instruct	signed_frobenius_r	pearson_r	145544	18639	825	0.1280643654152696	0.20254191158952964	0.1779006437192734	0.22762010655601472	500	500	51385ad7fc65412a0b97abc35d2d48f0037ab21f612a40fbcc1920f35d7c578e
race	sentence	paper	global_complete_case_mnar	all	row_pooled	qwen2.5-0.5b-instruct	llama3.1-70b-instruct	direction_cosine	mean_cosine	145544	18639	825	0.1280643654152696	0.06999634132318355	0.055597834959816315	0.08335813602107871	500	500	51385ad7fc65412a0b97abc35d2d48f0037ab21f612a40fbcc1920f35d7c578e
race	sentence	paper	global_complete_case_mnar	all	row_pooled	qwen2.5-0.5b-instruct	llama3.1-70b-instruct	linear_cka	cka	145544	18639	825	0.1280643654152696	0.049314491143827834	0.03832200701910352	0.062748659386799	500	500	51385ad7fc65412a0b97abc35d2d48f0037ab21f612a40fbcc1920f35d7c578e
race	sentence	paper	global_complete_case_mnar	all	row_pooled	qwen2.5-0.5b-instruct	llama3.1-70b-instruct	aitchison_magnitude_r	pearson_r	145544	18639	825	0.1280643654152696	0.48175913125162295	0.4626918299125885	0.5020540512222407	500	500	51385ad7fc65412a0b97abc35d2d48f0037ab21f612a40fbcc1920f35d7c578e
race	sentence	paper	global_complete_case_mnar	all	row_pooled	qwen2.5-0.5b-instruct	llama3.1-70b-instruct	fisher_rao_magnitude_r	pearson_r	145544	18639	825	0.1280643654152696	0.3913903479694338	0.3703926996920202	0.412450991374916	500	500	51385ad7fc65412a0b97abc35d2d48f0037ab21f612a40fbcc1920f35d7c578e
race	sentence	paper	global_complete_case_mnar	all	row_pooled	qwen2.5-0.5b-instruct	llama3.1-70b-instruct	fisher_local_magnitude_r	pearson_r	145544	18639	825	0.1280643654152696	0.24130572138084877	0.21961103733340748	0.2617971245155885	500	500	51385ad7fc65412a0b97abc35d2d48f0037ab21f612a40fbcc1920f35d7c578e
race	sentence	paper	global_complete_case_mnar	all	prompt_equal	qwen2.5-0.5b-instruct	llama3.1-70b-instruct	signed_frobenius_r	pearson_r	145544	18639	825	0.1280643654152696	0.21396936018986068	0.18385344039561405	0.24389547968781733	500	500	51385ad7fc65412a0b97abc35d2d48f0037ab21f612a40fbcc1920f35d7c578e
race	sentence	paper	global_complete_case_mnar	all	prompt_equal	qwen2.5-0.5b-instruct	llama3.1-70b-instruct	direction_cosine	mean_cosine	145544	18639	825	0.1280643654152696	0.07968989936946848	0.06484925295686073	0.09387595293763312	500	500	51385ad7fc65412a0b97abc35d2d48f0037ab21f612a40fbcc1920f35d7c578e
race	sentence	paper	global_complete_case_mnar	all	prompt_equal	qwen2.5-0.5b-instruct	llama3.1-70b-instruct	linear_cka	cka	145544	18639	825	0.1280643654152696	0.05621559464807994	0.04138935100164761	0.07506133295259812	500	500	51385ad7fc65412a0b97abc35d2d48f0037ab21f612a40fbcc1920f35d7c578e
race	sentence	paper	global_complete_case_mnar	all	prompt_equal	qwen2.5-0.5b-instruct	llama3.1-70b-instruct	aitchison_magnitude_r	pearson_r	145544	18639	825	0.1280643654152696	0.4713204629132424	0.4484769781230625	0.49490094987410865	500	500	51385ad7fc65412a0b97abc35d2d48f0037ab21f612a40fbcc1920f35d7c578e
race	sentence	paper	global_complete_case_mnar	all	prompt_equal	qwen2.5-0.5b-instruct	llama3.1-70b-instruct	fisher_rao_magnitude_r	pearson_r	145544	18639	825	0.1280643654152696	0.38466303420531106	0.35943640481738515	0.41071796785380743	500	500	51385ad7fc65412a0b97abc35d2d48f0037ab21f612a40fbcc1920f35d7c578e
race	sentence	paper	global_complete_case_mnar	all	prompt_equal	qwen2.5-0.5b-instruct	llama3.1-70b-instruct	fisher_local_magnitude_r	pearson_r	145544	18639	825	0.1280643654152696	0.2149536912107581	0.19288738709610956	0.23856154779233293	500	500	51385ad7fc65412a0b97abc35d2d48f0037ab21f612a40fbcc1920f35d7c578e
race	sentence	paper	global_complete_case_mnar	system	row_pooled	qwen2.5-0.5b-instruct	llama3.1-70b-instruct	signed_frobenius_r	pearson_r	14802	936	592	0.06323469801378193	-0.006596578002116548	-0.05013403257430417	0.03500148352523854	500	500	3bab359b248413ff4b82309794d35425270ef3b1017c60cd7de1b91b484ad9f9
race	sentence	paper	global_complete_case_mnar	system	row_pooled	qwen2.5-0.5b-instruct	llama3.1-70b-instruct	direction_cosine	mean_cosine	14802	936	592	0.06323469801378193	-0.01489413372635017	-0.05598141387869242	0.0220357730300051	500	500	3bab359b248413ff4b82309794d35425270ef3b1017c60cd7de1b91b484ad9f9
race	sentence	paper	global_complete_case_mnar	system	row_pooled	qwen2.5-0.5b-instruct	llama3.1-70b-instruct	linear_cka	cka	14802	936	592	0.06323469801378193	0.00864664485965217	0.005846166990694956	0.020358184281303003	500	500	3bab359b248413ff4b82309794d35425270ef3b1017c60cd7de1b91b484ad9f9
race	sentence	paper	global_complete_case_mnar	system	row_pooled	qwen2.5-0.5b-instruct	llama3.1-70b-instruct	aitchison_magnitude_r	pearson_r	14802	936	592	0.06323469801378193	0.2706518898155334	0.21425296738478497	0.3288328739196538	500	500	3bab359b248413ff4b82309794d35425270ef3b1017c60cd7de1b91b484ad9f9
race	sentence	paper	global_complete_case_mnar	system	row_pooled	qwen2.5-0.5b-instruct	llama3.1-70b-instruct	fisher_rao_magnitude_r	pearson_r	14802	936	592	0.06323469801378193	0.15851690342127284	0.09456932494848647	0.22201296805540263	500	500	3bab359b248413ff4b82309794d35425270ef3b1017c60cd7de1b91b484ad9f9
race	sentence	paper	global_complete_case_mnar	system	row_pooled	qwen2.5-0.5b-instruct	llama3.1-70b-instruct	fisher_local_magnitude_r	pearson_r	14802	936	592	0.06323469801378193	0.14351387268022417	0.08049855286732936	0.20732939113374893	500	500	3bab359b248413ff4b82309794d35425270ef3b1017c60cd7de1b91b484ad9f9
race	sentence	paper	global_complete_case_mnar	system	prompt_equal	qwen2.5-0.5b-instruct	llama3.1-70b-instruct	signed_frobenius_r	pearson_r	14802	936	592	0.06323469801378193	0.010426225519093158	-0.03292873427148905	0.05554678289477139	500	500	3bab359b248413ff4b82309794d35425270ef3b1017c60cd7de1b91b484ad9f9
race	sentence	paper	global_complete_case_mnar	system	prompt_equal	qwen2.5-0.5b-instruct	llama3.1-70b-instruct	direction_cosine	mean_cosine	14802	936	592	0.06323469801378193	0.007164164607108293	-0.03373205804037059	0.045155164488804314	500	500	3bab359b248413ff4b82309794d35425270ef3b1017c60cd7de1b91b484ad9f9
race	sentence	paper	global_complete_case_mnar	system	prompt_equal	qwen2.5-0.5b-instruct	llama3.1-70b-instruct	linear_cka	cka	14802	936	592	0.06323469801378193	0.010577849586591644	0.006452222411370638	0.024286140298700885	500	500	3bab359b248413ff4b82309794d35425270ef3b1017c60cd7de1b91b484ad9f9
race	sentence	paper	global_complete_case_mnar	system	prompt_equal	qwen2.5-0.5b-instruct	llama3.1-70b-instruct	aitchison_magnitude_r	pearson_r	14802	936	592	0.06323469801378193	0.26468690415066415	0.2021913554532374	0.32652366601192273	500	500	3bab359b248413ff4b82309794d35425270ef3b1017c60cd7de1b91b484ad9f9
race	sentence	paper	global_complete_case_mnar	system	prompt_equal	qwen2.5-0.5b-instruct	llama3.1-70b-instruct	fisher_rao_magnitude_r	pearson_r	14802	936	592	0.06323469801378193	0.146183518249447	0.08271441133411216	0.20525119445681766	500	500	3bab359b248413ff4b82309794d35425270ef3b1017c60cd7de1b91b484ad9f9
race	sentence	paper	global_complete_case_mnar	system	prompt_equal	qwen2.5-0.5b-instruct	llama3.1-70b-instruct	fisher_local_magnitude_r	pearson_r	14802	936	592	0.06323469801378193	0.12945866285746932	0.06079528419124916	0.18780292525859338	500	500	3bab359b248413ff4b82309794d35425270ef3b1017c60cd7de1b91b484ad9f9
race	sentence	paper	global_complete_case_mnar	user	row_pooled	qwen2.5-0.5b-instruct	llama3.1-70b-instruct	signed_frobenius_r	pearson_r	130742	17703	825	0.1354040782610026	0.20503408526895564	0.18165462484512185	0.22785774066579118	500	500	f4dfff463588ac5ae026c9a5714d6982ed65510e3f0ce476ecc721a02f2aa318
race	sentence	paper	global_complete_case_mnar	user	row_pooled	qwen2.5-0.5b-instruct	llama3.1-70b-instruct	direction_cosine	mean_cosine	130742	17703	825	0.1354040782610026	0.07448622574689173	0.061027049105450704	0.08943457204057084	500	500	f4dfff463588ac5ae026c9a5714d6982ed65510e3f0ce476ecc721a02f2aa318
race	sentence	paper	global_complete_case_mnar	user	row_pooled	qwen2.5-0.5b-instruct	llama3.1-70b-instruct	linear_cka	cka	130742	17703	825	0.1354040782610026	0.05036250333104994	0.03948884929966263	0.06361554707631643	500	500	f4dfff463588ac5ae026c9a5714d6982ed65510e3f0ce476ecc721a02f2aa318
race	sentence	paper	global_complete_case_mnar	user	row_pooled	qwen2.5-0.5b-instruct	llama3.1-70b-instruct	aitchison_magnitude_r	pearson_r	130742	17703	825	0.1354040782610026	0.48275691231688117	0.4639703848333164	0.5018660384602841	500	500	f4dfff463588ac5ae026c9a5714d6982ed65510e3f0ce476ecc721a02f2aa318
race	sentence	paper	global_complete_case_mnar	user	row_pooled	qwen2.5-0.5b-instruct	llama3.1-70b-instruct	fisher_rao_magnitude_r	pearson_r	130742	17703	825	0.1354040782610026	0.3936977454450113	0.37437742582385625	0.41651815378870755	500	500	f4dfff463588ac5ae026c9a5714d6982ed65510e3f0ce476ecc721a02f2aa318
race	sentence	paper	global_complete_case_mnar	user	row_pooled	qwen2.5-0.5b-instruct	llama3.1-70b-instruct	fisher_local_magnitude_r	pearson_r	130742	17703	825	0.1354040782610026	0.24193399173212732	0.2192964011941966	0.2624325037705501	500	500	f4dfff463588ac5ae026c9a5714d6982ed65510e3f0ce476ecc721a02f2aa318
race	sentence	paper	global_complete_case_mnar	user	prompt_equal	qwen2.5-0.5b-instruct	llama3.1-70b-instruct	signed_frobenius_r	pearson_r	130742	17703	825	0.1354040782610026	0.21429711349277214	0.186693525296962	0.24061919829715414	500	500	f4dfff463588ac5ae026c9a5714d6982ed65510e3f0ce476ecc721a02f2aa318
race	sentence	paper	global_complete_case_mnar	user	prompt_equal	qwen2.5-0.5b-instruct	llama3.1-70b-instruct	direction_cosine	mean_cosine	130742	17703	825	0.1354040782610026	0.08371645101458652	0.07051843441032353	0.09821558341202624	500	500	f4dfff463588ac5ae026c9a5714d6982ed65510e3f0ce476ecc721a02f2aa318
race	sentence	paper	global_complete_case_mnar	user	prompt_equal	qwen2.5-0.5b-instruct	llama3.1-70b-instruct	linear_cka	cka	130742	17703	825	0.1354040782610026	0.05627691433812848	0.042211901853651146	0.07416065297375744	500	500	f4dfff463588ac5ae026c9a5714d6982ed65510e3f0ce476ecc721a02f2aa318
race	sentence	paper	global_complete_case_mnar	user	prompt_equal	qwen2.5-0.5b-instruct	llama3.1-70b-instruct	aitchison_magnitude_r	pearson_r	130742	17703	825	0.1354040782610026	0.46982601412639396	0.44489246554538625	0.4928709437807119	500	500	f4dfff463588ac5ae026c9a5714d6982ed65510e3f0ce476ecc721a02f2aa318
race	sentence	paper	global_complete_case_mnar	user	prompt_equal	qwen2.5-0.5b-instruct	llama3.1-70b-instruct	fisher_rao_magnitude_r	pearson_r	130742	17703	825	0.1354040782610026	0.38449955264405017	0.35766247118781513	0.41119518644281705	500	500	f4dfff463588ac5ae026c9a5714d6982ed65510e3f0ce476ecc721a02f2aa318
race	sentence	paper	global_complete_case_mnar	user	prompt_equal	qwen2.5-0.5b-instruct	llama3.1-70b-instruct	fisher_local_magnitude_r	pearson_r	130742	17703	825	0.1354040782610026	0.21499849579297248	0.18922266972903595	0.2373944199051869	500	500	f4dfff463588ac5ae026c9a5714d6982ed65510e3f0ce476ecc721a02f2aa318
race	sentence	paper	global_complete_case_mnar	prediction	row_pooled	qwen2.5-0.5b-instruct	llama3.3-70b-instruct	signed_frobenius_r	pearson_r	4934	825	825	0.16720713417105795	0.3305789519974239	0.2894669169105896	0.3711825156723094	500	500	bb39c2d2fc4a8ec99452fbbab44f2b1aedd932bc8338ac64de82b714d19ca319
race	sentence	paper	global_complete_case_mnar	prediction	row_pooled	qwen2.5-0.5b-instruct	llama3.3-70b-instruct	direction_cosine	mean_cosine	4934	825	825	0.16720713417105795	0.22687197036371318	0.18734122864325328	0.2706068965614105	500	500	bb39c2d2fc4a8ec99452fbbab44f2b1aedd932bc8338ac64de82b714d19ca319
race	sentence	paper	global_complete_case_mnar	prediction	row_pooled	qwen2.5-0.5b-instruct	llama3.3-70b-instruct	linear_cka	cka	4934	825	825	0.16720713417105795	0.11359946385849658	0.08986481163170064	0.14813090874787066	500	500	bb39c2d2fc4a8ec99452fbbab44f2b1aedd932bc8338ac64de82b714d19ca319
race	sentence	paper	global_complete_case_mnar	all	row_pooled	qwen2.5-0.5b-instruct	llama3.3-70b-instruct	signed_frobenius_r	pearson_r	145544	18639	825	0.1280643654152696	0.2281004091130001	0.20550346500430114	0.25003805880127106	500	500	51385ad7fc65412a0b97abc35d2d48f0037ab21f612a40fbcc1920f35d7c578e
race	sentence	paper	global_complete_case_mnar	all	row_pooled	qwen2.5-0.5b-instruct	llama3.3-70b-instruct	direction_cosine	mean_cosine	145544	18639	825	0.1280643654152696	0.07949283287358816	0.06600249936850239	0.09190477243471874	500	500	51385ad7fc65412a0b97abc35d2d48f0037ab21f612a40fbcc1920f35d7c578e
race	sentence	paper	global_complete_case_mnar	all	row_pooled	qwen2.5-0.5b-instruct	llama3.3-70b-instruct	linear_cka	cka	145544	18639	825	0.1280643654152696	0.05785690565310877	0.04694291042135008	0.07099523715441723	500	500	51385ad7fc65412a0b97abc35d2d48f0037ab21f612a40fbcc1920f35d7c578e
race	sentence	paper	global_complete_case_mnar	all	row_pooled	qwen2.5-0.5b-instruct	llama3.3-70b-instruct	aitchison_magnitude_r	pearson_r	145544	18639	825	0.1280643654152696	0.4605515904977725	0.4427787884723163	0.47997025398924165	500	500	51385ad7fc65412a0b97abc35d2d48f0037ab21f612a40fbcc1920f35d7c578e
race	sentence	paper	global_complete_case_mnar	all	row_pooled	qwen2.5-0.5b-instruct	llama3.3-70b-instruct	fisher_rao_magnitude_r	pearson_r	145544	18639	825	0.1280643654152696	0.31715044715514623	0.29686021028998216	0.34016406751594214	500	500	51385ad7fc65412a0b97abc35d2d48f0037ab21f612a40fbcc1920f35d7c578e
race	sentence	paper	global_complete_case_mnar	all	row_pooled	qwen2.5-0.5b-instruct	llama3.3-70b-instruct	fisher_local_magnitude_r	pearson_r	145544	18639	825	0.1280643654152696	0.10812118886840275	0.08573851133255489	0.13104517080647418	500	500	51385ad7fc65412a0b97abc35d2d48f0037ab21f612a40fbcc1920f35d7c578e
race	sentence	paper	global_complete_case_mnar	all	prompt_equal	qwen2.5-0.5b-instruct	llama3.3-70b-instruct	signed_frobenius_r	pearson_r	145544	18639	825	0.1280643654152696	0.2399082063343582	0.21088646450701484	0.2667052863436367	500	500	51385ad7fc65412a0b97abc35d2d48f0037ab21f612a40fbcc1920f35d7c578e
race	sentence	paper	global_complete_case_mnar	all	prompt_equal	qwen2.5-0.5b-instruct	llama3.3-70b-instruct	direction_cosine	mean_cosine	145544	18639	825	0.1280643654152696	0.08748479978443251	0.07367161611521222	0.10064358207195696	500	500	51385ad7fc65412a0b97abc35d2d48f0037ab21f612a40fbcc1920f35d7c578e
race	sentence	paper	global_complete_case_mnar	all	prompt_equal	qwen2.5-0.5b-instruct	llama3.3-70b-instruct	linear_cka	cka	145544	18639	825	0.1280643654152696	0.06419126567107192	0.05009481814900399	0.08071267349142729	500	500	51385ad7fc65412a0b97abc35d2d48f0037ab21f612a40fbcc1920f35d7c578e
race	sentence	paper	global_complete_case_mnar	all	prompt_equal	qwen2.5-0.5b-instruct	llama3.3-70b-instruct	aitchison_magnitude_r	pearson_r	145544	18639	825	0.1280643654152696	0.451814272823997	0.42996334902013894	0.4737821396214688	500	500	51385ad7fc65412a0b97abc35d2d48f0037ab21f612a40fbcc1920f35d7c578e
race	sentence	paper	global_complete_case_mnar	all	prompt_equal	qwen2.5-0.5b-instruct	llama3.3-70b-instruct	fisher_rao_magnitude_r	pearson_r	145544	18639	825	0.1280643654152696	0.3199943085272986	0.2950907352153292	0.3476938114088046	500	500	51385ad7fc65412a0b97abc35d2d48f0037ab21f612a40fbcc1920f35d7c578e
race	sentence	paper	global_complete_case_mnar	all	prompt_equal	qwen2.5-0.5b-instruct	llama3.3-70b-instruct	fisher_local_magnitude_r	pearson_r	145544	18639	825	0.1280643654152696	0.09465796571052913	0.06863574726149294	0.11984847105612102	500	500	51385ad7fc65412a0b97abc35d2d48f0037ab21f612a40fbcc1920f35d7c578e
race	sentence	paper	global_complete_case_mnar	system	row_pooled	qwen2.5-0.5b-instruct	llama3.3-70b-instruct	signed_frobenius_r	pearson_r	14802	936	592	0.06323469801378193	0.023503129382037066	-0.018023144866767326	0.06963883202445054	500	500	3bab359b248413ff4b82309794d35425270ef3b1017c60cd7de1b91b484ad9f9
race	sentence	paper	global_complete_case_mnar	system	row_pooled	qwen2.5-0.5b-instruct	llama3.3-70b-instruct	direction_cosine	mean_cosine	14802	936	592	0.06323469801378193	-0.04687514917783721	-0.08611782495868311	-0.012229844648771346	500	500	3bab359b248413ff4b82309794d35425270ef3b1017c60cd7de1b91b484ad9f9
race	sentence	paper	global_complete_case_mnar	system	row_pooled	qwen2.5-0.5b-instruct	llama3.3-70b-instruct	linear_cka	cka	14802	936	592	0.06323469801378193	0.010225111619468657	0.005790054083341924	0.0259258353631866	500	500	3bab359b248413ff4b82309794d35425270ef3b1017c60cd7de1b91b484ad9f9
race	sentence	paper	global_complete_case_mnar	system	row_pooled	qwen2.5-0.5b-instruct	llama3.3-70b-instruct	aitchison_magnitude_r	pearson_r	14802	936	592	0.06323469801378193	0.2285717601563375	0.16803152989138329	0.2940369452050376	500	500	3bab359b248413ff4b82309794d35425270ef3b1017c60cd7de1b91b484ad9f9
race	sentence	paper	global_complete_case_mnar	system	row_pooled	qwen2.5-0.5b-instruct	llama3.3-70b-instruct	fisher_rao_magnitude_r	pearson_r	14802	936	592	0.06323469801378193	0.09792351124643446	0.02434101304450797	0.17430803434219674	500	500	3bab359b248413ff4b82309794d35425270ef3b1017c60cd7de1b91b484ad9f9
race	sentence	paper	global_complete_case_mnar	system	row_pooled	qwen2.5-0.5b-instruct	llama3.3-70b-instruct	fisher_local_magnitude_r	pearson_r	14802	936	592	0.06323469801378193	0.08665252028065648	0.012738114302016164	0.15785631699008437	500	500	3bab359b248413ff4b82309794d35425270ef3b1017c60cd7de1b91b484ad9f9
race	sentence	paper	global_complete_case_mnar	system	prompt_equal	qwen2.5-0.5b-instruct	llama3.3-70b-instruct	signed_frobenius_r	pearson_r	14802	936	592	0.06323469801378193	0.021839095837146515	-0.02053239786471342	0.07020911178652178	500	500	3bab359b248413ff4b82309794d35425270ef3b1017c60cd7de1b91b484ad9f9
race	sentence	paper	global_complete_case_mnar	system	prompt_equal	qwen2.5-0.5b-instruct	llama3.3-70b-instruct	direction_cosine	mean_cosine	14802	936	592	0.06323469801378193	-0.046477469823211146	-0.08625224130166537	-0.00922003716541116	500	500	3bab359b248413ff4b82309794d35425270ef3b1017c60cd7de1b91b484ad9f9
race	sentence	paper	global_complete_case_mnar	system	prompt_equal	qwen2.5-0.5b-instruct	llama3.3-70b-instruct	linear_cka	cka	14802	936	592	0.06323469801378193	0.010209924296278688	0.006141908033123866	0.02470470605437306	500	500	3bab359b248413ff4b82309794d35425270ef3b1017c60cd7de1b91b484ad9f9
race	sentence	paper	global_complete_case_mnar	system	prompt_equal	qwen2.5-0.5b-instruct	llama3.3-70b-instruct	aitchison_magnitude_r	pearson_r	14802	936	592	0.06323469801378193	0.20980928341072133	0.14824803470995573	0.26988612463991407	500	500	3bab359b248413ff4b82309794d35425270ef3b1017c60cd7de1b91b484ad9f9
race	sentence	paper	global_complete_case_mnar	system	prompt_equal	qwen2.5-0.5b-instruct	llama3.3-70b-instruct	fisher_rao_magnitude_r	pearson_r	14802	936	592	0.06323469801378193	0.08695503912016458	0.016297287150760002	0.1574247877528809	500	500	3bab359b248413ff4b82309794d35425270ef3b1017c60cd7de1b91b484ad9f9
race	sentence	paper	global_complete_case_mnar	system	prompt_equal	qwen2.5-0.5b-instruct	llama3.3-70b-instruct	fisher_local_magnitude_r	pearson_r	14802	936	592	0.06323469801378193	0.06759884699124498	-0.001976034450078011	0.13581439719164165	500	500	3bab359b248413ff4b82309794d35425270ef3b1017c60cd7de1b91b484ad9f9
race	sentence	paper	global_complete_case_mnar	user	row_pooled	qwen2.5-0.5b-instruct	llama3.3-70b-instruct	signed_frobenius_r	pearson_r	130742	17703	825	0.1354040782610026	0.23050873347712653	0.20713215357664186	0.2551679143280544	500	500	f4dfff463588ac5ae026c9a5714d6982ed65510e3f0ce476ecc721a02f2aa318
race	sentence	paper	global_complete_case_mnar	user	row_pooled	qwen2.5-0.5b-instruct	llama3.3-70b-instruct	direction_cosine	mean_cosine	130742	17703	825	0.1354040782610026	0.08618138926355276	0.06966223388370009	0.09942647882815309	500	500	f4dfff463588ac5ae026c9a5714d6982ed65510e3f0ce476ecc721a02f2aa318
race	sentence	paper	global_complete_case_mnar	user	row_pooled	qwen2.5-0.5b-instruct	llama3.3-70b-instruct	linear_cka	cka	130742	17703	825	0.1354040782610026	0.058847748719856506	0.04727287815227938	0.07365818726545918	500	500	f4dfff463588ac5ae026c9a5714d6982ed65510e3f0ce476ecc721a02f2aa318
race	sentence	paper	global_complete_case_mnar	user	row_pooled	qwen2.5-0.5b-instruct	llama3.3-70b-instruct	aitchison_magnitude_r	pearson_r	130742	17703	825	0.1354040782610026	0.4615548809419852	0.44165982918425056	0.48208585007204663	500	500	f4dfff463588ac5ae026c9a5714d6982ed65510e3f0ce476ecc721a02f2aa318
race	sentence	paper	global_complete_case_mnar	user	row_pooled	qwen2.5-0.5b-instruct	llama3.3-70b-instruct	fisher_rao_magnitude_r	pearson_r	130742	17703	825	0.1354040782610026	0.31913417914114894	0.2967368047561826	0.341896691264751	500	500	f4dfff463588ac5ae026c9a5714d6982ed65510e3f0ce476ecc721a02f2aa318
race	sentence	paper	global_complete_case_mnar	user	row_pooled	qwen2.5-0.5b-instruct	llama3.3-70b-instruct	fisher_local_magnitude_r	pearson_r	130742	17703	825	0.1354040782610026	0.10787912266527658	0.08344234008009326	0.1328385239893034	500	500	f4dfff463588ac5ae026c9a5714d6982ed65510e3f0ce476ecc721a02f2aa318
race	sentence	paper	global_complete_case_mnar	user	prompt_equal	qwen2.5-0.5b-instruct	llama3.3-70b-instruct	signed_frobenius_r	pearson_r	130742	17703	825	0.1354040782610026	0.2402125718191369	0.2136197561973667	0.26817239277030747	500	500	f4dfff463588ac5ae026c9a5714d6982ed65510e3f0ce476ecc721a02f2aa318
race	sentence	paper	global_complete_case_mnar	user	prompt_equal	qwen2.5-0.5b-instruct	llama3.3-70b-instruct	direction_cosine	mean_cosine	130742	17703	825	0.1354040782610026	0.09390036262375087	0.0791983125780792	0.10673064894962121	500	500	f4dfff463588ac5ae026c9a5714d6982ed65510e3f0ce476ecc721a02f2aa318
race	sentence	paper	global_complete_case_mnar	user	prompt_equal	qwen2.5-0.5b-instruct	llama3.3-70b-instruct	linear_cka	cka	130742	17703	825	0.1354040782610026	0.06402005994942861	0.05010313126948462	0.08222438031632598	500	500	f4dfff463588ac5ae026c9a5714d6982ed65510e3f0ce476ecc721a02f2aa318
race	sentence	paper	global_complete_case_mnar	user	prompt_equal	qwen2.5-0.5b-instruct	llama3.3-70b-instruct	aitchison_magnitude_r	pearson_r	130742	17703	825	0.1354040782610026	0.45021973406625204	0.4259527385154431	0.47452961815347366	500	500	f4dfff463588ac5ae026c9a5714d6982ed65510e3f0ce476ecc721a02f2aa318
race	sentence	paper	global_complete_case_mnar	user	prompt_equal	qwen2.5-0.5b-instruct	llama3.3-70b-instruct	fisher_rao_magnitude_r	pearson_r	130742	17703	825	0.1354040782610026	0.318805181518718	0.29155073990442343	0.3458878686806818	500	500	f4dfff463588ac5ae026c9a5714d6982ed65510e3f0ce476ecc721a02f2aa318
race	sentence	paper	global_complete_case_mnar	user	prompt_equal	qwen2.5-0.5b-instruct	llama3.3-70b-instruct	fisher_local_magnitude_r	pearson_r	130742	17703	825	0.1354040782610026	0.09342058090194087	0.0664402798730562	0.11955031953378162	500	500	f4dfff463588ac5ae026c9a5714d6982ed65510e3f0ce476ecc721a02f2aa318
race	sentence	paper	global_complete_case_mnar	prediction	row_pooled	qwen2.5-0.5b-instruct	llama4-maverick-17b-128e-instruct	signed_frobenius_r	pearson_r	4934	825	825	0.16720713417105795	0.3180972401545389	0.27773264310629914	0.36002422375644405	500	500	bb39c2d2fc4a8ec99452fbbab44f2b1aedd932bc8338ac64de82b714d19ca319
race	sentence	paper	global_complete_case_mnar	prediction	row_pooled	qwen2.5-0.5b-instruct	llama4-maverick-17b-128e-instruct	direction_cosine	mean_cosine	4934	825	825	0.16720713417105795	0.25960070844900635	0.22376363366911506	0.30269177420382604	500	500	bb39c2d2fc4a8ec99452fbbab44f2b1aedd932bc8338ac64de82b714d19ca319
race	sentence	paper	global_complete_case_mnar	prediction	row_pooled	qwen2.5-0.5b-instruct	llama4-maverick-17b-128e-instruct	linear_cka	cka	4934	825	825	0.16720713417105795	0.106464801926102	0.0819028136145378	0.1410760089631283	500	500	bb39c2d2fc4a8ec99452fbbab44f2b1aedd932bc8338ac64de82b714d19ca319
race	sentence	paper	global_complete_case_mnar	all	row_pooled	qwen2.5-0.5b-instruct	llama4-maverick-17b-128e-instruct	signed_frobenius_r	pearson_r	145544	18639	825	0.1280643654152696	0.1577113743991077	0.1363558526887178	0.17880660079925276	500	500	51385ad7fc65412a0b97abc35d2d48f0037ab21f612a40fbcc1920f35d7c578e
race	sentence	paper	global_complete_case_mnar	all	row_pooled	qwen2.5-0.5b-instruct	llama4-maverick-17b-128e-instruct	direction_cosine	mean_cosine	145544	18639	825	0.1280643654152696	0.052932513450879556	0.040084556918945385	0.06595023190773577	500	500	51385ad7fc65412a0b97abc35d2d48f0037ab21f612a40fbcc1920f35d7c578e
race	sentence	paper	global_complete_case_mnar	all	row_pooled	qwen2.5-0.5b-instruct	llama4-maverick-17b-128e-instruct	linear_cka	cka	145544	18639	825	0.1280643654152696	0.03678198937524051	0.028082896990880762	0.04805178795643957	500	500	51385ad7fc65412a0b97abc35d2d48f0037ab21f612a40fbcc1920f35d7c578e
race	sentence	paper	global_complete_case_mnar	all	row_pooled	qwen2.5-0.5b-instruct	llama4-maverick-17b-128e-instruct	aitchison_magnitude_r	pearson_r	145544	18639	825	0.1280643654152696	0.4246264761491824	0.4033977187916047	0.443736938481021	500	500	51385ad7fc65412a0b97abc35d2d48f0037ab21f612a40fbcc1920f35d7c578e
race	sentence	paper	global_complete_case_mnar	all	row_pooled	qwen2.5-0.5b-instruct	llama4-maverick-17b-128e-instruct	fisher_rao_magnitude_r	pearson_r	145544	18639	825	0.1280643654152696	0.2718123280629689	0.2501238600598971	0.2906550935123096	500	500	51385ad7fc65412a0b97abc35d2d48f0037ab21f612a40fbcc1920f35d7c578e
race	sentence	paper	global_complete_case_mnar	all	row_pooled	qwen2.5-0.5b-instruct	llama4-maverick-17b-128e-instruct	fisher_local_magnitude_r	pearson_r	145544	18639	825	0.1280643654152696	0.05992134239998873	0.03263239532108109	0.08582797374360814	500	500	51385ad7fc65412a0b97abc35d2d48f0037ab21f612a40fbcc1920f35d7c578e
race	sentence	paper	global_complete_case_mnar	all	prompt_equal	qwen2.5-0.5b-instruct	llama4-maverick-17b-128e-instruct	signed_frobenius_r	pearson_r	145544	18639	825	0.1280643654152696	0.1725237143644798	0.1476468395285811	0.19993550097624208	500	500	51385ad7fc65412a0b97abc35d2d48f0037ab21f612a40fbcc1920f35d7c578e
race	sentence	paper	global_complete_case_mnar	all	prompt_equal	qwen2.5-0.5b-instruct	llama4-maverick-17b-128e-instruct	direction_cosine	mean_cosine	145544	18639	825	0.1280643654152696	0.0556205945620486	0.04298773136232673	0.06831144086308104	500	500	51385ad7fc65412a0b97abc35d2d48f0037ab21f612a40fbcc1920f35d7c578e
race	sentence	paper	global_complete_case_mnar	all	prompt_equal	qwen2.5-0.5b-instruct	llama4-maverick-17b-128e-instruct	linear_cka	cka	145544	18639	825	0.1280643654152696	0.04399351326855695	0.03191978689733392	0.059458566303329026	500	500	51385ad7fc65412a0b97abc35d2d48f0037ab21f612a40fbcc1920f35d7c578e
race	sentence	paper	global_complete_case_mnar	all	prompt_equal	qwen2.5-0.5b-instruct	llama4-maverick-17b-128e-instruct	aitchison_magnitude_r	pearson_r	145544	18639	825	0.1280643654152696	0.4183708253420729	0.3938600831757899	0.44223579244593986	500	500	51385ad7fc65412a0b97abc35d2d48f0037ab21f612a40fbcc1920f35d7c578e
race	sentence	paper	global_complete_case_mnar	all	prompt_equal	qwen2.5-0.5b-instruct	llama4-maverick-17b-128e-instruct	fisher_rao_magnitude_r	pearson_r	145544	18639	825	0.1280643654152696	0.27709736864211787	0.251495355316112	0.2984736453394854	500	500	51385ad7fc65412a0b97abc35d2d48f0037ab21f612a40fbcc1920f35d7c578e
race	sentence	paper	global_complete_case_mnar	all	prompt_equal	qwen2.5-0.5b-instruct	llama4-maverick-17b-128e-instruct	fisher_local_magnitude_r	pearson_r	145544	18639	825	0.1280643654152696	0.05302301250455509	0.023436520835328496	0.08138301942150035	500	500	51385ad7fc65412a0b97abc35d2d48f0037ab21f612a40fbcc1920f35d7c578e
race	sentence	paper	global_complete_case_mnar	system	row_pooled	qwen2.5-0.5b-instruct	llama4-maverick-17b-128e-instruct	signed_frobenius_r	pearson_r	14802	936	592	0.06323469801378193	0.06459660790110769	0.018263086212186877	0.10795740511582094	500	500	3bab359b248413ff4b82309794d35425270ef3b1017c60cd7de1b91b484ad9f9
race	sentence	paper	global_complete_case_mnar	system	row_pooled	qwen2.5-0.5b-instruct	llama4-maverick-17b-128e-instruct	direction_cosine	mean_cosine	14802	936	592	0.06323469801378193	0.07894427019295773	0.044723679066833825	0.11753878163799741	500	500	3bab359b248413ff4b82309794d35425270ef3b1017c60cd7de1b91b484ad9f9
race	sentence	paper	global_complete_case_mnar	system	row_pooled	qwen2.5-0.5b-instruct	llama4-maverick-17b-128e-instruct	linear_cka	cka	14802	936	592	0.06323469801378193	0.01160810854090345	0.007773172839593186	0.026135684089729813	500	500	3bab359b248413ff4b82309794d35425270ef3b1017c60cd7de1b91b484ad9f9
race	sentence	paper	global_complete_case_mnar	system	row_pooled	qwen2.5-0.5b-instruct	llama4-maverick-17b-128e-instruct	aitchison_magnitude_r	pearson_r	14802	936	592	0.06323469801378193	0.29054958444182905	0.22761057481191369	0.3468285086765671	500	500	3bab359b248413ff4b82309794d35425270ef3b1017c60cd7de1b91b484ad9f9
race	sentence	paper	global_complete_case_mnar	system	row_pooled	qwen2.5-0.5b-instruct	llama4-maverick-17b-128e-instruct	fisher_rao_magnitude_r	pearson_r	14802	936	592	0.06323469801378193	0.0903135796344108	0.007540400771859094	0.17500485176893793	500	500	3bab359b248413ff4b82309794d35425270ef3b1017c60cd7de1b91b484ad9f9
race	sentence	paper	global_complete_case_mnar	system	row_pooled	qwen2.5-0.5b-instruct	llama4-maverick-17b-128e-instruct	fisher_local_magnitude_r	pearson_r	14802	936	592	0.06323469801378193	0.0282770297399591	-0.036865963160422045	0.11232486858108233	500	500	3bab359b248413ff4b82309794d35425270ef3b1017c60cd7de1b91b484ad9f9
race	sentence	paper	global_complete_case_mnar	system	prompt_equal	qwen2.5-0.5b-instruct	llama4-maverick-17b-128e-instruct	signed_frobenius_r	pearson_r	14802	936	592	0.06323469801378193	0.06552067186503999	0.018075198892548775	0.10892828214000967	500	500	3bab359b248413ff4b82309794d35425270ef3b1017c60cd7de1b91b484ad9f9
race	sentence	paper	global_complete_case_mnar	system	prompt_equal	qwen2.5-0.5b-instruct	llama4-maverick-17b-128e-instruct	direction_cosine	mean_cosine	14802	936	592	0.06323469801378193	0.07339312233812634	0.037936748440969836	0.11441724321634363	500	500	3bab359b248413ff4b82309794d35425270ef3b1017c60cd7de1b91b484ad9f9
race	sentence	paper	global_complete_case_mnar	system	prompt_equal	qwen2.5-0.5b-instruct	llama4-maverick-17b-128e-instruct	linear_cka	cka	14802	936	592	0.06323469801378193	0.014010290636931308	0.009485075155586461	0.029495154867963894	500	500	3bab359b248413ff4b82309794d35425270ef3b1017c60cd7de1b91b484ad9f9
race	sentence	paper	global_complete_case_mnar	system	prompt_equal	qwen2.5-0.5b-instruct	llama4-maverick-17b-128e-instruct	aitchison_magnitude_r	pearson_r	14802	936	592	0.06323469801378193	0.2928379472270657	0.22634728880145807	0.3552735859101043	500	500	3bab359b248413ff4b82309794d35425270ef3b1017c60cd7de1b91b484ad9f9
race	sentence	paper	global_complete_case_mnar	system	prompt_equal	qwen2.5-0.5b-instruct	llama4-maverick-17b-128e-instruct	fisher_rao_magnitude_r	pearson_r	14802	936	592	0.06323469801378193	0.09785248456392767	0.018667442210785992	0.17704049139541986	500	500	3bab359b248413ff4b82309794d35425270ef3b1017c60cd7de1b91b484ad9f9
race	sentence	paper	global_complete_case_mnar	system	prompt_equal	qwen2.5-0.5b-instruct	llama4-maverick-17b-128e-instruct	fisher_local_magnitude_r	pearson_r	14802	936	592	0.06323469801378193	0.03460671138789903	-0.028370792444244095	0.11509882837941446	500	500	3bab359b248413ff4b82309794d35425270ef3b1017c60cd7de1b91b484ad9f9
race	sentence	paper	global_complete_case_mnar	user	row_pooled	qwen2.5-0.5b-instruct	llama4-maverick-17b-128e-instruct	signed_frobenius_r	pearson_r	130742	17703	825	0.1354040782610026	0.15972272753887196	0.13658481221416013	0.18168128975394537	500	500	f4dfff463588ac5ae026c9a5714d6982ed65510e3f0ce476ecc721a02f2aa318
race	sentence	paper	global_complete_case_mnar	user	row_pooled	qwen2.5-0.5b-instruct	llama4-maverick-17b-128e-instruct	direction_cosine	mean_cosine	130742	17703	825	0.1354040782610026	0.05155619890534054	0.03623389612809901	0.06540899515333778	500	500	f4dfff463588ac5ae026c9a5714d6982ed65510e3f0ce476ecc721a02f2aa318
race	sentence	paper	global_complete_case_mnar	user	row_pooled	qwen2.5-0.5b-instruct	llama4-maverick-17b-128e-instruct	linear_cka	cka	130742	17703	825	0.1354040782610026	0.03766286375662878	0.028682144597680835	0.047463414335282866	500	500	f4dfff463588ac5ae026c9a5714d6982ed65510e3f0ce476ecc721a02f2aa318
race	sentence	paper	global_complete_case_mnar	user	row_pooled	qwen2.5-0.5b-instruct	llama4-maverick-17b-128e-instruct	aitchison_magnitude_r	pearson_r	130742	17703	825	0.1354040782610026	0.42477932138280855	0.4050757353712508	0.44294079445757045	500	500	f4dfff463588ac5ae026c9a5714d6982ed65510e3f0ce476ecc721a02f2aa318
race	sentence	paper	global_complete_case_mnar	user	row_pooled	qwen2.5-0.5b-instruct	llama4-maverick-17b-128e-instruct	fisher_rao_magnitude_r	pearson_r	130742	17703	825	0.1354040782610026	0.27403293629494235	0.25305924611169056	0.2932979887064823	500	500	f4dfff463588ac5ae026c9a5714d6982ed65510e3f0ce476ecc721a02f2aa318
race	sentence	paper	global_complete_case_mnar	user	row_pooled	qwen2.5-0.5b-instruct	llama4-maverick-17b-128e-instruct	fisher_local_magnitude_r	pearson_r	130742	17703	825	0.1354040782610026	0.06042360367024825	0.03272167157329741	0.08521559947559564	500	500	f4dfff463588ac5ae026c9a5714d6982ed65510e3f0ce476ecc721a02f2aa318
race	sentence	paper	global_complete_case_mnar	user	prompt_equal	qwen2.5-0.5b-instruct	llama4-maverick-17b-128e-instruct	signed_frobenius_r	pearson_r	130742	17703	825	0.1354040782610026	0.17307396749520637	0.14660854201355145	0.19613531758369246	500	500	f4dfff463588ac5ae026c9a5714d6982ed65510e3f0ce476ecc721a02f2aa318
race	sentence	paper	global_complete_case_mnar	user	prompt_equal	qwen2.5-0.5b-instruct	llama4-maverick-17b-128e-instruct	direction_cosine	mean_cosine	130742	17703	825	0.1354040782610026	0.05510440352350973	0.041040039209983455	0.06747765252146277	500	500	f4dfff463588ac5ae026c9a5714d6982ed65510e3f0ce476ecc721a02f2aa318
race	sentence	paper	global_complete_case_mnar	user	prompt_equal	qwen2.5-0.5b-instruct	llama4-maverick-17b-128e-instruct	linear_cka	cka	130742	17703	825	0.1354040782610026	0.04423791104883561	0.03221231438918997	0.05735554205530622	500	500	f4dfff463588ac5ae026c9a5714d6982ed65510e3f0ce476ecc721a02f2aa318
race	sentence	paper	global_complete_case_mnar	user	prompt_equal	qwen2.5-0.5b-instruct	llama4-maverick-17b-128e-instruct	aitchison_magnitude_r	pearson_r	130742	17703	825	0.1354040782610026	0.41657979719061405	0.3935194557788244	0.43684057449090413	500	500	f4dfff463588ac5ae026c9a5714d6982ed65510e3f0ce476ecc721a02f2aa318
race	sentence	paper	global_complete_case_mnar	user	prompt_equal	qwen2.5-0.5b-instruct	llama4-maverick-17b-128e-instruct	fisher_rao_magnitude_r	pearson_r	130742	17703	825	0.1354040782610026	0.2763157806497732	0.25185095206708297	0.2970884728296492	500	500	f4dfff463588ac5ae026c9a5714d6982ed65510e3f0ce476ecc721a02f2aa318
race	sentence	paper	global_complete_case_mnar	user	prompt_equal	qwen2.5-0.5b-instruct	llama4-maverick-17b-128e-instruct	fisher_local_magnitude_r	pearson_r	130742	17703	825	0.1354040782610026	0.052720514777166584	0.022303842299202764	0.07806006993677542	500	500	f4dfff463588ac5ae026c9a5714d6982ed65510e3f0ce476ecc721a02f2aa318
race	sentence	paper	global_complete_case_mnar	prediction	row_pooled	qwen2.5-0.5b-instruct	gpt-4o	signed_frobenius_r	pearson_r	4934	825	825	0.16720713417105795	0.3120134596396927	0.27368086777378103	0.34957813440939456	500	500	bb39c2d2fc4a8ec99452fbbab44f2b1aedd932bc8338ac64de82b714d19ca319
race	sentence	paper	global_complete_case_mnar	prediction	row_pooled	qwen2.5-0.5b-instruct	gpt-4o	direction_cosine	mean_cosine	4934	825	825	0.16720713417105795	0.22108379441752224	0.1795635029234989	0.2603992897335741	500	500	bb39c2d2fc4a8ec99452fbbab44f2b1aedd932bc8338ac64de82b714d19ca319
race	sentence	paper	global_complete_case_mnar	prediction	row_pooled	qwen2.5-0.5b-instruct	gpt-4o	linear_cka	cka	4934	825	825	0.16720713417105795	0.10526099071443366	0.08079161266980937	0.13585365260696966	500	500	bb39c2d2fc4a8ec99452fbbab44f2b1aedd932bc8338ac64de82b714d19ca319
race	sentence	paper	global_complete_case_mnar	all	row_pooled	qwen2.5-0.5b-instruct	gpt-4o	signed_frobenius_r	pearson_r	145544	18639	825	0.1280643654152696	0.15591064667198415	0.13392803177131773	0.17723219258016962	500	500	51385ad7fc65412a0b97abc35d2d48f0037ab21f612a40fbcc1920f35d7c578e
race	sentence	paper	global_complete_case_mnar	all	row_pooled	qwen2.5-0.5b-instruct	gpt-4o	direction_cosine	mean_cosine	145544	18639	825	0.1280643654152696	0.059530584011129095	0.04559192555751526	0.07274515448465764	500	500	51385ad7fc65412a0b97abc35d2d48f0037ab21f612a40fbcc1920f35d7c578e
race	sentence	paper	global_complete_case_mnar	all	row_pooled	qwen2.5-0.5b-instruct	gpt-4o	linear_cka	cka	145544	18639	825	0.1280643654152696	0.026710541112514453	0.019596440586299394	0.03552490022176501	500	500	51385ad7fc65412a0b97abc35d2d48f0037ab21f612a40fbcc1920f35d7c578e
race	sentence	paper	global_complete_case_mnar	all	row_pooled	qwen2.5-0.5b-instruct	gpt-4o	aitchison_magnitude_r	pearson_r	145544	18639	825	0.1280643654152696	0.39439539965248555	0.37745212753149804	0.41124954979006306	500	500	51385ad7fc65412a0b97abc35d2d48f0037ab21f612a40fbcc1920f35d7c578e
race	sentence	paper	global_complete_case_mnar	all	row_pooled	qwen2.5-0.5b-instruct	gpt-4o	fisher_rao_magnitude_r	pearson_r	145544	18639	825	0.1280643654152696	0.2377208765336985	0.21893444114495747	0.25906945103890994	500	500	51385ad7fc65412a0b97abc35d2d48f0037ab21f612a40fbcc1920f35d7c578e
race	sentence	paper	global_complete_case_mnar	all	row_pooled	qwen2.5-0.5b-instruct	gpt-4o	fisher_local_magnitude_r	pearson_r	145544	18639	825	0.1280643654152696	0.012929520962143724	-0.010397906663005708	0.037310972886959545	500	500	51385ad7fc65412a0b97abc35d2d48f0037ab21f612a40fbcc1920f35d7c578e
race	sentence	paper	global_complete_case_mnar	all	prompt_equal	qwen2.5-0.5b-instruct	gpt-4o	signed_frobenius_r	pearson_r	145544	18639	825	0.1280643654152696	0.1731766725109638	0.15000977626322554	0.19686262801774224	500	500	51385ad7fc65412a0b97abc35d2d48f0037ab21f612a40fbcc1920f35d7c578e
race	sentence	paper	global_complete_case_mnar	all	prompt_equal	qwen2.5-0.5b-instruct	gpt-4o	direction_cosine	mean_cosine	145544	18639	825	0.1280643654152696	0.06665531970049066	0.05259242297568647	0.07956627153354659	500	500	51385ad7fc65412a0b97abc35d2d48f0037ab21f612a40fbcc1920f35d7c578e
race	sentence	paper	global_complete_case_mnar	all	prompt_equal	qwen2.5-0.5b-instruct	gpt-4o	linear_cka	cka	145544	18639	825	0.1280643654152696	0.034617018830920325	0.02520732703136525	0.04705080131588768	500	500	51385ad7fc65412a0b97abc35d2d48f0037ab21f612a40fbcc1920f35d7c578e
race	sentence	paper	global_complete_case_mnar	all	prompt_equal	qwen2.5-0.5b-instruct	gpt-4o	aitchison_magnitude_r	pearson_r	145544	18639	825	0.1280643654152696	0.3961991554676711	0.37476558007494293	0.4164022393911366	500	500	51385ad7fc65412a0b97abc35d2d48f0037ab21f612a40fbcc1920f35d7c578e
race	sentence	paper	global_complete_case_mnar	all	prompt_equal	qwen2.5-0.5b-instruct	gpt-4o	fisher_rao_magnitude_r	pearson_r	145544	18639	825	0.1280643654152696	0.2427682334003733	0.22052698016201494	0.2682941295798801	500	500	51385ad7fc65412a0b97abc35d2d48f0037ab21f612a40fbcc1920f35d7c578e
race	sentence	paper	global_complete_case_mnar	all	prompt_equal	qwen2.5-0.5b-instruct	gpt-4o	fisher_local_magnitude_r	pearson_r	145544	18639	825	0.1280643654152696	0.021630558360859323	-0.006885438834195575	0.05694300740400146	500	500	51385ad7fc65412a0b97abc35d2d48f0037ab21f612a40fbcc1920f35d7c578e
race	sentence	paper	global_complete_case_mnar	system	row_pooled	qwen2.5-0.5b-instruct	gpt-4o	signed_frobenius_r	pearson_r	14802	936	592	0.06323469801378193	0.018792778827405373	-0.025546280640961847	0.05606737986206138	500	500	3bab359b248413ff4b82309794d35425270ef3b1017c60cd7de1b91b484ad9f9
race	sentence	paper	global_complete_case_mnar	system	row_pooled	qwen2.5-0.5b-instruct	gpt-4o	direction_cosine	mean_cosine	14802	936	592	0.06323469801378193	-0.05121742537998819	-0.08931397156590906	-0.011866636951647982	500	500	3bab359b248413ff4b82309794d35425270ef3b1017c60cd7de1b91b484ad9f9
race	sentence	paper	global_complete_case_mnar	system	row_pooled	qwen2.5-0.5b-instruct	gpt-4o	linear_cka	cka	14802	936	592	0.06323469801378193	0.0022747609038594476	0.0017881299775599339	0.011273909220062855	500	500	3bab359b248413ff4b82309794d35425270ef3b1017c60cd7de1b91b484ad9f9
race	sentence	paper	global_complete_case_mnar	system	row_pooled	qwen2.5-0.5b-instruct	gpt-4o	aitchison_magnitude_r	pearson_r	14802	936	592	0.06323469801378193	0.011997221755471198	-0.04695998839353749	0.08090265436264835	500	500	3bab359b248413ff4b82309794d35425270ef3b1017c60cd7de1b91b484ad9f9
race	sentence	paper	global_complete_case_mnar	system	row_pooled	qwen2.5-0.5b-instruct	gpt-4o	fisher_rao_magnitude_r	pearson_r	14802	936	592	0.06323469801378193	0.016898956419339983	-0.03989352498446634	0.06772109857636502	500	500	3bab359b248413ff4b82309794d35425270ef3b1017c60cd7de1b91b484ad9f9
race	sentence	paper	global_complete_case_mnar	system	row_pooled	qwen2.5-0.5b-instruct	gpt-4o	fisher_local_magnitude_r	pearson_r	14802	936	592	0.06323469801378193	-0.028455842918250023	-0.08170575896453883	0.0344867908109001	500	500	3bab359b248413ff4b82309794d35425270ef3b1017c60cd7de1b91b484ad9f9
race	sentence	paper	global_complete_case_mnar	system	prompt_equal	qwen2.5-0.5b-instruct	gpt-4o	signed_frobenius_r	pearson_r	14802	936	592	0.06323469801378193	0.016978034555431763	-0.02767606975810144	0.05660297529062321	500	500	3bab359b248413ff4b82309794d35425270ef3b1017c60cd7de1b91b484ad9f9
race	sentence	paper	global_complete_case_mnar	system	prompt_equal	qwen2.5-0.5b-instruct	gpt-4o	direction_cosine	mean_cosine	14802	936	592	0.06323469801378193	-0.061662484231145016	-0.10196237434334601	-0.019196540533942368	500	500	3bab359b248413ff4b82309794d35425270ef3b1017c60cd7de1b91b484ad9f9
race	sentence	paper	global_complete_case_mnar	system	prompt_equal	qwen2.5-0.5b-instruct	gpt-4o	linear_cka	cka	14802	936	592	0.06323469801378193	0.002157908070481891	0.0017459398987079234	0.011361062860121491	500	500	3bab359b248413ff4b82309794d35425270ef3b1017c60cd7de1b91b484ad9f9
race	sentence	paper	global_complete_case_mnar	system	prompt_equal	qwen2.5-0.5b-instruct	gpt-4o	aitchison_magnitude_r	pearson_r	14802	936	592	0.06323469801378193	0.004667214242142163	-0.05806112339839389	0.07726163533822215	500	500	3bab359b248413ff4b82309794d35425270ef3b1017c60cd7de1b91b484ad9f9
race	sentence	paper	global_complete_case_mnar	system	prompt_equal	qwen2.5-0.5b-instruct	gpt-4o	fisher_rao_magnitude_r	pearson_r	14802	936	592	0.06323469801378193	0.02146726130374821	-0.03456925086855622	0.07197861607580049	500	500	3bab359b248413ff4b82309794d35425270ef3b1017c60cd7de1b91b484ad9f9
race	sentence	paper	global_complete_case_mnar	system	prompt_equal	qwen2.5-0.5b-instruct	gpt-4o	fisher_local_magnitude_r	pearson_r	14802	936	592	0.06323469801378193	-0.029858369909367823	-0.0814761194148289	0.03337409132386833	500	500	3bab359b248413ff4b82309794d35425270ef3b1017c60cd7de1b91b484ad9f9
race	sentence	paper	global_complete_case_mnar	user	row_pooled	qwen2.5-0.5b-instruct	gpt-4o	signed_frobenius_r	pearson_r	130742	17703	825	0.1354040782610026	0.15831247575841761	0.1350190360949816	0.18190090669649564	500	500	f4dfff463588ac5ae026c9a5714d6982ed65510e3f0ce476ecc721a02f2aa318
race	sentence	paper	global_complete_case_mnar	user	row_pooled	qwen2.5-0.5b-instruct	gpt-4o	direction_cosine	mean_cosine	130742	17703	825	0.1354040782610026	0.06538609645478756	0.05026476905962691	0.07909050753291967	500	500	f4dfff463588ac5ae026c9a5714d6982ed65510e3f0ce476ecc721a02f2aa318
race	sentence	paper	global_complete_case_mnar	user	row_pooled	qwen2.5-0.5b-instruct	gpt-4o	linear_cka	cka	130742	17703	825	0.1354040782610026	0.027476890727940583	0.02027969265228547	0.03645606251385975	500	500	f4dfff463588ac5ae026c9a5714d6982ed65510e3f0ce476ecc721a02f2aa318
race	sentence	paper	global_complete_case_mnar	user	row_pooled	qwen2.5-0.5b-instruct	gpt-4o	aitchison_magnitude_r	pearson_r	130742	17703	825	0.1354040782610026	0.39753655905893615	0.3804451414522541	0.4147447244017683	500	500	f4dfff463588ac5ae026c9a5714d6982ed65510e3f0ce476ecc721a02f2aa318
race	sentence	paper	global_complete_case_mnar	user	row_pooled	qwen2.5-0.5b-instruct	gpt-4o	fisher_rao_magnitude_r	pearson_r	130742	17703	825	0.1354040782610026	0.2416430524957521	0.22073566060822916	0.2606872915162042	500	500	f4dfff463588ac5ae026c9a5714d6982ed65510e3f0ce476ecc721a02f2aa318
race	sentence	paper	global_complete_case_mnar	user	row_pooled	qwen2.5-0.5b-instruct	gpt-4o	fisher_local_magnitude_r	pearson_r	130742	17703	825	0.1354040782610026	0.013903276572207388	-0.008228020801842803	0.03736502291771947	500	500	f4dfff463588ac5ae026c9a5714d6982ed65510e3f0ce476ecc721a02f2aa318
race	sentence	paper	global_complete_case_mnar	user	prompt_equal	qwen2.5-0.5b-instruct	gpt-4o	signed_frobenius_r	pearson_r	130742	17703	825	0.1354040782610026	0.1733065234654083	0.14870739709349	0.20001739159204104	500	500	f4dfff463588ac5ae026c9a5714d6982ed65510e3f0ce476ecc721a02f2aa318
race	sentence	paper	global_complete_case_mnar	user	prompt_equal	qwen2.5-0.5b-instruct	gpt-4o	direction_cosine	mean_cosine	130742	17703	825	0.1354040782610026	0.07283078855332975	0.05868228853390439	0.08646462855657383	500	500	f4dfff463588ac5ae026c9a5714d6982ed65510e3f0ce476ecc721a02f2aa318
race	sentence	paper	global_complete_case_mnar	user	prompt_equal	qwen2.5-0.5b-instruct	gpt-4o	linear_cka	cka	130742	17703	825	0.1354040782610026	0.034697630560755706	0.026222560438438406	0.046950699737486445	500	500	f4dfff463588ac5ae026c9a5714d6982ed65510e3f0ce476ecc721a02f2aa318
race	sentence	paper	global_complete_case_mnar	user	prompt_equal	qwen2.5-0.5b-instruct	gpt-4o	aitchison_magnitude_r	pearson_r	130742	17703	825	0.1354040782610026	0.39616509156751406	0.3749323832119459	0.4165754702267608	500	500	f4dfff463588ac5ae026c9a5714d6982ed65510e3f0ce476ecc721a02f2aa318
race	sentence	paper	global_complete_case_mnar	user	prompt_equal	qwen2.5-0.5b-instruct	gpt-4o	fisher_rao_magnitude_r	pearson_r	130742	17703	825	0.1354040782610026	0.24401760053450908	0.21991774507422163	0.266754068085498	500	500	f4dfff463588ac5ae026c9a5714d6982ed65510e3f0ce476ecc721a02f2aa318
race	sentence	paper	global_complete_case_mnar	user	prompt_equal	qwen2.5-0.5b-instruct	gpt-4o	fisher_local_magnitude_r	pearson_r	130742	17703	825	0.1354040782610026	0.022692215377852893	-0.005704788500407517	0.05593152149226754	500	500	f4dfff463588ac5ae026c9a5714d6982ed65510e3f0ce476ecc721a02f2aa318
race	sentence	paper	global_complete_case_mnar	prediction	row_pooled	qwen2.5-0.5b-instruct	gpt-4-1	signed_frobenius_r	pearson_r	4934	825	825	0.16720713417105795	0.31472511286588534	0.2765571214869842	0.3530670660352394	500	500	bb39c2d2fc4a8ec99452fbbab44f2b1aedd932bc8338ac64de82b714d19ca319
race	sentence	paper	global_complete_case_mnar	prediction	row_pooled	qwen2.5-0.5b-instruct	gpt-4-1	direction_cosine	mean_cosine	4934	825	825	0.16720713417105795	0.22833729654741675	0.19104320725254006	0.26829708574837585	500	500	bb39c2d2fc4a8ec99452fbbab44f2b1aedd932bc8338ac64de82b714d19ca319
race	sentence	paper	global_complete_case_mnar	prediction	row_pooled	qwen2.5-0.5b-instruct	gpt-4-1	linear_cka	cka	4934	825	825	0.16720713417105795	0.10363577902312401	0.08146684332552225	0.13420490370266344	500	500	bb39c2d2fc4a8ec99452fbbab44f2b1aedd932bc8338ac64de82b714d19ca319
race	sentence	paper	global_complete_case_mnar	all	row_pooled	qwen2.5-0.5b-instruct	gpt-4-1	signed_frobenius_r	pearson_r	145544	18639	825	0.1280643654152696	0.17913298803513125	0.1572746909144171	0.19699033661182846	500	500	51385ad7fc65412a0b97abc35d2d48f0037ab21f612a40fbcc1920f35d7c578e
race	sentence	paper	global_complete_case_mnar	all	row_pooled	qwen2.5-0.5b-instruct	gpt-4-1	direction_cosine	mean_cosine	145544	18639	825	0.1280643654152696	0.06149309188332089	0.04833014939750809	0.0744253927054264	500	500	51385ad7fc65412a0b97abc35d2d48f0037ab21f612a40fbcc1920f35d7c578e
race	sentence	paper	global_complete_case_mnar	all	row_pooled	qwen2.5-0.5b-instruct	gpt-4-1	linear_cka	cka	145544	18639	825	0.1280643654152696	0.03222662546674773	0.024391870242863493	0.04018876900819667	500	500	51385ad7fc65412a0b97abc35d2d48f0037ab21f612a40fbcc1920f35d7c578e
race	sentence	paper	global_complete_case_mnar	all	row_pooled	qwen2.5-0.5b-instruct	gpt-4-1	aitchison_magnitude_r	pearson_r	145544	18639	825	0.1280643654152696	0.39581162528132047	0.3756698405299335	0.4117094166826809	500	500	51385ad7fc65412a0b97abc35d2d48f0037ab21f612a40fbcc1920f35d7c578e
race	sentence	paper	global_complete_case_mnar	all	row_pooled	qwen2.5-0.5b-instruct	gpt-4-1	fisher_rao_magnitude_r	pearson_r	145544	18639	825	0.1280643654152696	0.2396835489204963	0.21813714670997347	0.26190245304997606	500	500	51385ad7fc65412a0b97abc35d2d48f0037ab21f612a40fbcc1920f35d7c578e
race	sentence	paper	global_complete_case_mnar	all	row_pooled	qwen2.5-0.5b-instruct	gpt-4-1	fisher_local_magnitude_r	pearson_r	145544	18639	825	0.1280643654152696	0.030526843400222874	0.009257256050731667	0.052614262259404354	500	500	51385ad7fc65412a0b97abc35d2d48f0037ab21f612a40fbcc1920f35d7c578e
race	sentence	paper	global_complete_case_mnar	all	prompt_equal	qwen2.5-0.5b-instruct	gpt-4-1	signed_frobenius_r	pearson_r	145544	18639	825	0.1280643654152696	0.19307501559064547	0.16494342979004883	0.21565371487386828	500	500	51385ad7fc65412a0b97abc35d2d48f0037ab21f612a40fbcc1920f35d7c578e
race	sentence	paper	global_complete_case_mnar	all	prompt_equal	qwen2.5-0.5b-instruct	gpt-4-1	direction_cosine	mean_cosine	145544	18639	825	0.1280643654152696	0.06833857285861557	0.05465724074028427	0.08070108990979245	500	500	51385ad7fc65412a0b97abc35d2d48f0037ab21f612a40fbcc1920f35d7c578e
race	sentence	paper	global_complete_case_mnar	all	prompt_equal	qwen2.5-0.5b-instruct	gpt-4-1	linear_cka	cka	145544	18639	825	0.1280643654152696	0.03820790304791416	0.02744384257927773	0.049305259002740756	500	500	51385ad7fc65412a0b97abc35d2d48f0037ab21f612a40fbcc1920f35d7c578e
race	sentence	paper	global_complete_case_mnar	all	prompt_equal	qwen2.5-0.5b-instruct	gpt-4-1	aitchison_magnitude_r	pearson_r	145544	18639	825	0.1280643654152696	0.3897238583202993	0.366309199201174	0.40897467338565247	500	500	51385ad7fc65412a0b97abc35d2d48f0037ab21f612a40fbcc1920f35d7c578e
race	sentence	paper	global_complete_case_mnar	all	prompt_equal	qwen2.5-0.5b-instruct	gpt-4-1	fisher_rao_magnitude_r	pearson_r	145544	18639	825	0.1280643654152696	0.2388235130400373	0.21324866444191853	0.2631344734921057	500	500	51385ad7fc65412a0b97abc35d2d48f0037ab21f612a40fbcc1920f35d7c578e
race	sentence	paper	global_complete_case_mnar	all	prompt_equal	qwen2.5-0.5b-instruct	gpt-4-1	fisher_local_magnitude_r	pearson_r	145544	18639	825	0.1280643654152696	0.017616180975993177	-0.0033626792220091024	0.039825093084384235	500	500	51385ad7fc65412a0b97abc35d2d48f0037ab21f612a40fbcc1920f35d7c578e
race	sentence	paper	global_complete_case_mnar	system	row_pooled	qwen2.5-0.5b-instruct	gpt-4-1	signed_frobenius_r	pearson_r	14802	936	592	0.06323469801378193	-0.028083147585416236	-0.06802643199063034	0.008693714819200525	500	500	3bab359b248413ff4b82309794d35425270ef3b1017c60cd7de1b91b484ad9f9
race	sentence	paper	global_complete_case_mnar	system	row_pooled	qwen2.5-0.5b-instruct	gpt-4-1	direction_cosine	mean_cosine	14802	936	592	0.06323469801378193	-0.05755546940244435	-0.0970342360957116	-0.016323435033454407	500	500	3bab359b248413ff4b82309794d35425270ef3b1017c60cd7de1b91b484ad9f9
race	sentence	paper	global_complete_case_mnar	system	row_pooled	qwen2.5-0.5b-instruct	gpt-4-1	linear_cka	cka	14802	936	592	0.06323469801378193	0.0016169589205613812	0.0015953393600273422	0.009143526809245978	500	500	3bab359b248413ff4b82309794d35425270ef3b1017c60cd7de1b91b484ad9f9
race	sentence	paper	global_complete_case_mnar	system	row_pooled	qwen2.5-0.5b-instruct	gpt-4-1	aitchison_magnitude_r	pearson_r	14802	936	592	0.06323469801378193	-0.005715079583525823	-0.05421461377123822	0.057480713196729497	500	500	3bab359b248413ff4b82309794d35425270ef3b1017c60cd7de1b91b484ad9f9
race	sentence	paper	global_complete_case_mnar	system	row_pooled	qwen2.5-0.5b-instruct	gpt-4-1	fisher_rao_magnitude_r	pearson_r	14802	936	592	0.06323469801378193	0.012267912391181442	-0.04189755287301963	0.0780358701404411	500	500	3bab359b248413ff4b82309794d35425270ef3b1017c60cd7de1b91b484ad9f9
race	sentence	paper	global_complete_case_mnar	system	row_pooled	qwen2.5-0.5b-instruct	gpt-4-1	fisher_local_magnitude_r	pearson_r	14802	936	592	0.06323469801378193	-0.06187902698321527	-0.10899151730664233	-0.006575413284012208	500	500	3bab359b248413ff4b82309794d35425270ef3b1017c60cd7de1b91b484ad9f9
race	sentence	paper	global_complete_case_mnar	system	prompt_equal	qwen2.5-0.5b-instruct	gpt-4-1	signed_frobenius_r	pearson_r	14802	936	592	0.06323469801378193	-0.02799733391538139	-0.06851657468348454	0.01208210315952274	500	500	3bab359b248413ff4b82309794d35425270ef3b1017c60cd7de1b91b484ad9f9
race	sentence	paper	global_complete_case_mnar	system	prompt_equal	qwen2.5-0.5b-instruct	gpt-4-1	direction_cosine	mean_cosine	14802	936	592	0.06323469801378193	-0.055695319721631706	-0.09346004831490709	-0.01665315506318728	500	500	3bab359b248413ff4b82309794d35425270ef3b1017c60cd7de1b91b484ad9f9
race	sentence	paper	global_complete_case_mnar	system	prompt_equal	qwen2.5-0.5b-instruct	gpt-4-1	linear_cka	cka	14802	936	592	0.06323469801378193	0.001369419229434815	0.001530008746309756	0.009147000620947617	500	500	3bab359b248413ff4b82309794d35425270ef3b1017c60cd7de1b91b484ad9f9
race	sentence	paper	global_complete_case_mnar	system	prompt_equal	qwen2.5-0.5b-instruct	gpt-4-1	aitchison_magnitude_r	pearson_r	14802	936	592	0.06323469801378193	-0.01025785977900001	-0.06175116698725364	0.053106915892356076	500	500	3bab359b248413ff4b82309794d35425270ef3b1017c60cd7de1b91b484ad9f9
race	sentence	paper	global_complete_case_mnar	system	prompt_equal	qwen2.5-0.5b-instruct	gpt-4-1	fisher_rao_magnitude_r	pearson_r	14802	936	592	0.06323469801378193	0.00818921799691229	-0.04282524170074794	0.0723727596685908	500	500	3bab359b248413ff4b82309794d35425270ef3b1017c60cd7de1b91b484ad9f9
race	sentence	paper	global_complete_case_mnar	system	prompt_equal	qwen2.5-0.5b-instruct	gpt-4-1	fisher_local_magnitude_r	pearson_r	14802	936	592	0.06323469801378193	-0.055162030704487365	-0.10187574553078203	-0.00021242938871928748	500	500	3bab359b248413ff4b82309794d35425270ef3b1017c60cd7de1b91b484ad9f9
race	sentence	paper	global_complete_case_mnar	user	row_pooled	qwen2.5-0.5b-instruct	gpt-4-1	signed_frobenius_r	pearson_r	130742	17703	825	0.1354040782610026	0.18258396096993568	0.1616404779890956	0.2042596753289663	500	500	f4dfff463588ac5ae026c9a5714d6982ed65510e3f0ce476ecc721a02f2aa318
race	sentence	paper	global_complete_case_mnar	user	row_pooled	qwen2.5-0.5b-instruct	gpt-4-1	direction_cosine	mean_cosine	130742	17703	825	0.1354040782610026	0.06778747438139897	0.054145678736939186	0.08058415034808529	500	500	f4dfff463588ac5ae026c9a5714d6982ed65510e3f0ce476ecc721a02f2aa318
race	sentence	paper	global_complete_case_mnar	user	row_pooled	qwen2.5-0.5b-instruct	gpt-4-1	linear_cka	cka	130742	17703	825	0.1354040782610026	0.03338468364251493	0.02630194698552341	0.04330878612577432	500	500	f4dfff463588ac5ae026c9a5714d6982ed65510e3f0ce476ecc721a02f2aa318
race	sentence	paper	global_complete_case_mnar	user	row_pooled	qwen2.5-0.5b-instruct	gpt-4-1	aitchison_magnitude_r	pearson_r	130742	17703	825	0.1354040782610026	0.3987225583686554	0.3799923580668909	0.41637573543598044	500	500	f4dfff463588ac5ae026c9a5714d6982ed65510e3f0ce476ecc721a02f2aa318
race	sentence	paper	global_complete_case_mnar	user	row_pooled	qwen2.5-0.5b-instruct	gpt-4-1	fisher_rao_magnitude_r	pearson_r	130742	17703	825	0.1354040782610026	0.2435900448796214	0.21846561612422677	0.2684925748457858	500	500	f4dfff463588ac5ae026c9a5714d6982ed65510e3f0ce476ecc721a02f2aa318
race	sentence	paper	global_complete_case_mnar	user	row_pooled	qwen2.5-0.5b-instruct	gpt-4-1	fisher_local_magnitude_r	pearson_r	130742	17703	825	0.1354040782610026	0.03205476105893427	0.00774381120307398	0.05788274756225953	500	500	f4dfff463588ac5ae026c9a5714d6982ed65510e3f0ce476ecc721a02f2aa318
race	sentence	paper	global_complete_case_mnar	user	prompt_equal	qwen2.5-0.5b-instruct	gpt-4-1	signed_frobenius_r	pearson_r	130742	17703	825	0.1354040782610026	0.19467358360976808	0.1690037183275437	0.22187319159362318	500	500	f4dfff463588ac5ae026c9a5714d6982ed65510e3f0ce476ecc721a02f2aa318
race	sentence	paper	global_complete_case_mnar	user	prompt_equal	qwen2.5-0.5b-instruct	gpt-4-1	direction_cosine	mean_cosine	130742	17703	825	0.1354040782610026	0.07431915134659148	0.06072314296806498	0.08642712112372566	500	500	f4dfff463588ac5ae026c9a5714d6982ed65510e3f0ce476ecc721a02f2aa318
race	sentence	paper	global_complete_case_mnar	user	prompt_equal	qwen2.5-0.5b-instruct	gpt-4-1	linear_cka	cka	130742	17703	825	0.1354040782610026	0.03873625400945955	0.02897848917552322	0.05215473656104516	500	500	f4dfff463588ac5ae026c9a5714d6982ed65510e3f0ce476ecc721a02f2aa318
race	sentence	paper	global_complete_case_mnar	user	prompt_equal	qwen2.5-0.5b-instruct	gpt-4-1	aitchison_magnitude_r	pearson_r	130742	17703	825	0.1354040782610026	0.3901610981219303	0.3678431009767066	0.4141191327432321	500	500	f4dfff463588ac5ae026c9a5714d6982ed65510e3f0ce476ecc721a02f2aa318
race	sentence	paper	global_complete_case_mnar	user	prompt_equal	qwen2.5-0.5b-instruct	gpt-4-1	fisher_rao_magnitude_r	pearson_r	130742	17703	825	0.1354040782610026	0.24006791329891908	0.2105379760724561	0.26646674254648517	500	500	f4dfff463588ac5ae026c9a5714d6982ed65510e3f0ce476ecc721a02f2aa318
race	sentence	paper	global_complete_case_mnar	user	prompt_equal	qwen2.5-0.5b-instruct	gpt-4-1	fisher_local_magnitude_r	pearson_r	130742	17703	825	0.1354040782610026	0.018685186558062044	-0.004432781333941176	0.045232405555394095	500	500	f4dfff463588ac5ae026c9a5714d6982ed65510e3f0ce476ecc721a02f2aa318
race	sentence	paper	global_complete_case_mnar	prediction	row_pooled	qwen2.5-0.5b-instruct	gemini-2-5-flash-lite-vertex	signed_frobenius_r	pearson_r	4934	825	825	0.16720713417105795	0.30787998589261567	0.2708990107597445	0.34751718576989443	500	500	bb39c2d2fc4a8ec99452fbbab44f2b1aedd932bc8338ac64de82b714d19ca319
race	sentence	paper	global_complete_case_mnar	prediction	row_pooled	qwen2.5-0.5b-instruct	gemini-2-5-flash-lite-vertex	direction_cosine	mean_cosine	4934	825	825	0.16720713417105795	0.17284216371665817	0.13581975123459408	0.21211593183676222	500	500	bb39c2d2fc4a8ec99452fbbab44f2b1aedd932bc8338ac64de82b714d19ca319
race	sentence	paper	global_complete_case_mnar	prediction	row_pooled	qwen2.5-0.5b-instruct	gemini-2-5-flash-lite-vertex	linear_cka	cka	4934	825	825	0.16720713417105795	0.10240025192654971	0.07847905722960477	0.1331657836790614	500	500	bb39c2d2fc4a8ec99452fbbab44f2b1aedd932bc8338ac64de82b714d19ca319
race	sentence	paper	global_complete_case_mnar	all	row_pooled	qwen2.5-0.5b-instruct	gemini-2-5-flash-lite-vertex	signed_frobenius_r	pearson_r	145544	18639	825	0.1280643654152696	0.09955309822679481	0.08318242316156745	0.1171872173590259	500	500	51385ad7fc65412a0b97abc35d2d48f0037ab21f612a40fbcc1920f35d7c578e
race	sentence	paper	global_complete_case_mnar	all	row_pooled	qwen2.5-0.5b-instruct	gemini-2-5-flash-lite-vertex	direction_cosine	mean_cosine	145544	18639	825	0.1280643654152696	0.043443547187518985	0.030105597780273736	0.05743966490158038	500	500	51385ad7fc65412a0b97abc35d2d48f0037ab21f612a40fbcc1920f35d7c578e
race	sentence	paper	global_complete_case_mnar	all	row_pooled	qwen2.5-0.5b-instruct	gemini-2-5-flash-lite-vertex	linear_cka	cka	145544	18639	825	0.1280643654152696	0.013745073027368588	0.010132809216736665	0.019035860252670282	500	500	51385ad7fc65412a0b97abc35d2d48f0037ab21f612a40fbcc1920f35d7c578e
race	sentence	paper	global_complete_case_mnar	all	row_pooled	qwen2.5-0.5b-instruct	gemini-2-5-flash-lite-vertex	aitchison_magnitude_r	pearson_r	145544	18639	825	0.1280643654152696	0.2370836475258052	0.21217533216837786	0.26251842071201015	500	500	51385ad7fc65412a0b97abc35d2d48f0037ab21f612a40fbcc1920f35d7c578e
race	sentence	paper	global_complete_case_mnar	all	row_pooled	qwen2.5-0.5b-instruct	gemini-2-5-flash-lite-vertex	fisher_rao_magnitude_r	pearson_r	145544	18639	825	0.1280643654152696	0.188487991348953	0.16452171874669974	0.21144676718762864	500	500	51385ad7fc65412a0b97abc35d2d48f0037ab21f612a40fbcc1920f35d7c578e
race	sentence	paper	global_complete_case_mnar	all	row_pooled	qwen2.5-0.5b-instruct	gemini-2-5-flash-lite-vertex	fisher_local_magnitude_r	pearson_r	145544	18639	825	0.1280643654152696	0.03355410080237547	0.009806706383789445	0.05801010874575745	500	500	51385ad7fc65412a0b97abc35d2d48f0037ab21f612a40fbcc1920f35d7c578e
race	sentence	paper	global_complete_case_mnar	all	prompt_equal	qwen2.5-0.5b-instruct	gemini-2-5-flash-lite-vertex	signed_frobenius_r	pearson_r	145544	18639	825	0.1280643654152696	0.11506072698627377	0.09497361158174315	0.13506646315352167	500	500	51385ad7fc65412a0b97abc35d2d48f0037ab21f612a40fbcc1920f35d7c578e
race	sentence	paper	global_complete_case_mnar	all	prompt_equal	qwen2.5-0.5b-instruct	gemini-2-5-flash-lite-vertex	direction_cosine	mean_cosine	145544	18639	825	0.1280643654152696	0.05264066911859619	0.038869821417412784	0.06547865489003521	500	500	51385ad7fc65412a0b97abc35d2d48f0037ab21f612a40fbcc1920f35d7c578e
race	sentence	paper	global_complete_case_mnar	all	prompt_equal	qwen2.5-0.5b-instruct	gemini-2-5-flash-lite-vertex	linear_cka	cka	145544	18639	825	0.1280643654152696	0.018784654670691316	0.012993450522559733	0.02598520875050434	500	500	51385ad7fc65412a0b97abc35d2d48f0037ab21f612a40fbcc1920f35d7c578e
race	sentence	paper	global_complete_case_mnar	all	prompt_equal	qwen2.5-0.5b-instruct	gemini-2-5-flash-lite-vertex	aitchison_magnitude_r	pearson_r	145544	18639	825	0.1280643654152696	0.24769394324430238	0.22173416669530072	0.27553824705463864	500	500	51385ad7fc65412a0b97abc35d2d48f0037ab21f612a40fbcc1920f35d7c578e
race	sentence	paper	global_complete_case_mnar	all	prompt_equal	qwen2.5-0.5b-instruct	gemini-2-5-flash-lite-vertex	fisher_rao_magnitude_r	pearson_r	145544	18639	825	0.1280643654152696	0.18629798530440492	0.16163132214666653	0.20851766759956558	500	500	51385ad7fc65412a0b97abc35d2d48f0037ab21f612a40fbcc1920f35d7c578e
race	sentence	paper	global_complete_case_mnar	all	prompt_equal	qwen2.5-0.5b-instruct	gemini-2-5-flash-lite-vertex	fisher_local_magnitude_r	pearson_r	145544	18639	825	0.1280643654152696	0.03149920143301203	0.008452939515873018	0.05280751975418091	500	500	51385ad7fc65412a0b97abc35d2d48f0037ab21f612a40fbcc1920f35d7c578e
race	sentence	paper	global_complete_case_mnar	system	row_pooled	qwen2.5-0.5b-instruct	gemini-2-5-flash-lite-vertex	signed_frobenius_r	pearson_r	14802	936	592	0.06323469801378193	-0.02747177744307221	-0.06073483670135577	0.002675607329831604	500	500	3bab359b248413ff4b82309794d35425270ef3b1017c60cd7de1b91b484ad9f9
race	sentence	paper	global_complete_case_mnar	system	row_pooled	qwen2.5-0.5b-instruct	gemini-2-5-flash-lite-vertex	direction_cosine	mean_cosine	14802	936	592	0.06323469801378193	-0.02318694908940181	-0.05975898442849598	0.011874973947637	500	500	3bab359b248413ff4b82309794d35425270ef3b1017c60cd7de1b91b484ad9f9
race	sentence	paper	global_complete_case_mnar	system	row_pooled	qwen2.5-0.5b-instruct	gemini-2-5-flash-lite-vertex	linear_cka	cka	14802	936	592	0.06323469801378193	0.003236789110087572	0.002275121522614641	0.01206903410440656	500	500	3bab359b248413ff4b82309794d35425270ef3b1017c60cd7de1b91b484ad9f9
race	sentence	paper	global_complete_case_mnar	system	row_pooled	qwen2.5-0.5b-instruct	gemini-2-5-flash-lite-vertex	aitchison_magnitude_r	pearson_r	14802	936	592	0.06323469801378193	0.016655528538175826	-0.03168584558346618	0.07415256165957998	500	500	3bab359b248413ff4b82309794d35425270ef3b1017c60cd7de1b91b484ad9f9
race	sentence	paper	global_complete_case_mnar	system	row_pooled	qwen2.5-0.5b-instruct	gemini-2-5-flash-lite-vertex	fisher_rao_magnitude_r	pearson_r	14802	936	592	0.06323469801378193	0.0294947993719135	-0.027149955860545538	0.09454602981140879	500	500	3bab359b248413ff4b82309794d35425270ef3b1017c60cd7de1b91b484ad9f9
race	sentence	paper	global_complete_case_mnar	system	row_pooled	qwen2.5-0.5b-instruct	gemini-2-5-flash-lite-vertex	fisher_local_magnitude_r	pearson_r	14802	936	592	0.06323469801378193	0.00440615126608784	-0.0465121194950272	0.060729620218599775	500	500	3bab359b248413ff4b82309794d35425270ef3b1017c60cd7de1b91b484ad9f9
race	sentence	paper	global_complete_case_mnar	system	prompt_equal	qwen2.5-0.5b-instruct	gemini-2-5-flash-lite-vertex	signed_frobenius_r	pearson_r	14802	936	592	0.06323469801378193	-0.026250104715660097	-0.05962425881016742	0.004079913956535717	500	500	3bab359b248413ff4b82309794d35425270ef3b1017c60cd7de1b91b484ad9f9
race	sentence	paper	global_complete_case_mnar	system	prompt_equal	qwen2.5-0.5b-instruct	gemini-2-5-flash-lite-vertex	direction_cosine	mean_cosine	14802	936	592	0.06323469801378193	-0.020582100226998808	-0.05988546386587765	0.01798646058070847	500	500	3bab359b248413ff4b82309794d35425270ef3b1017c60cd7de1b91b484ad9f9
race	sentence	paper	global_complete_case_mnar	system	prompt_equal	qwen2.5-0.5b-instruct	gemini-2-5-flash-lite-vertex	linear_cka	cka	14802	936	592	0.06323469801378193	0.0030531991136216034	0.0021216116906054767	0.011594974756829145	500	500	3bab359b248413ff4b82309794d35425270ef3b1017c60cd7de1b91b484ad9f9
race	sentence	paper	global_complete_case_mnar	system	prompt_equal	qwen2.5-0.5b-instruct	gemini-2-5-flash-lite-vertex	aitchison_magnitude_r	pearson_r	14802	936	592	0.06323469801378193	0.0030432300259337205	-0.04713667742015763	0.06179620718134951	500	500	3bab359b248413ff4b82309794d35425270ef3b1017c60cd7de1b91b484ad9f9
race	sentence	paper	global_complete_case_mnar	system	prompt_equal	qwen2.5-0.5b-instruct	gemini-2-5-flash-lite-vertex	fisher_rao_magnitude_r	pearson_r	14802	936	592	0.06323469801378193	0.018962113034782967	-0.03707667535010726	0.0764120015717986	500	500	3bab359b248413ff4b82309794d35425270ef3b1017c60cd7de1b91b484ad9f9
race	sentence	paper	global_complete_case_mnar	system	prompt_equal	qwen2.5-0.5b-instruct	gemini-2-5-flash-lite-vertex	fisher_local_magnitude_r	pearson_r	14802	936	592	0.06323469801378193	-0.010262021089898167	-0.06007286092724522	0.048055113636482544	500	500	3bab359b248413ff4b82309794d35425270ef3b1017c60cd7de1b91b484ad9f9
race	sentence	paper	global_complete_case_mnar	user	row_pooled	qwen2.5-0.5b-instruct	gemini-2-5-flash-lite-vertex	signed_frobenius_r	pearson_r	130742	17703	825	0.1354040782610026	0.10300397475629638	0.08535357084279085	0.11909243702012368	500	500	f4dfff463588ac5ae026c9a5714d6982ed65510e3f0ce476ecc721a02f2aa318
race	sentence	paper	global_complete_case_mnar	user	row_pooled	qwen2.5-0.5b-instruct	gemini-2-5-flash-lite-vertex	direction_cosine	mean_cosine	130742	17703	825	0.1354040782610026	0.0469664610730298	0.032367124332296535	0.061220791035560974	500	500	f4dfff463588ac5ae026c9a5714d6982ed65510e3f0ce476ecc721a02f2aa318
race	sentence	paper	global_complete_case_mnar	user	row_pooled	qwen2.5-0.5b-instruct	gemini-2-5-flash-lite-vertex	linear_cka	cka	130742	17703	825	0.1354040782610026	0.014542313737336044	0.010314134551607176	0.019524665529937348	500	500	f4dfff463588ac5ae026c9a5714d6982ed65510e3f0ce476ecc721a02f2aa318
race	sentence	paper	global_complete_case_mnar	user	row_pooled	qwen2.5-0.5b-instruct	gemini-2-5-flash-lite-vertex	aitchison_magnitude_r	pearson_r	130742	17703	825	0.1354040782610026	0.2409335878205382	0.2151794425399952	0.27081026212759196	500	500	f4dfff463588ac5ae026c9a5714d6982ed65510e3f0ce476ecc721a02f2aa318
race	sentence	paper	global_complete_case_mnar	user	row_pooled	qwen2.5-0.5b-instruct	gemini-2-5-flash-lite-vertex	fisher_rao_magnitude_r	pearson_r	130742	17703	825	0.1354040782610026	0.19125180760823926	0.16920806938870703	0.21416728313801534	500	500	f4dfff463588ac5ae026c9a5714d6982ed65510e3f0ce476ecc721a02f2aa318
race	sentence	paper	global_complete_case_mnar	user	row_pooled	qwen2.5-0.5b-instruct	gemini-2-5-flash-lite-vertex	fisher_local_magnitude_r	pearson_r	130742	17703	825	0.1354040782610026	0.03423985776780378	0.010673279971991436	0.05983927688007	500	500	f4dfff463588ac5ae026c9a5714d6982ed65510e3f0ce476ecc721a02f2aa318
race	sentence	paper	global_complete_case_mnar	user	prompt_equal	qwen2.5-0.5b-instruct	gemini-2-5-flash-lite-vertex	signed_frobenius_r	pearson_r	130742	17703	825	0.1354040782610026	0.11700679450750903	0.09599159861254683	0.13573087377295628	500	500	f4dfff463588ac5ae026c9a5714d6982ed65510e3f0ce476ecc721a02f2aa318
race	sentence	paper	global_complete_case_mnar	user	prompt_equal	qwen2.5-0.5b-instruct	gemini-2-5-flash-lite-vertex	direction_cosine	mean_cosine	130742	17703	825	0.1354040782610026	0.056445179080108654	0.042113907109543984	0.07107522278060419	500	500	f4dfff463588ac5ae026c9a5714d6982ed65510e3f0ce476ecc721a02f2aa318
race	sentence	paper	global_complete_case_mnar	user	prompt_equal	qwen2.5-0.5b-instruct	gemini-2-5-flash-lite-vertex	linear_cka	cka	130742	17703	825	0.1354040782610026	0.019277158183062814	0.01341219719086439	0.026344634924432925	500	500	f4dfff463588ac5ae026c9a5714d6982ed65510e3f0ce476ecc721a02f2aa318
race	sentence	paper	global_complete_case_mnar	user	prompt_equal	qwen2.5-0.5b-instruct	gemini-2-5-flash-lite-vertex	aitchison_magnitude_r	pearson_r	130742	17703	825	0.1354040782610026	0.2488258462198938	0.2211504924939667	0.2793104596501441	500	500	f4dfff463588ac5ae026c9a5714d6982ed65510e3f0ce476ecc721a02f2aa318
race	sentence	paper	global_complete_case_mnar	user	prompt_equal	qwen2.5-0.5b-instruct	gemini-2-5-flash-lite-vertex	fisher_rao_magnitude_r	pearson_r	130742	17703	825	0.1354040782610026	0.18736857433741685	0.16467081391437788	0.21080964009942238	500	500	f4dfff463588ac5ae026c9a5714d6982ed65510e3f0ce476ecc721a02f2aa318
race	sentence	paper	global_complete_case_mnar	user	prompt_equal	qwen2.5-0.5b-instruct	gemini-2-5-flash-lite-vertex	fisher_local_magnitude_r	pearson_r	130742	17703	825	0.1354040782610026	0.03140037423938121	0.007532493026168942	0.05604278316947172	500	500	f4dfff463588ac5ae026c9a5714d6982ed65510e3f0ce476ecc721a02f2aa318
race	sentence	paper	global_complete_case_mnar	prediction	row_pooled	qwen2.5-3b-instruct	llama-3.1-8b-instruct	signed_frobenius_r	pearson_r	4934	825	825	0.16720713417105795	0.6481911284732461	0.6206269659107038	0.6754047874766983	500	500	bb39c2d2fc4a8ec99452fbbab44f2b1aedd932bc8338ac64de82b714d19ca319
race	sentence	paper	global_complete_case_mnar	prediction	row_pooled	qwen2.5-3b-instruct	llama-3.1-8b-instruct	direction_cosine	mean_cosine	4934	825	825	0.16720713417105795	0.6022650291297361	0.5686090818611228	0.6368490545908609	500	500	bb39c2d2fc4a8ec99452fbbab44f2b1aedd932bc8338ac64de82b714d19ca319
race	sentence	paper	global_complete_case_mnar	prediction	row_pooled	qwen2.5-3b-instruct	llama-3.1-8b-instruct	linear_cka	cka	4934	825	825	0.16720713417105795	0.4204198881078748	0.38596442706707434	0.4607382654347115	500	500	bb39c2d2fc4a8ec99452fbbab44f2b1aedd932bc8338ac64de82b714d19ca319
race	sentence	paper	global_complete_case_mnar	all	row_pooled	qwen2.5-3b-instruct	llama-3.1-8b-instruct	signed_frobenius_r	pearson_r	145544	18639	825	0.1280643654152696	0.43039243820855366	0.4064002164281295	0.450994486711776	500	500	51385ad7fc65412a0b97abc35d2d48f0037ab21f612a40fbcc1920f35d7c578e
race	sentence	paper	global_complete_case_mnar	all	row_pooled	qwen2.5-3b-instruct	llama-3.1-8b-instruct	direction_cosine	mean_cosine	145544	18639	825	0.1280643654152696	0.16461815700825388	0.1529280398533665	0.17570409412623061	500	500	51385ad7fc65412a0b97abc35d2d48f0037ab21f612a40fbcc1920f35d7c578e
race	sentence	paper	global_complete_case_mnar	all	row_pooled	qwen2.5-3b-instruct	llama-3.1-8b-instruct	linear_cka	cka	145544	18639	825	0.1280643654152696	0.1897959132117102	0.16947592179792406	0.21038127670938642	500	500	51385ad7fc65412a0b97abc35d2d48f0037ab21f612a40fbcc1920f35d7c578e
race	sentence	paper	global_complete_case_mnar	all	row_pooled	qwen2.5-3b-instruct	llama-3.1-8b-instruct	aitchison_magnitude_r	pearson_r	145544	18639	825	0.1280643654152696	0.5739144016188308	0.5554866386531903	0.5920389026864727	500	500	51385ad7fc65412a0b97abc35d2d48f0037ab21f612a40fbcc1920f35d7c578e
race	sentence	paper	global_complete_case_mnar	all	row_pooled	qwen2.5-3b-instruct	llama-3.1-8b-instruct	fisher_rao_magnitude_r	pearson_r	145544	18639	825	0.1280643654152696	0.4167411327867284	0.391386321713327	0.43842722112226473	500	500	51385ad7fc65412a0b97abc35d2d48f0037ab21f612a40fbcc1920f35d7c578e
race	sentence	paper	global_complete_case_mnar	all	row_pooled	qwen2.5-3b-instruct	llama-3.1-8b-instruct	fisher_local_magnitude_r	pearson_r	145544	18639	825	0.1280643654152696	0.11445744173099087	0.0797768294066237	0.14945057986978377	500	500	51385ad7fc65412a0b97abc35d2d48f0037ab21f612a40fbcc1920f35d7c578e
race	sentence	paper	global_complete_case_mnar	all	prompt_equal	qwen2.5-3b-instruct	llama-3.1-8b-instruct	signed_frobenius_r	pearson_r	145544	18639	825	0.1280643654152696	0.44739959368549564	0.41899745802381044	0.47174984284968013	500	500	51385ad7fc65412a0b97abc35d2d48f0037ab21f612a40fbcc1920f35d7c578e
race	sentence	paper	global_complete_case_mnar	all	prompt_equal	qwen2.5-3b-instruct	llama-3.1-8b-instruct	direction_cosine	mean_cosine	145544	18639	825	0.1280643654152696	0.1775830823327729	0.1646776884930019	0.19000875052256244	500	500	51385ad7fc65412a0b97abc35d2d48f0037ab21f612a40fbcc1920f35d7c578e
race	sentence	paper	global_complete_case_mnar	all	prompt_equal	qwen2.5-3b-instruct	llama-3.1-8b-instruct	linear_cka	cka	145544	18639	825	0.1280643654152696	0.20331412279446984	0.17831407768617752	0.22903080171004167	500	500	51385ad7fc65412a0b97abc35d2d48f0037ab21f612a40fbcc1920f35d7c578e
race	sentence	paper	global_complete_case_mnar	all	prompt_equal	qwen2.5-3b-instruct	llama-3.1-8b-instruct	aitchison_magnitude_r	pearson_r	145544	18639	825	0.1280643654152696	0.5745152097284907	0.5523919429634703	0.596963496240735	500	500	51385ad7fc65412a0b97abc35d2d48f0037ab21f612a40fbcc1920f35d7c578e
race	sentence	paper	global_complete_case_mnar	all	prompt_equal	qwen2.5-3b-instruct	llama-3.1-8b-instruct	fisher_rao_magnitude_r	pearson_r	145544	18639	825	0.1280643654152696	0.42491720142401346	0.3974900108474529	0.4518902021690504	500	500	51385ad7fc65412a0b97abc35d2d48f0037ab21f612a40fbcc1920f35d7c578e
race	sentence	paper	global_complete_case_mnar	all	prompt_equal	qwen2.5-3b-instruct	llama-3.1-8b-instruct	fisher_local_magnitude_r	pearson_r	145544	18639	825	0.1280643654152696	0.11554501305885927	0.07923767070526905	0.15051081848233633	500	500	51385ad7fc65412a0b97abc35d2d48f0037ab21f612a40fbcc1920f35d7c578e
race	sentence	paper	global_complete_case_mnar	system	row_pooled	qwen2.5-3b-instruct	llama-3.1-8b-instruct	signed_frobenius_r	pearson_r	14802	936	592	0.06323469801378193	0.1088519929578125	0.06921721795551698	0.15166127686266823	500	500	3bab359b248413ff4b82309794d35425270ef3b1017c60cd7de1b91b484ad9f9
race	sentence	paper	global_complete_case_mnar	system	row_pooled	qwen2.5-3b-instruct	llama-3.1-8b-instruct	direction_cosine	mean_cosine	14802	936	592	0.06323469801378193	0.0681488497545573	0.029414772967349775	0.10489816504179628	500	500	3bab359b248413ff4b82309794d35425270ef3b1017c60cd7de1b91b484ad9f9
race	sentence	paper	global_complete_case_mnar	system	row_pooled	qwen2.5-3b-instruct	llama-3.1-8b-instruct	linear_cka	cka	14802	936	592	0.06323469801378193	0.019090701773087186	0.012523292403530686	0.036513198588662976	500	500	3bab359b248413ff4b82309794d35425270ef3b1017c60cd7de1b91b484ad9f9
race	sentence	paper	global_complete_case_mnar	system	row_pooled	qwen2.5-3b-instruct	llama-3.1-8b-instruct	aitchison_magnitude_r	pearson_r	14802	936	592	0.06323469801378193	0.27663705308133174	0.2165647886858617	0.3423042058625024	500	500	3bab359b248413ff4b82309794d35425270ef3b1017c60cd7de1b91b484ad9f9
race	sentence	paper	global_complete_case_mnar	system	row_pooled	qwen2.5-3b-instruct	llama-3.1-8b-instruct	fisher_rao_magnitude_r	pearson_r	14802	936	592	0.06323469801378193	0.14134675804423352	0.07665406299180251	0.20388233669954672	500	500	3bab359b248413ff4b82309794d35425270ef3b1017c60cd7de1b91b484ad9f9
race	sentence	paper	global_complete_case_mnar	system	row_pooled	qwen2.5-3b-instruct	llama-3.1-8b-instruct	fisher_local_magnitude_r	pearson_r	14802	936	592	0.06323469801378193	0.05881137911543194	-0.005957787131758418	0.14811645732436662	500	500	3bab359b248413ff4b82309794d35425270ef3b1017c60cd7de1b91b484ad9f9
race	sentence	paper	global_complete_case_mnar	system	prompt_equal	qwen2.5-3b-instruct	llama-3.1-8b-instruct	signed_frobenius_r	pearson_r	14802	936	592	0.06323469801378193	0.1100026030097726	0.07084051622996008	0.15009801303615714	500	500	3bab359b248413ff4b82309794d35425270ef3b1017c60cd7de1b91b484ad9f9
race	sentence	paper	global_complete_case_mnar	system	prompt_equal	qwen2.5-3b-instruct	llama-3.1-8b-instruct	direction_cosine	mean_cosine	14802	936	592	0.06323469801378193	0.05860978178055134	0.016110535825747212	0.10081023690761368	500	500	3bab359b248413ff4b82309794d35425270ef3b1017c60cd7de1b91b484ad9f9
race	sentence	paper	global_complete_case_mnar	system	prompt_equal	qwen2.5-3b-instruct	llama-3.1-8b-instruct	linear_cka	cka	14802	936	592	0.06323469801378193	0.019506964244065114	0.011826377316857428	0.040312287325048254	500	500	3bab359b248413ff4b82309794d35425270ef3b1017c60cd7de1b91b484ad9f9
race	sentence	paper	global_complete_case_mnar	system	prompt_equal	qwen2.5-3b-instruct	llama-3.1-8b-instruct	aitchison_magnitude_r	pearson_r	14802	936	592	0.06323469801378193	0.29004123244802127	0.2251032500589426	0.36315568318466523	500	500	3bab359b248413ff4b82309794d35425270ef3b1017c60cd7de1b91b484ad9f9
race	sentence	paper	global_complete_case_mnar	system	prompt_equal	qwen2.5-3b-instruct	llama-3.1-8b-instruct	fisher_rao_magnitude_r	pearson_r	14802	936	592	0.06323469801378193	0.1589879798071183	0.0972468979107009	0.23030098773764335	500	500	3bab359b248413ff4b82309794d35425270ef3b1017c60cd7de1b91b484ad9f9
race	sentence	paper	global_complete_case_mnar	system	prompt_equal	qwen2.5-3b-instruct	llama-3.1-8b-instruct	fisher_local_magnitude_r	pearson_r	14802	936	592	0.06323469801378193	0.07119999405812537	0.009576337650635959	0.1550327687650185	500	500	3bab359b248413ff4b82309794d35425270ef3b1017c60cd7de1b91b484ad9f9
race	sentence	paper	global_complete_case_mnar	user	row_pooled	qwen2.5-3b-instruct	llama-3.1-8b-instruct	signed_frobenius_r	pearson_r	130742	17703	825	0.1354040782610026	0.43445443898578956	0.41169907447896753	0.45493968483496205	500	500	f4dfff463588ac5ae026c9a5714d6982ed65510e3f0ce476ecc721a02f2aa318
race	sentence	paper	global_complete_case_mnar	user	row_pooled	qwen2.5-3b-instruct	llama-3.1-8b-instruct	direction_cosine	mean_cosine	130742	17703	825	0.1354040782610026	0.16971872027942037	0.15860978307493287	0.1808113762840771	500	500	f4dfff463588ac5ae026c9a5714d6982ed65510e3f0ce476ecc721a02f2aa318
race	sentence	paper	global_complete_case_mnar	user	row_pooled	qwen2.5-3b-instruct	llama-3.1-8b-instruct	linear_cka	cka	130742	17703	825	0.1354040782610026	0.19340502322279918	0.17312669292763008	0.21328839692789714	500	500	f4dfff463588ac5ae026c9a5714d6982ed65510e3f0ce476ecc721a02f2aa318
race	sentence	paper	global_complete_case_mnar	user	row_pooled	qwen2.5-3b-instruct	llama-3.1-8b-instruct	aitchison_magnitude_r	pearson_r	130742	17703	825	0.1354040782610026	0.5747638997865678	0.5535150091048952	0.5945366081034309	500	500	f4dfff463588ac5ae026c9a5714d6982ed65510e3f0ce476ecc721a02f2aa318
race	sentence	paper	global_complete_case_mnar	user	row_pooled	qwen2.5-3b-instruct	llama-3.1-8b-instruct	fisher_rao_magnitude_r	pearson_r	130742	17703	825	0.1354040782610026	0.4187263194967359	0.39646555198840067	0.44254871612696645	500	500	f4dfff463588ac5ae026c9a5714d6982ed65510e3f0ce476ecc721a02f2aa318
race	sentence	paper	global_complete_case_mnar	user	row_pooled	qwen2.5-3b-instruct	llama-3.1-8b-instruct	fisher_local_magnitude_r	pearson_r	130742	17703	825	0.1354040782610026	0.1144551711846551	0.08128998878785637	0.14824396599351808	500	500	f4dfff463588ac5ae026c9a5714d6982ed65510e3f0ce476ecc721a02f2aa318
race	sentence	paper	global_complete_case_mnar	user	prompt_equal	qwen2.5-3b-instruct	llama-3.1-8b-instruct	signed_frobenius_r	pearson_r	130742	17703	825	0.1354040782610026	0.4493356515130659	0.42304331483741586	0.47398020834231197	500	500	f4dfff463588ac5ae026c9a5714d6982ed65510e3f0ce476ecc721a02f2aa318
race	sentence	paper	global_complete_case_mnar	user	prompt_equal	qwen2.5-3b-instruct	llama-3.1-8b-instruct	direction_cosine	mean_cosine	130742	17703	825	0.1354040782610026	0.18313712026581216	0.17143180363689384	0.19534729252347333	500	500	f4dfff463588ac5ae026c9a5714d6982ed65510e3f0ce476ecc721a02f2aa318
race	sentence	paper	global_complete_case_mnar	user	prompt_equal	qwen2.5-3b-instruct	llama-3.1-8b-instruct	linear_cka	cka	130742	17703	825	0.1354040782610026	0.2049305166995195	0.1804994196945218	0.22771462310648077	500	500	f4dfff463588ac5ae026c9a5714d6982ed65510e3f0ce476ecc721a02f2aa318
race	sentence	paper	global_complete_case_mnar	user	prompt_equal	qwen2.5-3b-instruct	llama-3.1-8b-instruct	aitchison_magnitude_r	pearson_r	130742	17703	825	0.1354040782610026	0.5726763651781873	0.5497780484955094	0.5941084566613438	500	500	f4dfff463588ac5ae026c9a5714d6982ed65510e3f0ce476ecc721a02f2aa318
race	sentence	paper	global_complete_case_mnar	user	prompt_equal	qwen2.5-3b-instruct	llama-3.1-8b-instruct	fisher_rao_magnitude_r	pearson_r	130742	17703	825	0.1354040782610026	0.42468822908080806	0.3993897058672227	0.44888308444703845	500	500	f4dfff463588ac5ae026c9a5714d6982ed65510e3f0ce476ecc721a02f2aa318
race	sentence	paper	global_complete_case_mnar	user	prompt_equal	qwen2.5-3b-instruct	llama-3.1-8b-instruct	fisher_local_magnitude_r	pearson_r	130742	17703	825	0.1354040782610026	0.11404595480037946	0.08153360651553113	0.1469350921016516	500	500	f4dfff463588ac5ae026c9a5714d6982ed65510e3f0ce476ecc721a02f2aa318
race	sentence	paper	global_complete_case_mnar	prediction	row_pooled	qwen2.5-3b-instruct	qwen2.5-7b-instruct	signed_frobenius_r	pearson_r	4934	825	825	0.16720713417105795	0.7245198769712501	0.6984840874004665	0.746030011723012	500	500	bb39c2d2fc4a8ec99452fbbab44f2b1aedd932bc8338ac64de82b714d19ca319
race	sentence	paper	global_complete_case_mnar	prediction	row_pooled	qwen2.5-3b-instruct	qwen2.5-7b-instruct	direction_cosine	mean_cosine	4934	825	825	0.16720713417105795	0.6655798782830924	0.6335326105709467	0.691147028604733	500	500	bb39c2d2fc4a8ec99452fbbab44f2b1aedd932bc8338ac64de82b714d19ca319
race	sentence	paper	global_complete_case_mnar	prediction	row_pooled	qwen2.5-3b-instruct	qwen2.5-7b-instruct	linear_cka	cka	4934	825	825	0.16720713417105795	0.5209850407514838	0.4871117921689686	0.5543906290439726	500	500	bb39c2d2fc4a8ec99452fbbab44f2b1aedd932bc8338ac64de82b714d19ca319
race	sentence	paper	global_complete_case_mnar	all	row_pooled	qwen2.5-3b-instruct	qwen2.5-7b-instruct	signed_frobenius_r	pearson_r	145544	18639	825	0.1280643654152696	0.4870873253313327	0.4636450271363619	0.5086883652274719	500	500	51385ad7fc65412a0b97abc35d2d48f0037ab21f612a40fbcc1920f35d7c578e
race	sentence	paper	global_complete_case_mnar	all	row_pooled	qwen2.5-3b-instruct	qwen2.5-7b-instruct	direction_cosine	mean_cosine	145544	18639	825	0.1280643654152696	0.21463645095378078	0.20401511752828708	0.22753279939367782	500	500	51385ad7fc65412a0b97abc35d2d48f0037ab21f612a40fbcc1920f35d7c578e
race	sentence	paper	global_complete_case_mnar	all	row_pooled	qwen2.5-3b-instruct	qwen2.5-7b-instruct	linear_cka	cka	145544	18639	825	0.1280643654152696	0.23461787557093522	0.21325335141657015	0.2573776628595434	500	500	51385ad7fc65412a0b97abc35d2d48f0037ab21f612a40fbcc1920f35d7c578e
race	sentence	paper	global_complete_case_mnar	all	row_pooled	qwen2.5-3b-instruct	qwen2.5-7b-instruct	aitchison_magnitude_r	pearson_r	145544	18639	825	0.1280643654152696	0.6326381345922315	0.6152782636944807	0.6481966198372622	500	500	51385ad7fc65412a0b97abc35d2d48f0037ab21f612a40fbcc1920f35d7c578e
race	sentence	paper	global_complete_case_mnar	all	row_pooled	qwen2.5-3b-instruct	qwen2.5-7b-instruct	fisher_rao_magnitude_r	pearson_r	145544	18639	825	0.1280643654152696	0.3793377926096522	0.35317269617305613	0.4037749756905807	500	500	51385ad7fc65412a0b97abc35d2d48f0037ab21f612a40fbcc1920f35d7c578e
race	sentence	paper	global_complete_case_mnar	all	row_pooled	qwen2.5-3b-instruct	qwen2.5-7b-instruct	fisher_local_magnitude_r	pearson_r	145544	18639	825	0.1280643654152696	0.06505354244178932	0.02860602732525374	0.1123165630153323	500	500	51385ad7fc65412a0b97abc35d2d48f0037ab21f612a40fbcc1920f35d7c578e
race	sentence	paper	global_complete_case_mnar	all	prompt_equal	qwen2.5-3b-instruct	qwen2.5-7b-instruct	signed_frobenius_r	pearson_r	145544	18639	825	0.1280643654152696	0.5072213808188681	0.48087860337828503	0.5322749662982386	500	500	51385ad7fc65412a0b97abc35d2d48f0037ab21f612a40fbcc1920f35d7c578e
race	sentence	paper	global_complete_case_mnar	all	prompt_equal	qwen2.5-3b-instruct	qwen2.5-7b-instruct	direction_cosine	mean_cosine	145544	18639	825	0.1280643654152696	0.23665113599388837	0.22404659527914372	0.25026415043565753	500	500	51385ad7fc65412a0b97abc35d2d48f0037ab21f612a40fbcc1920f35d7c578e
race	sentence	paper	global_complete_case_mnar	all	prompt_equal	qwen2.5-3b-instruct	qwen2.5-7b-instruct	linear_cka	cka	145544	18639	825	0.1280643654152696	0.2550023304955492	0.2297565175282991	0.2823731122837078	500	500	51385ad7fc65412a0b97abc35d2d48f0037ab21f612a40fbcc1920f35d7c578e
race	sentence	paper	global_complete_case_mnar	all	prompt_equal	qwen2.5-3b-instruct	qwen2.5-7b-instruct	aitchison_magnitude_r	pearson_r	145544	18639	825	0.1280643654152696	0.6370969542985253	0.6184087356733737	0.6544075245898858	500	500	51385ad7fc65412a0b97abc35d2d48f0037ab21f612a40fbcc1920f35d7c578e
race	sentence	paper	global_complete_case_mnar	all	prompt_equal	qwen2.5-3b-instruct	qwen2.5-7b-instruct	fisher_rao_magnitude_r	pearson_r	145544	18639	825	0.1280643654152696	0.3876532550371183	0.3593935553027199	0.4137737424429653	500	500	51385ad7fc65412a0b97abc35d2d48f0037ab21f612a40fbcc1920f35d7c578e
race	sentence	paper	global_complete_case_mnar	all	prompt_equal	qwen2.5-3b-instruct	qwen2.5-7b-instruct	fisher_local_magnitude_r	pearson_r	145544	18639	825	0.1280643654152696	0.06282260228858562	0.020935235747150907	0.11133719155729663	500	500	51385ad7fc65412a0b97abc35d2d48f0037ab21f612a40fbcc1920f35d7c578e
race	sentence	paper	global_complete_case_mnar	system	row_pooled	qwen2.5-3b-instruct	qwen2.5-7b-instruct	signed_frobenius_r	pearson_r	14802	936	592	0.06323469801378193	-0.06265753514322599	-0.11037486669270909	-0.016191067599724423	500	500	3bab359b248413ff4b82309794d35425270ef3b1017c60cd7de1b91b484ad9f9
race	sentence	paper	global_complete_case_mnar	system	row_pooled	qwen2.5-3b-instruct	qwen2.5-7b-instruct	direction_cosine	mean_cosine	14802	936	592	0.06323469801378193	-0.09771448702371134	-0.13541236866632636	-0.06284913953680205	500	500	3bab359b248413ff4b82309794d35425270ef3b1017c60cd7de1b91b484ad9f9
race	sentence	paper	global_complete_case_mnar	system	row_pooled	qwen2.5-3b-instruct	qwen2.5-7b-instruct	linear_cka	cka	14802	936	592	0.06323469801378193	0.016942197445146488	0.011222373056731547	0.032062461042758866	500	500	3bab359b248413ff4b82309794d35425270ef3b1017c60cd7de1b91b484ad9f9
race	sentence	paper	global_complete_case_mnar	system	row_pooled	qwen2.5-3b-instruct	qwen2.5-7b-instruct	aitchison_magnitude_r	pearson_r	14802	936	592	0.06323469801378193	0.3233490747142449	0.2736362528123891	0.3789295777542523	500	500	3bab359b248413ff4b82309794d35425270ef3b1017c60cd7de1b91b484ad9f9
race	sentence	paper	global_complete_case_mnar	system	row_pooled	qwen2.5-3b-instruct	qwen2.5-7b-instruct	fisher_rao_magnitude_r	pearson_r	14802	936	592	0.06323469801378193	0.04955236932465387	-0.011128513994641027	0.1229017711010485	500	500	3bab359b248413ff4b82309794d35425270ef3b1017c60cd7de1b91b484ad9f9
race	sentence	paper	global_complete_case_mnar	system	row_pooled	qwen2.5-3b-instruct	qwen2.5-7b-instruct	fisher_local_magnitude_r	pearson_r	14802	936	592	0.06323469801378193	0.010555645396094646	-0.03529999971003712	0.06796582640798797	500	500	3bab359b248413ff4b82309794d35425270ef3b1017c60cd7de1b91b484ad9f9
race	sentence	paper	global_complete_case_mnar	system	prompt_equal	qwen2.5-3b-instruct	qwen2.5-7b-instruct	signed_frobenius_r	pearson_r	14802	936	592	0.06323469801378193	-0.05969238333908647	-0.10837684584102833	-0.011447070748247573	500	500	3bab359b248413ff4b82309794d35425270ef3b1017c60cd7de1b91b484ad9f9
race	sentence	paper	global_complete_case_mnar	system	prompt_equal	qwen2.5-3b-instruct	qwen2.5-7b-instruct	direction_cosine	mean_cosine	14802	936	592	0.06323469801378193	-0.1053403091372698	-0.14753331905318565	-0.06857143553960884	500	500	3bab359b248413ff4b82309794d35425270ef3b1017c60cd7de1b91b484ad9f9
race	sentence	paper	global_complete_case_mnar	system	prompt_equal	qwen2.5-3b-instruct	qwen2.5-7b-instruct	linear_cka	cka	14802	936	592	0.06323469801378193	0.017057201582864046	0.011672894957165886	0.03384058118034303	500	500	3bab359b248413ff4b82309794d35425270ef3b1017c60cd7de1b91b484ad9f9
race	sentence	paper	global_complete_case_mnar	system	prompt_equal	qwen2.5-3b-instruct	qwen2.5-7b-instruct	aitchison_magnitude_r	pearson_r	14802	936	592	0.06323469801378193	0.3268772901856884	0.2818691025575151	0.38186760737577924	500	500	3bab359b248413ff4b82309794d35425270ef3b1017c60cd7de1b91b484ad9f9
race	sentence	paper	global_complete_case_mnar	system	prompt_equal	qwen2.5-3b-instruct	qwen2.5-7b-instruct	fisher_rao_magnitude_r	pearson_r	14802	936	592	0.06323469801378193	0.05828382945697542	-0.0036942209237352613	0.1355664277637911	500	500	3bab359b248413ff4b82309794d35425270ef3b1017c60cd7de1b91b484ad9f9
race	sentence	paper	global_complete_case_mnar	system	prompt_equal	qwen2.5-3b-instruct	qwen2.5-7b-instruct	fisher_local_magnitude_r	pearson_r	14802	936	592	0.06323469801378193	0.026004790949964204	-0.0219422304742044	0.08718055861784918	500	500	3bab359b248413ff4b82309794d35425270ef3b1017c60cd7de1b91b484ad9f9
race	sentence	paper	global_complete_case_mnar	user	row_pooled	qwen2.5-3b-instruct	qwen2.5-7b-instruct	signed_frobenius_r	pearson_r	130742	17703	825	0.1354040782610026	0.49275787994112275	0.4714018735642494	0.5148903418237822	500	500	f4dfff463588ac5ae026c9a5714d6982ed65510e3f0ce476ecc721a02f2aa318
race	sentence	paper	global_complete_case_mnar	user	row_pooled	qwen2.5-3b-instruct	qwen2.5-7b-instruct	direction_cosine	mean_cosine	130742	17703	825	0.1354040782610026	0.23115119297190947	0.21732170818478364	0.2439224115740543	500	500	f4dfff463588ac5ae026c9a5714d6982ed65510e3f0ce476ecc721a02f2aa318
race	sentence	paper	global_complete_case_mnar	user	row_pooled	qwen2.5-3b-instruct	qwen2.5-7b-instruct	linear_cka	cka	130742	17703	825	0.1354040782610026	0.2399018509354982	0.21937906906496038	0.26261919190911087	500	500	f4dfff463588ac5ae026c9a5714d6982ed65510e3f0ce476ecc721a02f2aa318
race	sentence	paper	global_complete_case_mnar	user	row_pooled	qwen2.5-3b-instruct	qwen2.5-7b-instruct	aitchison_magnitude_r	pearson_r	130742	17703	825	0.1354040782610026	0.6324500784178486	0.6158296929633894	0.6500282975554926	500	500	f4dfff463588ac5ae026c9a5714d6982ed65510e3f0ce476ecc721a02f2aa318
race	sentence	paper	global_complete_case_mnar	user	row_pooled	qwen2.5-3b-instruct	qwen2.5-7b-instruct	fisher_rao_magnitude_r	pearson_r	130742	17703	825	0.1354040782610026	0.38146238945179756	0.3571822871728103	0.40714026667954195	500	500	f4dfff463588ac5ae026c9a5714d6982ed65510e3f0ce476ecc721a02f2aa318
race	sentence	paper	global_complete_case_mnar	user	row_pooled	qwen2.5-3b-instruct	qwen2.5-7b-instruct	fisher_local_magnitude_r	pearson_r	130742	17703	825	0.1354040782610026	0.06498415612641548	0.023483200800760554	0.1079712866592341	500	500	f4dfff463588ac5ae026c9a5714d6982ed65510e3f0ce476ecc721a02f2aa318
race	sentence	paper	global_complete_case_mnar	user	prompt_equal	qwen2.5-3b-instruct	qwen2.5-7b-instruct	signed_frobenius_r	pearson_r	130742	17703	825	0.1354040782610026	0.5105053817123114	0.48609565372225333	0.5354146643552274	500	500	f4dfff463588ac5ae026c9a5714d6982ed65510e3f0ce476ecc721a02f2aa318
race	sentence	paper	global_complete_case_mnar	user	prompt_equal	qwen2.5-3b-instruct	qwen2.5-7b-instruct	direction_cosine	mean_cosine	130742	17703	825	0.1354040782610026	0.25326558386826764	0.2396531813637543	0.2660099959844748	500	500	f4dfff463588ac5ae026c9a5714d6982ed65510e3f0ce476ecc721a02f2aa318
race	sentence	paper	global_complete_case_mnar	user	prompt_equal	qwen2.5-3b-instruct	qwen2.5-7b-instruct	linear_cka	cka	130742	17703	825	0.1354040782610026	0.2581335209302252	0.23428735810876872	0.2847612296760979	500	500	f4dfff463588ac5ae026c9a5714d6982ed65510e3f0ce476ecc721a02f2aa318
race	sentence	paper	global_complete_case_mnar	user	prompt_equal	qwen2.5-3b-instruct	qwen2.5-7b-instruct	aitchison_magnitude_r	pearson_r	130742	17703	825	0.1354040782610026	0.634423346254546	0.615591379298706	0.6547750246146802	500	500	f4dfff463588ac5ae026c9a5714d6982ed65510e3f0ce476ecc721a02f2aa318
race	sentence	paper	global_complete_case_mnar	user	prompt_equal	qwen2.5-3b-instruct	qwen2.5-7b-instruct	fisher_rao_magnitude_r	pearson_r	130742	17703	825	0.1354040782610026	0.38758930219055093	0.35891399582038636	0.41697951988742854	500	500	f4dfff463588ac5ae026c9a5714d6982ed65510e3f0ce476ecc721a02f2aa318
race	sentence	paper	global_complete_case_mnar	user	prompt_equal	qwen2.5-3b-instruct	qwen2.5-7b-instruct	fisher_local_magnitude_r	pearson_r	130742	17703	825	0.1354040782610026	0.06189466451082809	0.021074474409213482	0.10317804572096327	500	500	f4dfff463588ac5ae026c9a5714d6982ed65510e3f0ce476ecc721a02f2aa318
race	sentence	paper	global_complete_case_mnar	prediction	row_pooled	qwen2.5-3b-instruct	qwen2.5-14b-instruct	signed_frobenius_r	pearson_r	4934	825	825	0.16720713417105795	0.7103166817368065	0.6866300623331116	0.735228678848622	500	500	bb39c2d2fc4a8ec99452fbbab44f2b1aedd932bc8338ac64de82b714d19ca319
race	sentence	paper	global_complete_case_mnar	prediction	row_pooled	qwen2.5-3b-instruct	qwen2.5-14b-instruct	direction_cosine	mean_cosine	4934	825	825	0.16720713417105795	0.6736348294493506	0.6444124207315453	0.7019030779862128	500	500	bb39c2d2fc4a8ec99452fbbab44f2b1aedd932bc8338ac64de82b714d19ca319
race	sentence	paper	global_complete_case_mnar	prediction	row_pooled	qwen2.5-3b-instruct	qwen2.5-14b-instruct	linear_cka	cka	4934	825	825	0.16720713417105795	0.5078791579764989	0.47620847060277843	0.5459025588312019	500	500	bb39c2d2fc4a8ec99452fbbab44f2b1aedd932bc8338ac64de82b714d19ca319
race	sentence	paper	global_complete_case_mnar	all	row_pooled	qwen2.5-3b-instruct	qwen2.5-14b-instruct	signed_frobenius_r	pearson_r	145544	18639	825	0.1280643654152696	0.45471714841302785	0.4340471938768858	0.47618102804915063	500	500	51385ad7fc65412a0b97abc35d2d48f0037ab21f612a40fbcc1920f35d7c578e
race	sentence	paper	global_complete_case_mnar	all	row_pooled	qwen2.5-3b-instruct	qwen2.5-14b-instruct	direction_cosine	mean_cosine	145544	18639	825	0.1280643654152696	0.19694390006026238	0.1829616123066366	0.20918672288277432	500	500	51385ad7fc65412a0b97abc35d2d48f0037ab21f612a40fbcc1920f35d7c578e
race	sentence	paper	global_complete_case_mnar	all	row_pooled	qwen2.5-3b-instruct	qwen2.5-14b-instruct	linear_cka	cka	145544	18639	825	0.1280643654152696	0.2077637861733492	0.1896790883707342	0.22925462450924275	500	500	51385ad7fc65412a0b97abc35d2d48f0037ab21f612a40fbcc1920f35d7c578e
race	sentence	paper	global_complete_case_mnar	all	row_pooled	qwen2.5-3b-instruct	qwen2.5-14b-instruct	aitchison_magnitude_r	pearson_r	145544	18639	825	0.1280643654152696	0.6161333798027715	0.5998646673654754	0.6353454403938135	500	500	51385ad7fc65412a0b97abc35d2d48f0037ab21f612a40fbcc1920f35d7c578e
race	sentence	paper	global_complete_case_mnar	all	row_pooled	qwen2.5-3b-instruct	qwen2.5-14b-instruct	fisher_rao_magnitude_r	pearson_r	145544	18639	825	0.1280643654152696	0.36069794206878436	0.33322279390062615	0.3895651627113957	500	500	51385ad7fc65412a0b97abc35d2d48f0037ab21f612a40fbcc1920f35d7c578e
race	sentence	paper	global_complete_case_mnar	all	row_pooled	qwen2.5-3b-instruct	qwen2.5-14b-instruct	fisher_local_magnitude_r	pearson_r	145544	18639	825	0.1280643654152696	0.11742451316394828	0.05255321087103339	0.18457199207009922	500	500	51385ad7fc65412a0b97abc35d2d48f0037ab21f612a40fbcc1920f35d7c578e
race	sentence	paper	global_complete_case_mnar	all	prompt_equal	qwen2.5-3b-instruct	qwen2.5-14b-instruct	signed_frobenius_r	pearson_r	145544	18639	825	0.1280643654152696	0.4742226075460763	0.4516082618265537	0.49664285558541577	500	500	51385ad7fc65412a0b97abc35d2d48f0037ab21f612a40fbcc1920f35d7c578e
race	sentence	paper	global_complete_case_mnar	all	prompt_equal	qwen2.5-3b-instruct	qwen2.5-14b-instruct	direction_cosine	mean_cosine	145544	18639	825	0.1280643654152696	0.2194167311559461	0.20576286002166572	0.23219187080803672	500	500	51385ad7fc65412a0b97abc35d2d48f0037ab21f612a40fbcc1920f35d7c578e
race	sentence	paper	global_complete_case_mnar	all	prompt_equal	qwen2.5-3b-instruct	qwen2.5-14b-instruct	linear_cka	cka	145544	18639	825	0.1280643654152696	0.22660201078495992	0.20501335549866356	0.24914030798169404	500	500	51385ad7fc65412a0b97abc35d2d48f0037ab21f612a40fbcc1920f35d7c578e
race	sentence	paper	global_complete_case_mnar	all	prompt_equal	qwen2.5-3b-instruct	qwen2.5-14b-instruct	aitchison_magnitude_r	pearson_r	145544	18639	825	0.1280643654152696	0.6211562239371573	0.6026208256369917	0.6410582213506565	500	500	51385ad7fc65412a0b97abc35d2d48f0037ab21f612a40fbcc1920f35d7c578e
race	sentence	paper	global_complete_case_mnar	all	prompt_equal	qwen2.5-3b-instruct	qwen2.5-14b-instruct	fisher_rao_magnitude_r	pearson_r	145544	18639	825	0.1280643654152696	0.369929833979002	0.34239361995522916	0.3994865318792678	500	500	51385ad7fc65412a0b97abc35d2d48f0037ab21f612a40fbcc1920f35d7c578e
race	sentence	paper	global_complete_case_mnar	all	prompt_equal	qwen2.5-3b-instruct	qwen2.5-14b-instruct	fisher_local_magnitude_r	pearson_r	145544	18639	825	0.1280643654152696	0.10832908513200251	0.042816116578841004	0.1791478957556955	500	500	51385ad7fc65412a0b97abc35d2d48f0037ab21f612a40fbcc1920f35d7c578e
race	sentence	paper	global_complete_case_mnar	system	row_pooled	qwen2.5-3b-instruct	qwen2.5-14b-instruct	signed_frobenius_r	pearson_r	14802	936	592	0.06323469801378193	-0.040527993962161876	-0.08489172811275848	0.001373873905933689	500	500	3bab359b248413ff4b82309794d35425270ef3b1017c60cd7de1b91b484ad9f9
race	sentence	paper	global_complete_case_mnar	system	row_pooled	qwen2.5-3b-instruct	qwen2.5-14b-instruct	direction_cosine	mean_cosine	14802	936	592	0.06323469801378193	-0.06677906767582195	-0.10117761036850954	-0.028350585246790527	500	500	3bab359b248413ff4b82309794d35425270ef3b1017c60cd7de1b91b484ad9f9
race	sentence	paper	global_complete_case_mnar	system	row_pooled	qwen2.5-3b-instruct	qwen2.5-14b-instruct	linear_cka	cka	14802	936	592	0.06323469801378193	0.005767093878881523	0.003468167520444076	0.017098239003801377	500	500	3bab359b248413ff4b82309794d35425270ef3b1017c60cd7de1b91b484ad9f9
race	sentence	paper	global_complete_case_mnar	system	row_pooled	qwen2.5-3b-instruct	qwen2.5-14b-instruct	aitchison_magnitude_r	pearson_r	14802	936	592	0.06323469801378193	0.1267662235679919	0.07233758749373824	0.1817694073250958	500	500	3bab359b248413ff4b82309794d35425270ef3b1017c60cd7de1b91b484ad9f9
race	sentence	paper	global_complete_case_mnar	system	row_pooled	qwen2.5-3b-instruct	qwen2.5-14b-instruct	fisher_rao_magnitude_r	pearson_r	14802	936	592	0.06323469801378193	0.027834625928146818	-0.04344053318558674	0.11287185192731129	500	500	3bab359b248413ff4b82309794d35425270ef3b1017c60cd7de1b91b484ad9f9
race	sentence	paper	global_complete_case_mnar	system	row_pooled	qwen2.5-3b-instruct	qwen2.5-14b-instruct	fisher_local_magnitude_r	pearson_r	14802	936	592	0.06323469801378193	0.04330478197431524	-0.03456458029945856	0.13763266032139496	500	500	3bab359b248413ff4b82309794d35425270ef3b1017c60cd7de1b91b484ad9f9
race	sentence	paper	global_complete_case_mnar	system	prompt_equal	qwen2.5-3b-instruct	qwen2.5-14b-instruct	signed_frobenius_r	pearson_r	14802	936	592	0.06323469801378193	-0.037022916032712246	-0.08117684052405623	0.0008183664237135713	500	500	3bab359b248413ff4b82309794d35425270ef3b1017c60cd7de1b91b484ad9f9
race	sentence	paper	global_complete_case_mnar	system	prompt_equal	qwen2.5-3b-instruct	qwen2.5-14b-instruct	direction_cosine	mean_cosine	14802	936	592	0.06323469801378193	-0.06963213983531448	-0.10740057542642721	-0.0310202962588038	500	500	3bab359b248413ff4b82309794d35425270ef3b1017c60cd7de1b91b484ad9f9
race	sentence	paper	global_complete_case_mnar	system	prompt_equal	qwen2.5-3b-instruct	qwen2.5-14b-instruct	linear_cka	cka	14802	936	592	0.06323469801378193	0.005706078051716538	0.0037514198248125735	0.01686042217784425	500	500	3bab359b248413ff4b82309794d35425270ef3b1017c60cd7de1b91b484ad9f9
race	sentence	paper	global_complete_case_mnar	system	prompt_equal	qwen2.5-3b-instruct	qwen2.5-14b-instruct	aitchison_magnitude_r	pearson_r	14802	936	592	0.06323469801378193	0.12974588741447163	0.07111357216212044	0.1915493513397344	500	500	3bab359b248413ff4b82309794d35425270ef3b1017c60cd7de1b91b484ad9f9
race	sentence	paper	global_complete_case_mnar	system	prompt_equal	qwen2.5-3b-instruct	qwen2.5-14b-instruct	fisher_rao_magnitude_r	pearson_r	14802	936	592	0.06323469801378193	0.021837000594748458	-0.04210311591602825	0.09972464446235574	500	500	3bab359b248413ff4b82309794d35425270ef3b1017c60cd7de1b91b484ad9f9
race	sentence	paper	global_complete_case_mnar	system	prompt_equal	qwen2.5-3b-instruct	qwen2.5-14b-instruct	fisher_local_magnitude_r	pearson_r	14802	936	592	0.06323469801378193	0.03919217903809126	-0.03372080133145787	0.13397873265539437	500	500	3bab359b248413ff4b82309794d35425270ef3b1017c60cd7de1b91b484ad9f9
race	sentence	paper	global_complete_case_mnar	user	row_pooled	qwen2.5-3b-instruct	qwen2.5-14b-instruct	signed_frobenius_r	pearson_r	130742	17703	825	0.1354040782610026	0.4596288616872148	0.44081746529398397	0.48175866356960384	500	500	f4dfff463588ac5ae026c9a5714d6982ed65510e3f0ce476ecc721a02f2aa318
race	sentence	paper	global_complete_case_mnar	user	row_pooled	qwen2.5-3b-instruct	qwen2.5-14b-instruct	direction_cosine	mean_cosine	130742	17703	825	0.1354040782610026	0.2108875648515958	0.19604290649099282	0.2238628996072883	500	500	f4dfff463588ac5ae026c9a5714d6982ed65510e3f0ce476ecc721a02f2aa318
race	sentence	paper	global_complete_case_mnar	user	row_pooled	qwen2.5-3b-instruct	qwen2.5-14b-instruct	linear_cka	cka	130742	17703	825	0.1354040782610026	0.21226051597401463	0.19528461958443225	0.23470407519575812	500	500	f4dfff463588ac5ae026c9a5714d6982ed65510e3f0ce476ecc721a02f2aa318
race	sentence	paper	global_complete_case_mnar	user	row_pooled	qwen2.5-3b-instruct	qwen2.5-14b-instruct	aitchison_magnitude_r	pearson_r	130742	17703	825	0.1354040782610026	0.6166667797869186	0.5993223969129226	0.6355774956720048	500	500	f4dfff463588ac5ae026c9a5714d6982ed65510e3f0ce476ecc721a02f2aa318
race	sentence	paper	global_complete_case_mnar	user	row_pooled	qwen2.5-3b-instruct	qwen2.5-14b-instruct	fisher_rao_magnitude_r	pearson_r	130742	17703	825	0.1354040782610026	0.36278216112005374	0.33707166658367277	0.39043696822387924	500	500	f4dfff463588ac5ae026c9a5714d6982ed65510e3f0ce476ecc721a02f2aa318
race	sentence	paper	global_complete_case_mnar	user	row_pooled	qwen2.5-3b-instruct	qwen2.5-14b-instruct	fisher_local_magnitude_r	pearson_r	130742	17703	825	0.1354040782610026	0.11801751081604656	0.047267572570521	0.18449790567383006	500	500	f4dfff463588ac5ae026c9a5714d6982ed65510e3f0ce476ecc721a02f2aa318
race	sentence	paper	global_complete_case_mnar	user	prompt_equal	qwen2.5-3b-instruct	qwen2.5-14b-instruct	signed_frobenius_r	pearson_r	130742	17703	825	0.1354040782610026	0.47662747828353674	0.4536992179452541	0.49958717823583243	500	500	f4dfff463588ac5ae026c9a5714d6982ed65510e3f0ce476ecc721a02f2aa318
race	sentence	paper	global_complete_case_mnar	user	prompt_equal	qwen2.5-3b-instruct	qwen2.5-14b-instruct	direction_cosine	mean_cosine	130742	17703	825	0.1354040782610026	0.23288419566536223	0.21770364693582422	0.2467244756644435	500	500	f4dfff463588ac5ae026c9a5714d6982ed65510e3f0ce476ecc721a02f2aa318
race	sentence	paper	global_complete_case_mnar	user	prompt_equal	qwen2.5-3b-instruct	qwen2.5-14b-instruct	linear_cka	cka	130742	17703	825	0.1354040782610026	0.2288776673756964	0.20849156689268283	0.2535188503001898	500	500	f4dfff463588ac5ae026c9a5714d6982ed65510e3f0ce476ecc721a02f2aa318
race	sentence	paper	global_complete_case_mnar	user	prompt_equal	qwen2.5-3b-instruct	qwen2.5-14b-instruct	aitchison_magnitude_r	pearson_r	130742	17703	825	0.1354040782610026	0.6185559058636471	0.5988010670406999	0.6404003699374864	500	500	f4dfff463588ac5ae026c9a5714d6982ed65510e3f0ce476ecc721a02f2aa318
race	sentence	paper	global_complete_case_mnar	user	prompt_equal	qwen2.5-3b-instruct	qwen2.5-14b-instruct	fisher_rao_magnitude_r	pearson_r	130742	17703	825	0.1354040782610026	0.36957569818206126	0.3441729262016628	0.3991706625616391	500	500	f4dfff463588ac5ae026c9a5714d6982ed65510e3f0ce476ecc721a02f2aa318
race	sentence	paper	global_complete_case_mnar	user	prompt_equal	qwen2.5-3b-instruct	qwen2.5-14b-instruct	fisher_local_magnitude_r	pearson_r	130742	17703	825	0.1354040782610026	0.10792090426625771	0.035340467428821826	0.17996003820559356	500	500	f4dfff463588ac5ae026c9a5714d6982ed65510e3f0ce476ecc721a02f2aa318
race	sentence	paper	global_complete_case_mnar	prediction	row_pooled	qwen2.5-3b-instruct	llama3.1-70b-instruct	signed_frobenius_r	pearson_r	4934	825	825	0.16720713417105795	0.6775564382312824	0.6546750641814979	0.7008894511880569	500	500	bb39c2d2fc4a8ec99452fbbab44f2b1aedd932bc8338ac64de82b714d19ca319
race	sentence	paper	global_complete_case_mnar	prediction	row_pooled	qwen2.5-3b-instruct	llama3.1-70b-instruct	direction_cosine	mean_cosine	4934	825	825	0.16720713417105795	0.6266820362435475	0.599947521933513	0.6536852337020522	500	500	bb39c2d2fc4a8ec99452fbbab44f2b1aedd932bc8338ac64de82b714d19ca319
race	sentence	paper	global_complete_case_mnar	prediction	row_pooled	qwen2.5-3b-instruct	llama3.1-70b-instruct	linear_cka	cka	4934	825	825	0.16720713417105795	0.4622397456413736	0.43317577334999313	0.49611897811492855	500	500	bb39c2d2fc4a8ec99452fbbab44f2b1aedd932bc8338ac64de82b714d19ca319
race	sentence	paper	global_complete_case_mnar	all	row_pooled	qwen2.5-3b-instruct	llama3.1-70b-instruct	signed_frobenius_r	pearson_r	145544	18639	825	0.1280643654152696	0.43319838040040437	0.41168111572451394	0.45434345622063943	500	500	51385ad7fc65412a0b97abc35d2d48f0037ab21f612a40fbcc1920f35d7c578e
race	sentence	paper	global_complete_case_mnar	all	row_pooled	qwen2.5-3b-instruct	llama3.1-70b-instruct	direction_cosine	mean_cosine	145544	18639	825	0.1280643654152696	0.17583104874723582	0.1633302916478993	0.18926517126081163	500	500	51385ad7fc65412a0b97abc35d2d48f0037ab21f612a40fbcc1920f35d7c578e
race	sentence	paper	global_complete_case_mnar	all	row_pooled	qwen2.5-3b-instruct	llama3.1-70b-instruct	linear_cka	cka	145544	18639	825	0.1280643654152696	0.1890883366182829	0.16993436429504247	0.20884906546576457	500	500	51385ad7fc65412a0b97abc35d2d48f0037ab21f612a40fbcc1920f35d7c578e
race	sentence	paper	global_complete_case_mnar	all	row_pooled	qwen2.5-3b-instruct	llama3.1-70b-instruct	aitchison_magnitude_r	pearson_r	145544	18639	825	0.1280643654152696	0.6042380747122648	0.5886183877501547	0.6220766285522462	500	500	51385ad7fc65412a0b97abc35d2d48f0037ab21f612a40fbcc1920f35d7c578e
race	sentence	paper	global_complete_case_mnar	all	row_pooled	qwen2.5-3b-instruct	llama3.1-70b-instruct	fisher_rao_magnitude_r	pearson_r	145544	18639	825	0.1280643654152696	0.4190803402474312	0.39611450803497406	0.4424642272897282	500	500	51385ad7fc65412a0b97abc35d2d48f0037ab21f612a40fbcc1920f35d7c578e
race	sentence	paper	global_complete_case_mnar	all	row_pooled	qwen2.5-3b-instruct	llama3.1-70b-instruct	fisher_local_magnitude_r	pearson_r	145544	18639	825	0.1280643654152696	0.11547859459127197	0.07857817106588436	0.1480419078065436	500	500	51385ad7fc65412a0b97abc35d2d48f0037ab21f612a40fbcc1920f35d7c578e
race	sentence	paper	global_complete_case_mnar	all	prompt_equal	qwen2.5-3b-instruct	llama3.1-70b-instruct	signed_frobenius_r	pearson_r	145544	18639	825	0.1280643654152696	0.454686662775453	0.42859583710879046	0.478058008832592	500	500	51385ad7fc65412a0b97abc35d2d48f0037ab21f612a40fbcc1920f35d7c578e
race	sentence	paper	global_complete_case_mnar	all	prompt_equal	qwen2.5-3b-instruct	llama3.1-70b-instruct	direction_cosine	mean_cosine	145544	18639	825	0.1280643654152696	0.19670308337490966	0.18343337370489035	0.21046851664528798	500	500	51385ad7fc65412a0b97abc35d2d48f0037ab21f612a40fbcc1920f35d7c578e
race	sentence	paper	global_complete_case_mnar	all	prompt_equal	qwen2.5-3b-instruct	llama3.1-70b-instruct	linear_cka	cka	145544	18639	825	0.1280643654152696	0.20787349458227036	0.18524354507010224	0.23099058006703338	500	500	51385ad7fc65412a0b97abc35d2d48f0037ab21f612a40fbcc1920f35d7c578e
race	sentence	paper	global_complete_case_mnar	all	prompt_equal	qwen2.5-3b-instruct	llama3.1-70b-instruct	aitchison_magnitude_r	pearson_r	145544	18639	825	0.1280643654152696	0.6062818764208512	0.5870128359630877	0.6261108388497926	500	500	51385ad7fc65412a0b97abc35d2d48f0037ab21f612a40fbcc1920f35d7c578e
race	sentence	paper	global_complete_case_mnar	all	prompt_equal	qwen2.5-3b-instruct	llama3.1-70b-instruct	fisher_rao_magnitude_r	pearson_r	145544	18639	825	0.1280643654152696	0.43336073298889954	0.40934989104575253	0.45918809094337365	500	500	51385ad7fc65412a0b97abc35d2d48f0037ab21f612a40fbcc1920f35d7c578e
race	sentence	paper	global_complete_case_mnar	all	prompt_equal	qwen2.5-3b-instruct	llama3.1-70b-instruct	fisher_local_magnitude_r	pearson_r	145544	18639	825	0.1280643654152696	0.10763763991289664	0.07238395517123383	0.14108334931865088	500	500	51385ad7fc65412a0b97abc35d2d48f0037ab21f612a40fbcc1920f35d7c578e
race	sentence	paper	global_complete_case_mnar	system	row_pooled	qwen2.5-3b-instruct	llama3.1-70b-instruct	signed_frobenius_r	pearson_r	14802	936	592	0.06323469801378193	-0.009346567252848168	-0.054879077495175406	0.03645928865021456	500	500	3bab359b248413ff4b82309794d35425270ef3b1017c60cd7de1b91b484ad9f9
race	sentence	paper	global_complete_case_mnar	system	row_pooled	qwen2.5-3b-instruct	llama3.1-70b-instruct	direction_cosine	mean_cosine	14802	936	592	0.06323469801378193	-0.04915069126434721	-0.08677789807684634	-0.012130723341700686	500	500	3bab359b248413ff4b82309794d35425270ef3b1017c60cd7de1b91b484ad9f9
race	sentence	paper	global_complete_case_mnar	system	row_pooled	qwen2.5-3b-instruct	llama3.1-70b-instruct	linear_cka	cka	14802	936	592	0.06323469801378193	0.002022779665434108	0.0021249575213813216	0.013640425596860711	500	500	3bab359b248413ff4b82309794d35425270ef3b1017c60cd7de1b91b484ad9f9
race	sentence	paper	global_complete_case_mnar	system	row_pooled	qwen2.5-3b-instruct	llama3.1-70b-instruct	aitchison_magnitude_r	pearson_r	14802	936	592	0.06323469801378193	0.2198695264550046	0.15864853988153224	0.2868533252468853	500	500	3bab359b248413ff4b82309794d35425270ef3b1017c60cd7de1b91b484ad9f9
race	sentence	paper	global_complete_case_mnar	system	row_pooled	qwen2.5-3b-instruct	llama3.1-70b-instruct	fisher_rao_magnitude_r	pearson_r	14802	936	592	0.06323469801378193	0.04993810937226619	-0.008899554377499922	0.11032970498930408	500	500	3bab359b248413ff4b82309794d35425270ef3b1017c60cd7de1b91b484ad9f9
race	sentence	paper	global_complete_case_mnar	system	row_pooled	qwen2.5-3b-instruct	llama3.1-70b-instruct	fisher_local_magnitude_r	pearson_r	14802	936	592	0.06323469801378193	0.05996603488537537	-0.011710782631777892	0.13421803876044355	500	500	3bab359b248413ff4b82309794d35425270ef3b1017c60cd7de1b91b484ad9f9
race	sentence	paper	global_complete_case_mnar	system	prompt_equal	qwen2.5-3b-instruct	llama3.1-70b-instruct	signed_frobenius_r	pearson_r	14802	936	592	0.06323469801378193	-0.0078099804105583315	-0.05574384248072496	0.04120426898956214	500	500	3bab359b248413ff4b82309794d35425270ef3b1017c60cd7de1b91b484ad9f9
race	sentence	paper	global_complete_case_mnar	system	prompt_equal	qwen2.5-3b-instruct	llama3.1-70b-instruct	direction_cosine	mean_cosine	14802	936	592	0.06323469801378193	-0.04475001962275146	-0.0887624881776333	-0.0026207566713723485	500	500	3bab359b248413ff4b82309794d35425270ef3b1017c60cd7de1b91b484ad9f9
race	sentence	paper	global_complete_case_mnar	system	prompt_equal	qwen2.5-3b-instruct	llama3.1-70b-instruct	linear_cka	cka	14802	936	592	0.06323469801378193	0.003269305639836245	0.0024980493727622894	0.014484800265796655	500	500	3bab359b248413ff4b82309794d35425270ef3b1017c60cd7de1b91b484ad9f9
race	sentence	paper	global_complete_case_mnar	system	prompt_equal	qwen2.5-3b-instruct	llama3.1-70b-instruct	aitchison_magnitude_r	pearson_r	14802	936	592	0.06323469801378193	0.2168931472817138	0.1521932696547417	0.28757976079583597	500	500	3bab359b248413ff4b82309794d35425270ef3b1017c60cd7de1b91b484ad9f9
race	sentence	paper	global_complete_case_mnar	system	prompt_equal	qwen2.5-3b-instruct	llama3.1-70b-instruct	fisher_rao_magnitude_r	pearson_r	14802	936	592	0.06323469801378193	0.05083151916924313	-0.0034673433759250926	0.10955133237654387	500	500	3bab359b248413ff4b82309794d35425270ef3b1017c60cd7de1b91b484ad9f9
race	sentence	paper	global_complete_case_mnar	system	prompt_equal	qwen2.5-3b-instruct	llama3.1-70b-instruct	fisher_local_magnitude_r	pearson_r	14802	936	592	0.06323469801378193	0.06387739101332908	0.0010648569835847352	0.13259620847990805	500	500	3bab359b248413ff4b82309794d35425270ef3b1017c60cd7de1b91b484ad9f9
race	sentence	paper	global_complete_case_mnar	user	row_pooled	qwen2.5-3b-instruct	llama3.1-70b-instruct	signed_frobenius_r	pearson_r	130742	17703	825	0.1354040782610026	0.43712622477854557	0.4148828689989955	0.4576607531898793	500	500	f4dfff463588ac5ae026c9a5714d6982ed65510e3f0ce476ecc721a02f2aa318
race	sentence	paper	global_complete_case_mnar	user	row_pooled	qwen2.5-3b-instruct	llama3.1-70b-instruct	direction_cosine	mean_cosine	130742	17703	825	0.1354040782610026	0.18773040505908767	0.17419240422605176	0.20286585332652446	500	500	f4dfff463588ac5ae026c9a5714d6982ed65510e3f0ce476ecc721a02f2aa318
race	sentence	paper	global_complete_case_mnar	user	row_pooled	qwen2.5-3b-instruct	llama3.1-70b-instruct	linear_cka	cka	130742	17703	825	0.1354040782610026	0.1924604484095604	0.173338654726577	0.21189868019654104	500	500	f4dfff463588ac5ae026c9a5714d6982ed65510e3f0ce476ecc721a02f2aa318
race	sentence	paper	global_complete_case_mnar	user	row_pooled	qwen2.5-3b-instruct	llama3.1-70b-instruct	aitchison_magnitude_r	pearson_r	130742	17703	825	0.1354040782610026	0.6038515619568403	0.5867333406817722	0.618804592798839	500	500	f4dfff463588ac5ae026c9a5714d6982ed65510e3f0ce476ecc721a02f2aa318
race	sentence	paper	global_complete_case_mnar	user	row_pooled	qwen2.5-3b-instruct	llama3.1-70b-instruct	fisher_rao_magnitude_r	pearson_r	130742	17703	825	0.1354040782610026	0.42098211891741844	0.3979180591883935	0.4431925873043623	500	500	f4dfff463588ac5ae026c9a5714d6982ed65510e3f0ce476ecc721a02f2aa318
race	sentence	paper	global_complete_case_mnar	user	row_pooled	qwen2.5-3b-instruct	llama3.1-70b-instruct	fisher_local_magnitude_r	pearson_r	130742	17703	825	0.1354040782610026	0.11491370368286283	0.08150218743461489	0.14900824548664313	500	500	f4dfff463588ac5ae026c9a5714d6982ed65510e3f0ce476ecc721a02f2aa318
race	sentence	paper	global_complete_case_mnar	user	prompt_equal	qwen2.5-3b-instruct	llama3.1-70b-instruct	signed_frobenius_r	pearson_r	130742	17703	825	0.1354040782610026	0.4562995391494184	0.4278474299364985	0.47925834531310485	500	500	f4dfff463588ac5ae026c9a5714d6982ed65510e3f0ce476ecc721a02f2aa318
race	sentence	paper	global_complete_case_mnar	user	prompt_equal	qwen2.5-3b-instruct	llama3.1-70b-instruct	direction_cosine	mean_cosine	130742	17703	825	0.1354040782610026	0.20979750367852917	0.1965384734309451	0.22392543633750459	500	500	f4dfff463588ac5ae026c9a5714d6982ed65510e3f0ce476ecc721a02f2aa318
race	sentence	paper	global_complete_case_mnar	user	prompt_equal	qwen2.5-3b-instruct	llama3.1-70b-instruct	linear_cka	cka	130742	17703	825	0.1354040782610026	0.20924040185109175	0.18444297890272737	0.23333972712117507	500	500	f4dfff463588ac5ae026c9a5714d6982ed65510e3f0ce476ecc721a02f2aa318
race	sentence	paper	global_complete_case_mnar	user	prompt_equal	qwen2.5-3b-instruct	llama3.1-70b-instruct	aitchison_magnitude_r	pearson_r	130742	17703	825	0.1354040782610026	0.603577235528214	0.5851948698395262	0.6207122378949486	500	500	f4dfff463588ac5ae026c9a5714d6982ed65510e3f0ce476ecc721a02f2aa318
race	sentence	paper	global_complete_case_mnar	user	prompt_equal	qwen2.5-3b-instruct	llama3.1-70b-instruct	fisher_rao_magnitude_r	pearson_r	130742	17703	825	0.1354040782610026	0.4324455741912851	0.40809541595582755	0.4565516854311066	500	500	f4dfff463588ac5ae026c9a5714d6982ed65510e3f0ce476ecc721a02f2aa318
race	sentence	paper	global_complete_case_mnar	user	prompt_equal	qwen2.5-3b-instruct	llama3.1-70b-instruct	fisher_local_magnitude_r	pearson_r	130742	17703	825	0.1354040782610026	0.10713033677496683	0.07592912592747234	0.1413383031743015	500	500	f4dfff463588ac5ae026c9a5714d6982ed65510e3f0ce476ecc721a02f2aa318
race	sentence	paper	global_complete_case_mnar	prediction	row_pooled	qwen2.5-3b-instruct	llama3.3-70b-instruct	signed_frobenius_r	pearson_r	4934	825	825	0.16720713417105795	0.6533404898959586	0.6235056844534548	0.6797931678344831	500	500	bb39c2d2fc4a8ec99452fbbab44f2b1aedd932bc8338ac64de82b714d19ca319
race	sentence	paper	global_complete_case_mnar	prediction	row_pooled	qwen2.5-3b-instruct	llama3.3-70b-instruct	direction_cosine	mean_cosine	4934	825	825	0.16720713417105795	0.6157249319992042	0.5853259964037048	0.6462448664223692	500	500	bb39c2d2fc4a8ec99452fbbab44f2b1aedd932bc8338ac64de82b714d19ca319
race	sentence	paper	global_complete_case_mnar	prediction	row_pooled	qwen2.5-3b-instruct	llama3.3-70b-instruct	linear_cka	cka	4934	825	825	0.16720713417105795	0.42678755028244486	0.3928784672567958	0.46462629915037584	500	500	bb39c2d2fc4a8ec99452fbbab44f2b1aedd932bc8338ac64de82b714d19ca319
race	sentence	paper	global_complete_case_mnar	all	row_pooled	qwen2.5-3b-instruct	llama3.3-70b-instruct	signed_frobenius_r	pearson_r	145544	18639	825	0.1280643654152696	0.4217194830048461	0.3996458559680282	0.44310692586116135	500	500	51385ad7fc65412a0b97abc35d2d48f0037ab21f612a40fbcc1920f35d7c578e
race	sentence	paper	global_complete_case_mnar	all	row_pooled	qwen2.5-3b-instruct	llama3.3-70b-instruct	direction_cosine	mean_cosine	145544	18639	825	0.1280643654152696	0.17724871443028967	0.16358512896490093	0.19034095618305738	500	500	51385ad7fc65412a0b97abc35d2d48f0037ab21f612a40fbcc1920f35d7c578e
race	sentence	paper	global_complete_case_mnar	all	row_pooled	qwen2.5-3b-instruct	llama3.3-70b-instruct	linear_cka	cka	145544	18639	825	0.1280643654152696	0.17898622716353815	0.16118091279172927	0.1982914200625172	500	500	51385ad7fc65412a0b97abc35d2d48f0037ab21f612a40fbcc1920f35d7c578e
race	sentence	paper	global_complete_case_mnar	all	row_pooled	qwen2.5-3b-instruct	llama3.3-70b-instruct	aitchison_magnitude_r	pearson_r	145544	18639	825	0.1280643654152696	0.5983244039436608	0.5821246005377569	0.6157821871458208	500	500	51385ad7fc65412a0b97abc35d2d48f0037ab21f612a40fbcc1920f35d7c578e
race	sentence	paper	global_complete_case_mnar	all	row_pooled	qwen2.5-3b-instruct	llama3.3-70b-instruct	fisher_rao_magnitude_r	pearson_r	145544	18639	825	0.1280643654152696	0.3552619611638958	0.33022542591169907	0.379596262652242	500	500	51385ad7fc65412a0b97abc35d2d48f0037ab21f612a40fbcc1920f35d7c578e
race	sentence	paper	global_complete_case_mnar	all	row_pooled	qwen2.5-3b-instruct	llama3.3-70b-instruct	fisher_local_magnitude_r	pearson_r	145544	18639	825	0.1280643654152696	0.08659464614263447	0.0343132388913385	0.141568548763867	500	500	51385ad7fc65412a0b97abc35d2d48f0037ab21f612a40fbcc1920f35d7c578e
race	sentence	paper	global_complete_case_mnar	all	prompt_equal	qwen2.5-3b-instruct	llama3.3-70b-instruct	signed_frobenius_r	pearson_r	145544	18639	825	0.1280643654152696	0.44389655982036275	0.41994662316269277	0.46717944281062523	500	500	51385ad7fc65412a0b97abc35d2d48f0037ab21f612a40fbcc1920f35d7c578e
race	sentence	paper	global_complete_case_mnar	all	prompt_equal	qwen2.5-3b-instruct	llama3.3-70b-instruct	direction_cosine	mean_cosine	145544	18639	825	0.1280643654152696	0.19897359173442297	0.18462213448620937	0.2120854703213645	500	500	51385ad7fc65412a0b97abc35d2d48f0037ab21f612a40fbcc1920f35d7c578e
race	sentence	paper	global_complete_case_mnar	all	prompt_equal	qwen2.5-3b-instruct	llama3.3-70b-instruct	linear_cka	cka	145544	18639	825	0.1280643654152696	0.19793206113290612	0.177381201541581	0.22067608034164	500	500	51385ad7fc65412a0b97abc35d2d48f0037ab21f612a40fbcc1920f35d7c578e
race	sentence	paper	global_complete_case_mnar	all	prompt_equal	qwen2.5-3b-instruct	llama3.3-70b-instruct	aitchison_magnitude_r	pearson_r	145544	18639	825	0.1280643654152696	0.6055332885382421	0.5892103031547008	0.6241235182992918	500	500	51385ad7fc65412a0b97abc35d2d48f0037ab21f612a40fbcc1920f35d7c578e
race	sentence	paper	global_complete_case_mnar	all	prompt_equal	qwen2.5-3b-instruct	llama3.3-70b-instruct	fisher_rao_magnitude_r	pearson_r	145544	18639	825	0.1280643654152696	0.37334771076903644	0.34693049913982205	0.39884448001275935	500	500	51385ad7fc65412a0b97abc35d2d48f0037ab21f612a40fbcc1920f35d7c578e
race	sentence	paper	global_complete_case_mnar	all	prompt_equal	qwen2.5-3b-instruct	llama3.3-70b-instruct	fisher_local_magnitude_r	pearson_r	145544	18639	825	0.1280643654152696	0.09103804629405561	0.03512642497342235	0.15405876301661806	500	500	51385ad7fc65412a0b97abc35d2d48f0037ab21f612a40fbcc1920f35d7c578e
race	sentence	paper	global_complete_case_mnar	system	row_pooled	qwen2.5-3b-instruct	llama3.3-70b-instruct	signed_frobenius_r	pearson_r	14802	936	592	0.06323469801378193	0.030599891821721993	-0.02650530432167157	0.07777007208944738	500	500	3bab359b248413ff4b82309794d35425270ef3b1017c60cd7de1b91b484ad9f9
race	sentence	paper	global_complete_case_mnar	system	row_pooled	qwen2.5-3b-instruct	llama3.3-70b-instruct	direction_cosine	mean_cosine	14802	936	592	0.06323469801378193	0.05140265826217453	0.011153142843938871	0.08686816478498338	500	500	3bab359b248413ff4b82309794d35425270ef3b1017c60cd7de1b91b484ad9f9
race	sentence	paper	global_complete_case_mnar	system	row_pooled	qwen2.5-3b-instruct	llama3.3-70b-instruct	linear_cka	cka	14802	936	592	0.06323469801378193	0.011988401765376218	0.008331820630665883	0.02721673643772277	500	500	3bab359b248413ff4b82309794d35425270ef3b1017c60cd7de1b91b484ad9f9
race	sentence	paper	global_complete_case_mnar	system	row_pooled	qwen2.5-3b-instruct	llama3.3-70b-instruct	aitchison_magnitude_r	pearson_r	14802	936	592	0.06323469801378193	0.2526534082318389	0.19140429102954867	0.3215853843625884	500	500	3bab359b248413ff4b82309794d35425270ef3b1017c60cd7de1b91b484ad9f9
race	sentence	paper	global_complete_case_mnar	system	row_pooled	qwen2.5-3b-instruct	llama3.3-70b-instruct	fisher_rao_magnitude_r	pearson_r	14802	936	592	0.06323469801378193	0.05082912485780258	-0.024029269597821104	0.13977965689822838	500	500	3bab359b248413ff4b82309794d35425270ef3b1017c60cd7de1b91b484ad9f9
race	sentence	paper	global_complete_case_mnar	system	row_pooled	qwen2.5-3b-instruct	llama3.3-70b-instruct	fisher_local_magnitude_r	pearson_r	14802	936	592	0.06323469801378193	0.020438743606014796	-0.03676157308867938	0.10061317759222324	500	500	3bab359b248413ff4b82309794d35425270ef3b1017c60cd7de1b91b484ad9f9
race	sentence	paper	global_complete_case_mnar	system	prompt_equal	qwen2.5-3b-instruct	llama3.3-70b-instruct	signed_frobenius_r	pearson_r	14802	936	592	0.06323469801378193	0.028440136689974724	-0.02675530619601183	0.07349474537607961	500	500	3bab359b248413ff4b82309794d35425270ef3b1017c60cd7de1b91b484ad9f9
race	sentence	paper	global_complete_case_mnar	system	prompt_equal	qwen2.5-3b-instruct	llama3.3-70b-instruct	direction_cosine	mean_cosine	14802	936	592	0.06323469801378193	0.05208224926672314	0.013060811015950993	0.08959479222203814	500	500	3bab359b248413ff4b82309794d35425270ef3b1017c60cd7de1b91b484ad9f9
race	sentence	paper	global_complete_case_mnar	system	prompt_equal	qwen2.5-3b-instruct	llama3.3-70b-instruct	linear_cka	cka	14802	936	592	0.06323469801378193	0.009910704283145414	0.0067269618498455525	0.024581297797338447	500	500	3bab359b248413ff4b82309794d35425270ef3b1017c60cd7de1b91b484ad9f9
race	sentence	paper	global_complete_case_mnar	system	prompt_equal	qwen2.5-3b-instruct	llama3.3-70b-instruct	aitchison_magnitude_r	pearson_r	14802	936	592	0.06323469801378193	0.25242195858922645	0.1971934108665174	0.3148041098022691	500	500	3bab359b248413ff4b82309794d35425270ef3b1017c60cd7de1b91b484ad9f9
race	sentence	paper	global_complete_case_mnar	system	prompt_equal	qwen2.5-3b-instruct	llama3.3-70b-instruct	fisher_rao_magnitude_r	pearson_r	14802	936	592	0.06323469801378193	0.04724579240310479	-0.021392050490547692	0.1226121822255538	500	500	3bab359b248413ff4b82309794d35425270ef3b1017c60cd7de1b91b484ad9f9
race	sentence	paper	global_complete_case_mnar	system	prompt_equal	qwen2.5-3b-instruct	llama3.3-70b-instruct	fisher_local_magnitude_r	pearson_r	14802	936	592	0.06323469801378193	0.03717103689399713	-0.023251922232738424	0.11932937433585919	500	500	3bab359b248413ff4b82309794d35425270ef3b1017c60cd7de1b91b484ad9f9
race	sentence	paper	global_complete_case_mnar	user	row_pooled	qwen2.5-3b-instruct	llama3.3-70b-instruct	signed_frobenius_r	pearson_r	130742	17703	825	0.1354040782610026	0.4250370075485042	0.40329176365393726	0.4491637736832062	500	500	f4dfff463588ac5ae026c9a5714d6982ed65510e3f0ce476ecc721a02f2aa318
race	sentence	paper	global_complete_case_mnar	user	row_pooled	qwen2.5-3b-instruct	llama3.3-70b-instruct	direction_cosine	mean_cosine	130742	17703	825	0.1354040782610026	0.1839096456999886	0.1701259238317664	0.19907762408855006	500	500	f4dfff463588ac5ae026c9a5714d6982ed65510e3f0ce476ecc721a02f2aa318
race	sentence	paper	global_complete_case_mnar	user	row_pooled	qwen2.5-3b-instruct	llama3.3-70b-instruct	linear_cka	cka	130742	17703	825	0.1354040782610026	0.18179209747344777	0.16406885962963805	0.20369636428354812	500	500	f4dfff463588ac5ae026c9a5714d6982ed65510e3f0ce476ecc721a02f2aa318
race	sentence	paper	global_complete_case_mnar	user	row_pooled	qwen2.5-3b-instruct	llama3.3-70b-instruct	aitchison_magnitude_r	pearson_r	130742	17703	825	0.1354040782610026	0.5976055374443168	0.5800967561277203	0.6143630768223088	500	500	f4dfff463588ac5ae026c9a5714d6982ed65510e3f0ce476ecc721a02f2aa318
race	sentence	paper	global_complete_case_mnar	user	row_pooled	qwen2.5-3b-instruct	llama3.3-70b-instruct	fisher_rao_magnitude_r	pearson_r	130742	17703	825	0.1354040782610026	0.3565370139331053	0.33199820596110285	0.38166196486662163	500	500	f4dfff463588ac5ae026c9a5714d6982ed65510e3f0ce476ecc721a02f2aa318
race	sentence	paper	global_complete_case_mnar	user	row_pooled	qwen2.5-3b-instruct	llama3.3-70b-instruct	fisher_local_magnitude_r	pearson_r	130742	17703	825	0.1354040782610026	0.0867396793031732	0.03006714922905434	0.14469438353826355	500	500	f4dfff463588ac5ae026c9a5714d6982ed65510e3f0ce476ecc721a02f2aa318
race	sentence	paper	global_complete_case_mnar	user	prompt_equal	qwen2.5-3b-instruct	llama3.3-70b-instruct	signed_frobenius_r	pearson_r	130742	17703	825	0.1354040782610026	0.4453241754222734	0.4232613803986438	0.47416999553742056	500	500	f4dfff463588ac5ae026c9a5714d6982ed65510e3f0ce476ecc721a02f2aa318
race	sentence	paper	global_complete_case_mnar	user	prompt_equal	qwen2.5-3b-instruct	llama3.3-70b-instruct	direction_cosine	mean_cosine	130742	17703	825	0.1354040782610026	0.20602358069343515	0.19169947321553715	0.22148621625423556	500	500	f4dfff463588ac5ae026c9a5714d6982ed65510e3f0ce476ecc721a02f2aa318
race	sentence	paper	global_complete_case_mnar	user	prompt_equal	qwen2.5-3b-instruct	llama3.3-70b-instruct	linear_cka	cka	130742	17703	825	0.1354040782610026	0.19914018787432508	0.1798852926743787	0.2278913521982224	500	500	f4dfff463588ac5ae026c9a5714d6982ed65510e3f0ce476ecc721a02f2aa318
race	sentence	paper	global_complete_case_mnar	user	prompt_equal	qwen2.5-3b-instruct	llama3.3-70b-instruct	aitchison_magnitude_r	pearson_r	130742	17703	825	0.1354040782610026	0.6025341806759344	0.5835124903206578	0.6220089841547946	500	500	f4dfff463588ac5ae026c9a5714d6982ed65510e3f0ce476ecc721a02f2aa318
race	sentence	paper	global_complete_case_mnar	user	prompt_equal	qwen2.5-3b-instruct	llama3.3-70b-instruct	fisher_rao_magnitude_r	pearson_r	130742	17703	825	0.1354040782610026	0.37175266276484664	0.34555693539100985	0.39536463163652913	500	500	f4dfff463588ac5ae026c9a5714d6982ed65510e3f0ce476ecc721a02f2aa318
race	sentence	paper	global_complete_case_mnar	user	prompt_equal	qwen2.5-3b-instruct	llama3.3-70b-instruct	fisher_local_magnitude_r	pearson_r	130742	17703	825	0.1354040782610026	0.09194624667749811	0.031175454235449665	0.15137664516583502	500	500	f4dfff463588ac5ae026c9a5714d6982ed65510e3f0ce476ecc721a02f2aa318
race	sentence	paper	global_complete_case_mnar	prediction	row_pooled	qwen2.5-3b-instruct	llama4-maverick-17b-128e-instruct	signed_frobenius_r	pearson_r	4934	825	825	0.16720713417105795	0.6462836656508644	0.6156529227031196	0.6733442987195374	500	500	bb39c2d2fc4a8ec99452fbbab44f2b1aedd932bc8338ac64de82b714d19ca319
race	sentence	paper	global_complete_case_mnar	prediction	row_pooled	qwen2.5-3b-instruct	llama4-maverick-17b-128e-instruct	direction_cosine	mean_cosine	4934	825	825	0.16720713417105795	0.5870077875624031	0.5520196139353517	0.6201932342305251	500	500	bb39c2d2fc4a8ec99452fbbab44f2b1aedd932bc8338ac64de82b714d19ca319
race	sentence	paper	global_complete_case_mnar	prediction	row_pooled	qwen2.5-3b-instruct	llama4-maverick-17b-128e-instruct	linear_cka	cka	4934	825	825	0.16720713417105795	0.4162070711237898	0.37845933111490293	0.453536608575835	500	500	bb39c2d2fc4a8ec99452fbbab44f2b1aedd932bc8338ac64de82b714d19ca319
race	sentence	paper	global_complete_case_mnar	all	row_pooled	qwen2.5-3b-instruct	llama4-maverick-17b-128e-instruct	signed_frobenius_r	pearson_r	145544	18639	825	0.1280643654152696	0.3722454752259679	0.35183154571595027	0.39525035870665354	500	500	51385ad7fc65412a0b97abc35d2d48f0037ab21f612a40fbcc1920f35d7c578e
race	sentence	paper	global_complete_case_mnar	all	row_pooled	qwen2.5-3b-instruct	llama4-maverick-17b-128e-instruct	direction_cosine	mean_cosine	145544	18639	825	0.1280643654152696	0.12810305464270688	0.11536217880289426	0.14225444188587938	500	500	51385ad7fc65412a0b97abc35d2d48f0037ab21f612a40fbcc1920f35d7c578e
race	sentence	paper	global_complete_case_mnar	all	row_pooled	qwen2.5-3b-instruct	llama4-maverick-17b-128e-instruct	linear_cka	cka	145544	18639	825	0.1280643654152696	0.13967853919146353	0.12532360484769295	0.15701774365522342	500	500	51385ad7fc65412a0b97abc35d2d48f0037ab21f612a40fbcc1920f35d7c578e
race	sentence	paper	global_complete_case_mnar	all	row_pooled	qwen2.5-3b-instruct	llama4-maverick-17b-128e-instruct	aitchison_magnitude_r	pearson_r	145544	18639	825	0.1280643654152696	0.5636022615379113	0.5451528444067287	0.5820014510980742	500	500	51385ad7fc65412a0b97abc35d2d48f0037ab21f612a40fbcc1920f35d7c578e
race	sentence	paper	global_complete_case_mnar	all	row_pooled	qwen2.5-3b-instruct	llama4-maverick-17b-128e-instruct	fisher_rao_magnitude_r	pearson_r	145544	18639	825	0.1280643654152696	0.31282848377060857	0.29029199566702457	0.3354266288093085	500	500	51385ad7fc65412a0b97abc35d2d48f0037ab21f612a40fbcc1920f35d7c578e
race	sentence	paper	global_complete_case_mnar	all	row_pooled	qwen2.5-3b-instruct	llama4-maverick-17b-128e-instruct	fisher_local_magnitude_r	pearson_r	145544	18639	825	0.1280643654152696	0.03032822790904101	-0.0076714392784999665	0.06739245209525012	500	500	51385ad7fc65412a0b97abc35d2d48f0037ab21f612a40fbcc1920f35d7c578e
race	sentence	paper	global_complete_case_mnar	all	prompt_equal	qwen2.5-3b-instruct	llama4-maverick-17b-128e-instruct	signed_frobenius_r	pearson_r	145544	18639	825	0.1280643654152696	0.4017704260670092	0.37764442393729863	0.4250278771721917	500	500	51385ad7fc65412a0b97abc35d2d48f0037ab21f612a40fbcc1920f35d7c578e
race	sentence	paper	global_complete_case_mnar	all	prompt_equal	qwen2.5-3b-instruct	llama4-maverick-17b-128e-instruct	direction_cosine	mean_cosine	145544	18639	825	0.1280643654152696	0.14763698153383176	0.13498150397272224	0.1620863926429171	500	500	51385ad7fc65412a0b97abc35d2d48f0037ab21f612a40fbcc1920f35d7c578e
race	sentence	paper	global_complete_case_mnar	all	prompt_equal	qwen2.5-3b-instruct	llama4-maverick-17b-128e-instruct	linear_cka	cka	145544	18639	825	0.1280643654152696	0.1628593334415972	0.14490921713086025	0.18292449181279807	500	500	51385ad7fc65412a0b97abc35d2d48f0037ab21f612a40fbcc1920f35d7c578e
race	sentence	paper	global_complete_case_mnar	all	prompt_equal	qwen2.5-3b-instruct	llama4-maverick-17b-128e-instruct	aitchison_magnitude_r	pearson_r	145544	18639	825	0.1280643654152696	0.5763773370332859	0.5567389040928432	0.595147130920617	500	500	51385ad7fc65412a0b97abc35d2d48f0037ab21f612a40fbcc1920f35d7c578e
race	sentence	paper	global_complete_case_mnar	all	prompt_equal	qwen2.5-3b-instruct	llama4-maverick-17b-128e-instruct	fisher_rao_magnitude_r	pearson_r	145544	18639	825	0.1280643654152696	0.33385645531389535	0.30834088621878253	0.35752240597348695	500	500	51385ad7fc65412a0b97abc35d2d48f0037ab21f612a40fbcc1920f35d7c578e
race	sentence	paper	global_complete_case_mnar	all	prompt_equal	qwen2.5-3b-instruct	llama4-maverick-17b-128e-instruct	fisher_local_magnitude_r	pearson_r	145544	18639	825	0.1280643654152696	0.028632746353025523	-0.010771002377896317	0.07141731643722368	500	500	51385ad7fc65412a0b97abc35d2d48f0037ab21f612a40fbcc1920f35d7c578e
race	sentence	paper	global_complete_case_mnar	system	row_pooled	qwen2.5-3b-instruct	llama4-maverick-17b-128e-instruct	signed_frobenius_r	pearson_r	14802	936	592	0.06323469801378193	-0.04695995797829092	-0.09188750560654711	-0.009134374460765125	500	500	3bab359b248413ff4b82309794d35425270ef3b1017c60cd7de1b91b484ad9f9
race	sentence	paper	global_complete_case_mnar	system	row_pooled	qwen2.5-3b-instruct	llama4-maverick-17b-128e-instruct	direction_cosine	mean_cosine	14802	936	592	0.06323469801378193	-0.001104449323189481	-0.04150540419774046	0.037091200723083924	500	500	3bab359b248413ff4b82309794d35425270ef3b1017c60cd7de1b91b484ad9f9
race	sentence	paper	global_complete_case_mnar	system	row_pooled	qwen2.5-3b-instruct	llama4-maverick-17b-128e-instruct	linear_cka	cka	14802	936	592	0.06323469801378193	0.008573771833983654	0.004756898177425474	0.022158579824043102	500	500	3bab359b248413ff4b82309794d35425270ef3b1017c60cd7de1b91b484ad9f9
race	sentence	paper	global_complete_case_mnar	system	row_pooled	qwen2.5-3b-instruct	llama4-maverick-17b-128e-instruct	aitchison_magnitude_r	pearson_r	14802	936	592	0.06323469801378193	0.14896211243881655	0.08375469197425213	0.2186813207277621	500	500	3bab359b248413ff4b82309794d35425270ef3b1017c60cd7de1b91b484ad9f9
race	sentence	paper	global_complete_case_mnar	system	row_pooled	qwen2.5-3b-instruct	llama4-maverick-17b-128e-instruct	fisher_rao_magnitude_r	pearson_r	14802	936	592	0.06323469801378193	0.030460478157882945	-0.023486290977479257	0.10311248278825086	500	500	3bab359b248413ff4b82309794d35425270ef3b1017c60cd7de1b91b484ad9f9
race	sentence	paper	global_complete_case_mnar	system	row_pooled	qwen2.5-3b-instruct	llama4-maverick-17b-128e-instruct	fisher_local_magnitude_r	pearson_r	14802	936	592	0.06323469801378193	-0.021904223133654935	-0.052234299227473746	0.020808965273455424	500	500	3bab359b248413ff4b82309794d35425270ef3b1017c60cd7de1b91b484ad9f9
race	sentence	paper	global_complete_case_mnar	system	prompt_equal	qwen2.5-3b-instruct	llama4-maverick-17b-128e-instruct	signed_frobenius_r	pearson_r	14802	936	592	0.06323469801378193	-0.04319486542508207	-0.08410783917308262	-0.00563454687880622	500	500	3bab359b248413ff4b82309794d35425270ef3b1017c60cd7de1b91b484ad9f9
race	sentence	paper	global_complete_case_mnar	system	prompt_equal	qwen2.5-3b-instruct	llama4-maverick-17b-128e-instruct	direction_cosine	mean_cosine	14802	936	592	0.06323469801378193	0.01647548863959108	-0.02733079418564878	0.056050028305924655	500	500	3bab359b248413ff4b82309794d35425270ef3b1017c60cd7de1b91b484ad9f9
race	sentence	paper	global_complete_case_mnar	system	prompt_equal	qwen2.5-3b-instruct	llama4-maverick-17b-128e-instruct	linear_cka	cka	14802	936	592	0.06323469801378193	0.007159719361021086	0.004205160752563551	0.02052345367728869	500	500	3bab359b248413ff4b82309794d35425270ef3b1017c60cd7de1b91b484ad9f9
race	sentence	paper	global_complete_case_mnar	system	prompt_equal	qwen2.5-3b-instruct	llama4-maverick-17b-128e-instruct	aitchison_magnitude_r	pearson_r	14802	936	592	0.06323469801378193	0.16214456770640706	0.10042213844283834	0.23104427607276162	500	500	3bab359b248413ff4b82309794d35425270ef3b1017c60cd7de1b91b484ad9f9
race	sentence	paper	global_complete_case_mnar	system	prompt_equal	qwen2.5-3b-instruct	llama4-maverick-17b-128e-instruct	fisher_rao_magnitude_r	pearson_r	14802	936	592	0.06323469801378193	0.025958406830111608	-0.022170334655782303	0.09388278730506035	500	500	3bab359b248413ff4b82309794d35425270ef3b1017c60cd7de1b91b484ad9f9
race	sentence	paper	global_complete_case_mnar	system	prompt_equal	qwen2.5-3b-instruct	llama4-maverick-17b-128e-instruct	fisher_local_magnitude_r	pearson_r	14802	936	592	0.06323469801378193	-0.014976409363093924	-0.04533100157824852	0.02466134082924187	500	500	3bab359b248413ff4b82309794d35425270ef3b1017c60cd7de1b91b484ad9f9
race	sentence	paper	global_complete_case_mnar	user	row_pooled	qwen2.5-3b-instruct	llama4-maverick-17b-128e-instruct	signed_frobenius_r	pearson_r	130742	17703	825	0.1354040782610026	0.37742089950321134	0.3558503461500894	0.40116176251290553	500	500	f4dfff463588ac5ae026c9a5714d6982ed65510e3f0ce476ecc721a02f2aa318
race	sentence	paper	global_complete_case_mnar	user	row_pooled	qwen2.5-3b-instruct	llama4-maverick-17b-128e-instruct	direction_cosine	mean_cosine	130742	17703	825	0.1354040782610026	0.1349395850956226	0.12032939530121545	0.1494879502662054	500	500	f4dfff463588ac5ae026c9a5714d6982ed65510e3f0ce476ecc721a02f2aa318
race	sentence	paper	global_complete_case_mnar	user	row_pooled	qwen2.5-3b-instruct	llama4-maverick-17b-128e-instruct	linear_cka	cka	130742	17703	825	0.1354040782610026	0.1434704355094189	0.12825160168324795	0.1623814197339431	500	500	f4dfff463588ac5ae026c9a5714d6982ed65510e3f0ce476ecc721a02f2aa318
race	sentence	paper	global_complete_case_mnar	user	row_pooled	qwen2.5-3b-instruct	llama4-maverick-17b-128e-instruct	aitchison_magnitude_r	pearson_r	130742	17703	825	0.1354040782610026	0.5646810724392212	0.5469472339056631	0.5825283271155615	500	500	f4dfff463588ac5ae026c9a5714d6982ed65510e3f0ce476ecc721a02f2aa318
race	sentence	paper	global_complete_case_mnar	user	row_pooled	qwen2.5-3b-instruct	llama4-maverick-17b-128e-instruct	fisher_rao_magnitude_r	pearson_r	130742	17703	825	0.1354040782610026	0.31558749693180266	0.2916458997616404	0.33976643126609546	500	500	f4dfff463588ac5ae026c9a5714d6982ed65510e3f0ce476ecc721a02f2aa318
race	sentence	paper	global_complete_case_mnar	user	row_pooled	qwen2.5-3b-instruct	llama4-maverick-17b-128e-instruct	fisher_local_magnitude_r	pearson_r	130742	17703	825	0.1354040782610026	0.031206585789401473	-0.002979754827182915	0.06412464004259796	500	500	f4dfff463588ac5ae026c9a5714d6982ed65510e3f0ce476ecc721a02f2aa318
race	sentence	paper	global_complete_case_mnar	user	prompt_equal	qwen2.5-3b-instruct	llama4-maverick-17b-128e-instruct	signed_frobenius_r	pearson_r	130742	17703	825	0.1354040782610026	0.4041314238923455	0.38074376123079057	0.4271275279372461	500	500	f4dfff463588ac5ae026c9a5714d6982ed65510e3f0ce476ecc721a02f2aa318
race	sentence	paper	global_complete_case_mnar	user	prompt_equal	qwen2.5-3b-instruct	llama4-maverick-17b-128e-instruct	direction_cosine	mean_cosine	130742	17703	825	0.1354040782610026	0.1548055361896373	0.14104528093933555	0.16870258914798067	500	500	f4dfff463588ac5ae026c9a5714d6982ed65510e3f0ce476ecc721a02f2aa318
race	sentence	paper	global_complete_case_mnar	user	prompt_equal	qwen2.5-3b-instruct	llama4-maverick-17b-128e-instruct	linear_cka	cka	130742	17703	825	0.1354040782610026	0.16458339459954585	0.14643851653566248	0.18522562660921849	500	500	f4dfff463588ac5ae026c9a5714d6982ed65510e3f0ce476ecc721a02f2aa318
race	sentence	paper	global_complete_case_mnar	user	prompt_equal	qwen2.5-3b-instruct	llama4-maverick-17b-128e-instruct	aitchison_magnitude_r	pearson_r	130742	17703	825	0.1354040782610026	0.5746395062163386	0.5539741059582561	0.5955949322484261	500	500	f4dfff463588ac5ae026c9a5714d6982ed65510e3f0ce476ecc721a02f2aa318
race	sentence	paper	global_complete_case_mnar	user	prompt_equal	qwen2.5-3b-instruct	llama4-maverick-17b-128e-instruct	fisher_rao_magnitude_r	pearson_r	130742	17703	825	0.1354040782610026	0.33432702582634743	0.3102531067091656	0.3587641472607165	500	500	f4dfff463588ac5ae026c9a5714d6982ed65510e3f0ce476ecc721a02f2aa318
race	sentence	paper	global_complete_case_mnar	user	prompt_equal	qwen2.5-3b-instruct	llama4-maverick-17b-128e-instruct	fisher_local_magnitude_r	pearson_r	130742	17703	825	0.1354040782610026	0.02832073157438699	-0.005965336380725803	0.06631084425407435	500	500	f4dfff463588ac5ae026c9a5714d6982ed65510e3f0ce476ecc721a02f2aa318
race	sentence	paper	global_complete_case_mnar	prediction	row_pooled	qwen2.5-3b-instruct	gpt-4o	signed_frobenius_r	pearson_r	4934	825	825	0.16720713417105795	0.6329110804987267	0.6032352517881088	0.6609702738551533	500	500	bb39c2d2fc4a8ec99452fbbab44f2b1aedd932bc8338ac64de82b714d19ca319
race	sentence	paper	global_complete_case_mnar	prediction	row_pooled	qwen2.5-3b-instruct	gpt-4o	direction_cosine	mean_cosine	4934	825	825	0.16720713417105795	0.5956450338947523	0.56364353167095	0.6254825460621642	500	500	bb39c2d2fc4a8ec99452fbbab44f2b1aedd932bc8338ac64de82b714d19ca319
race	sentence	paper	global_complete_case_mnar	prediction	row_pooled	qwen2.5-3b-instruct	gpt-4o	linear_cka	cka	4934	825	825	0.16720713417105795	0.40608619758814696	0.3708862976231167	0.4467515710998612	500	500	bb39c2d2fc4a8ec99452fbbab44f2b1aedd932bc8338ac64de82b714d19ca319
race	sentence	paper	global_complete_case_mnar	all	row_pooled	qwen2.5-3b-instruct	gpt-4o	signed_frobenius_r	pearson_r	145544	18639	825	0.1280643654152696	0.3540733742175666	0.33117320236961656	0.37693102872865647	500	500	51385ad7fc65412a0b97abc35d2d48f0037ab21f612a40fbcc1920f35d7c578e
race	sentence	paper	global_complete_case_mnar	all	row_pooled	qwen2.5-3b-instruct	gpt-4o	direction_cosine	mean_cosine	145544	18639	825	0.1280643654152696	0.133444177147161	0.11987078496637352	0.14727095198947188	500	500	51385ad7fc65412a0b97abc35d2d48f0037ab21f612a40fbcc1920f35d7c578e
race	sentence	paper	global_complete_case_mnar	all	row_pooled	qwen2.5-3b-instruct	gpt-4o	linear_cka	cka	145544	18639	825	0.1280643654152696	0.12587448337248688	0.1109464523687254	0.14326832141179296	500	500	51385ad7fc65412a0b97abc35d2d48f0037ab21f612a40fbcc1920f35d7c578e
race	sentence	paper	global_complete_case_mnar	all	row_pooled	qwen2.5-3b-instruct	gpt-4o	aitchison_magnitude_r	pearson_r	145544	18639	825	0.1280643654152696	0.5352783974664808	0.515921251275052	0.5537946847244	500	500	51385ad7fc65412a0b97abc35d2d48f0037ab21f612a40fbcc1920f35d7c578e
race	sentence	paper	global_complete_case_mnar	all	row_pooled	qwen2.5-3b-instruct	gpt-4o	fisher_rao_magnitude_r	pearson_r	145544	18639	825	0.1280643654152696	0.30331950066095326	0.27555660412526656	0.32864408735549155	500	500	51385ad7fc65412a0b97abc35d2d48f0037ab21f612a40fbcc1920f35d7c578e
race	sentence	paper	global_complete_case_mnar	all	row_pooled	qwen2.5-3b-instruct	gpt-4o	fisher_local_magnitude_r	pearson_r	145544	18639	825	0.1280643654152696	0.0385494960414529	-0.00015853732654601017	0.0808897344797815	500	500	51385ad7fc65412a0b97abc35d2d48f0037ab21f612a40fbcc1920f35d7c578e
race	sentence	paper	global_complete_case_mnar	all	prompt_equal	qwen2.5-3b-instruct	gpt-4o	signed_frobenius_r	pearson_r	145544	18639	825	0.1280643654152696	0.3830890540092567	0.3557888035729435	0.4079335293098024	500	500	51385ad7fc65412a0b97abc35d2d48f0037ab21f612a40fbcc1920f35d7c578e
race	sentence	paper	global_complete_case_mnar	all	prompt_equal	qwen2.5-3b-instruct	gpt-4o	direction_cosine	mean_cosine	145544	18639	825	0.1280643654152696	0.15432691251118472	0.14016499839454044	0.16792267614424597	500	500	51385ad7fc65412a0b97abc35d2d48f0037ab21f612a40fbcc1920f35d7c578e
race	sentence	paper	global_complete_case_mnar	all	prompt_equal	qwen2.5-3b-instruct	gpt-4o	linear_cka	cka	145544	18639	825	0.1280643654152696	0.1473119173975252	0.1286553153106966	0.1672466399102977	500	500	51385ad7fc65412a0b97abc35d2d48f0037ab21f612a40fbcc1920f35d7c578e
race	sentence	paper	global_complete_case_mnar	all	prompt_equal	qwen2.5-3b-instruct	gpt-4o	aitchison_magnitude_r	pearson_r	145544	18639	825	0.1280643654152696	0.5521082325929293	0.5322763336877525	0.5708354046494046	500	500	51385ad7fc65412a0b97abc35d2d48f0037ab21f612a40fbcc1920f35d7c578e
race	sentence	paper	global_complete_case_mnar	all	prompt_equal	qwen2.5-3b-instruct	gpt-4o	fisher_rao_magnitude_r	pearson_r	145544	18639	825	0.1280643654152696	0.32419893857318727	0.29759762554243374	0.351521186847665	500	500	51385ad7fc65412a0b97abc35d2d48f0037ab21f612a40fbcc1920f35d7c578e
race	sentence	paper	global_complete_case_mnar	all	prompt_equal	qwen2.5-3b-instruct	gpt-4o	fisher_local_magnitude_r	pearson_r	145544	18639	825	0.1280643654152696	0.03734397427335077	-0.0009838939863659533	0.07679842981418009	500	500	51385ad7fc65412a0b97abc35d2d48f0037ab21f612a40fbcc1920f35d7c578e
race	sentence	paper	global_complete_case_mnar	system	row_pooled	qwen2.5-3b-instruct	gpt-4o	signed_frobenius_r	pearson_r	14802	936	592	0.06323469801378193	-0.05617438627588721	-0.10164880805016653	-0.011510935090951382	500	500	3bab359b248413ff4b82309794d35425270ef3b1017c60cd7de1b91b484ad9f9
race	sentence	paper	global_complete_case_mnar	system	row_pooled	qwen2.5-3b-instruct	gpt-4o	direction_cosine	mean_cosine	14802	936	592	0.06323469801378193	-0.05295088484031491	-0.08821081196363643	-0.015489539321911416	500	500	3bab359b248413ff4b82309794d35425270ef3b1017c60cd7de1b91b484ad9f9
race	sentence	paper	global_complete_case_mnar	system	row_pooled	qwen2.5-3b-instruct	gpt-4o	linear_cka	cka	14802	936	592	0.06323469801378193	0.007089437758671065	0.004624525114496074	0.019900554528622768	500	500	3bab359b248413ff4b82309794d35425270ef3b1017c60cd7de1b91b484ad9f9
race	sentence	paper	global_complete_case_mnar	system	row_pooled	qwen2.5-3b-instruct	gpt-4o	aitchison_magnitude_r	pearson_r	14802	936	592	0.06323469801378193	0.0574545846526923	-0.018024102359087902	0.13352064903470326	500	500	3bab359b248413ff4b82309794d35425270ef3b1017c60cd7de1b91b484ad9f9
race	sentence	paper	global_complete_case_mnar	system	row_pooled	qwen2.5-3b-instruct	gpt-4o	fisher_rao_magnitude_r	pearson_r	14802	936	592	0.06323469801378193	0.05620115245445685	-0.005011514667200841	0.12381338401998772	500	500	3bab359b248413ff4b82309794d35425270ef3b1017c60cd7de1b91b484ad9f9
race	sentence	paper	global_complete_case_mnar	system	row_pooled	qwen2.5-3b-instruct	gpt-4o	fisher_local_magnitude_r	pearson_r	14802	936	592	0.06323469801378193	0.03190431707105972	-0.03130561496942843	0.09825632200723337	500	500	3bab359b248413ff4b82309794d35425270ef3b1017c60cd7de1b91b484ad9f9
race	sentence	paper	global_complete_case_mnar	system	prompt_equal	qwen2.5-3b-instruct	gpt-4o	signed_frobenius_r	pearson_r	14802	936	592	0.06323469801378193	-0.062179158903095284	-0.11619225678496532	-0.008792550068632332	500	500	3bab359b248413ff4b82309794d35425270ef3b1017c60cd7de1b91b484ad9f9
race	sentence	paper	global_complete_case_mnar	system	prompt_equal	qwen2.5-3b-instruct	gpt-4o	direction_cosine	mean_cosine	14802	936	592	0.06323469801378193	-0.05453915435398818	-0.09479912710815587	-0.013896617766632065	500	500	3bab359b248413ff4b82309794d35425270ef3b1017c60cd7de1b91b484ad9f9
race	sentence	paper	global_complete_case_mnar	system	prompt_equal	qwen2.5-3b-instruct	gpt-4o	linear_cka	cka	14802	936	592	0.06323469801378193	0.008693495090139315	0.0043425169733843395	0.028908466754150382	500	500	3bab359b248413ff4b82309794d35425270ef3b1017c60cd7de1b91b484ad9f9
race	sentence	paper	global_complete_case_mnar	system	prompt_equal	qwen2.5-3b-instruct	gpt-4o	aitchison_magnitude_r	pearson_r	14802	936	592	0.06323469801378193	0.0695204211260984	-0.013000311579777714	0.1564310290235285	500	500	3bab359b248413ff4b82309794d35425270ef3b1017c60cd7de1b91b484ad9f9
race	sentence	paper	global_complete_case_mnar	system	prompt_equal	qwen2.5-3b-instruct	gpt-4o	fisher_rao_magnitude_r	pearson_r	14802	936	592	0.06323469801378193	0.07718772957561242	0.006019087476309106	0.15170253935888217	500	500	3bab359b248413ff4b82309794d35425270ef3b1017c60cd7de1b91b484ad9f9
race	sentence	paper	global_complete_case_mnar	system	prompt_equal	qwen2.5-3b-instruct	gpt-4o	fisher_local_magnitude_r	pearson_r	14802	936	592	0.06323469801378193	0.0403148872953531	-0.016419707732263585	0.10120424497601219	500	500	3bab359b248413ff4b82309794d35425270ef3b1017c60cd7de1b91b484ad9f9
race	sentence	paper	global_complete_case_mnar	user	row_pooled	qwen2.5-3b-instruct	gpt-4o	signed_frobenius_r	pearson_r	130742	17703	825	0.1354040782610026	0.36086242993175477	0.3368125961935326	0.38463591418520854	500	500	f4dfff463588ac5ae026c9a5714d6982ed65510e3f0ce476ecc721a02f2aa318
race	sentence	paper	global_complete_case_mnar	user	row_pooled	qwen2.5-3b-instruct	gpt-4o	direction_cosine	mean_cosine	130742	17703	825	0.1354040782610026	0.14329933039916784	0.12932191731468498	0.15835384680791925	500	500	f4dfff463588ac5ae026c9a5714d6982ed65510e3f0ce476ecc721a02f2aa318
race	sentence	paper	global_complete_case_mnar	user	row_pooled	qwen2.5-3b-instruct	gpt-4o	linear_cka	cka	130742	17703	825	0.1354040782610026	0.13075528224685584	0.11442201763509238	0.14892612586921403	500	500	f4dfff463588ac5ae026c9a5714d6982ed65510e3f0ce476ecc721a02f2aa318
race	sentence	paper	global_complete_case_mnar	user	row_pooled	qwen2.5-3b-instruct	gpt-4o	aitchison_magnitude_r	pearson_r	130742	17703	825	0.1354040782610026	0.5381219056431137	0.5181897964713164	0.5577276706685897	500	500	f4dfff463588ac5ae026c9a5714d6982ed65510e3f0ce476ecc721a02f2aa318
race	sentence	paper	global_complete_case_mnar	user	row_pooled	qwen2.5-3b-instruct	gpt-4o	fisher_rao_magnitude_r	pearson_r	130742	17703	825	0.1354040782610026	0.3070429964793996	0.2803311962717684	0.3304607365583536	500	500	f4dfff463588ac5ae026c9a5714d6982ed65510e3f0ce476ecc721a02f2aa318
race	sentence	paper	global_complete_case_mnar	user	row_pooled	qwen2.5-3b-instruct	gpt-4o	fisher_local_magnitude_r	pearson_r	130742	17703	825	0.1354040782610026	0.03871009526104568	-0.002222829756930711	0.08755705434630176	500	500	f4dfff463588ac5ae026c9a5714d6982ed65510e3f0ce476ecc721a02f2aa318
race	sentence	paper	global_complete_case_mnar	user	prompt_equal	qwen2.5-3b-instruct	gpt-4o	signed_frobenius_r	pearson_r	130742	17703	825	0.1354040782610026	0.3867880629945447	0.3576172323330499	0.4134131116891741	500	500	f4dfff463588ac5ae026c9a5714d6982ed65510e3f0ce476ecc721a02f2aa318
race	sentence	paper	global_complete_case_mnar	user	prompt_equal	qwen2.5-3b-instruct	gpt-4o	direction_cosine	mean_cosine	130742	17703	825	0.1354040782610026	0.16547967727932592	0.15081187789797718	0.18001508401705377	500	500	f4dfff463588ac5ae026c9a5714d6982ed65510e3f0ce476ecc721a02f2aa318
race	sentence	paper	global_complete_case_mnar	user	prompt_equal	qwen2.5-3b-instruct	gpt-4o	linear_cka	cka	130742	17703	825	0.1354040782610026	0.15015990841568033	0.12849108470880347	0.17250355203248455	500	500	f4dfff463588ac5ae026c9a5714d6982ed65510e3f0ce476ecc721a02f2aa318
race	sentence	paper	global_complete_case_mnar	user	prompt_equal	qwen2.5-3b-instruct	gpt-4o	aitchison_magnitude_r	pearson_r	130742	17703	825	0.1354040782610026	0.5506881873343045	0.5307148991637087	0.5710595135036879	500	500	f4dfff463588ac5ae026c9a5714d6982ed65510e3f0ce476ecc721a02f2aa318
race	sentence	paper	global_complete_case_mnar	user	prompt_equal	qwen2.5-3b-instruct	gpt-4o	fisher_rao_magnitude_r	pearson_r	130742	17703	825	0.1354040782610026	0.3255666657137861	0.29694924345995694	0.3524824381773185	500	500	f4dfff463588ac5ae026c9a5714d6982ed65510e3f0ce476ecc721a02f2aa318
race	sentence	paper	global_complete_case_mnar	user	prompt_equal	qwen2.5-3b-instruct	gpt-4o	fisher_local_magnitude_r	pearson_r	130742	17703	825	0.1354040782610026	0.03808980955402319	-0.0006175640061405133	0.08447759256476767	500	500	f4dfff463588ac5ae026c9a5714d6982ed65510e3f0ce476ecc721a02f2aa318
race	sentence	paper	global_complete_case_mnar	prediction	row_pooled	qwen2.5-3b-instruct	gpt-4-1	signed_frobenius_r	pearson_r	4934	825	825	0.16720713417105795	0.657503480580059	0.6307498531396554	0.6846680091005456	500	500	bb39c2d2fc4a8ec99452fbbab44f2b1aedd932bc8338ac64de82b714d19ca319
race	sentence	paper	global_complete_case_mnar	prediction	row_pooled	qwen2.5-3b-instruct	gpt-4-1	direction_cosine	mean_cosine	4934	825	825	0.16720713417105795	0.6245306034394794	0.5957957141631102	0.6547241993362081	500	500	bb39c2d2fc4a8ec99452fbbab44f2b1aedd932bc8338ac64de82b714d19ca319
race	sentence	paper	global_complete_case_mnar	prediction	row_pooled	qwen2.5-3b-instruct	gpt-4-1	linear_cka	cka	4934	825	825	0.16720713417105795	0.4361855400905318	0.40302090540884505	0.4750211701818659	500	500	bb39c2d2fc4a8ec99452fbbab44f2b1aedd932bc8338ac64de82b714d19ca319
race	sentence	paper	global_complete_case_mnar	all	row_pooled	qwen2.5-3b-instruct	gpt-4-1	signed_frobenius_r	pearson_r	145544	18639	825	0.1280643654152696	0.3877979749935033	0.36725556496884304	0.4095902864631202	500	500	51385ad7fc65412a0b97abc35d2d48f0037ab21f612a40fbcc1920f35d7c578e
race	sentence	paper	global_complete_case_mnar	all	row_pooled	qwen2.5-3b-instruct	gpt-4-1	direction_cosine	mean_cosine	145544	18639	825	0.1280643654152696	0.14631647911675466	0.13432102996032794	0.15923758278928082	500	500	51385ad7fc65412a0b97abc35d2d48f0037ab21f612a40fbcc1920f35d7c578e
race	sentence	paper	global_complete_case_mnar	all	row_pooled	qwen2.5-3b-instruct	gpt-4-1	linear_cka	cka	145544	18639	825	0.1280643654152696	0.15093629381715457	0.13493428813229097	0.1691308008151549	500	500	51385ad7fc65412a0b97abc35d2d48f0037ab21f612a40fbcc1920f35d7c578e
race	sentence	paper	global_complete_case_mnar	all	row_pooled	qwen2.5-3b-instruct	gpt-4-1	aitchison_magnitude_r	pearson_r	145544	18639	825	0.1280643654152696	0.5560564831347277	0.5390427748381798	0.5755878604248899	500	500	51385ad7fc65412a0b97abc35d2d48f0037ab21f612a40fbcc1920f35d7c578e
race	sentence	paper	global_complete_case_mnar	all	row_pooled	qwen2.5-3b-instruct	gpt-4-1	fisher_rao_magnitude_r	pearson_r	145544	18639	825	0.1280643654152696	0.304105961187457	0.27878612763698624	0.33015901590240804	500	500	51385ad7fc65412a0b97abc35d2d48f0037ab21f612a40fbcc1920f35d7c578e
race	sentence	paper	global_complete_case_mnar	all	row_pooled	qwen2.5-3b-instruct	gpt-4-1	fisher_local_magnitude_r	pearson_r	145544	18639	825	0.1280643654152696	0.08206395499578287	0.023585121154106055	0.14756397661298024	500	500	51385ad7fc65412a0b97abc35d2d48f0037ab21f612a40fbcc1920f35d7c578e
race	sentence	paper	global_complete_case_mnar	all	prompt_equal	qwen2.5-3b-instruct	gpt-4-1	signed_frobenius_r	pearson_r	145544	18639	825	0.1280643654152696	0.41690189755285406	0.39322888431784514	0.4407336706044157	500	500	51385ad7fc65412a0b97abc35d2d48f0037ab21f612a40fbcc1920f35d7c578e
race	sentence	paper	global_complete_case_mnar	all	prompt_equal	qwen2.5-3b-instruct	gpt-4-1	direction_cosine	mean_cosine	145544	18639	825	0.1280643654152696	0.16447213490860008	0.15079775436850199	0.17826440057851264	500	500	51385ad7fc65412a0b97abc35d2d48f0037ab21f612a40fbcc1920f35d7c578e
race	sentence	paper	global_complete_case_mnar	all	prompt_equal	qwen2.5-3b-instruct	gpt-4-1	linear_cka	cka	145544	18639	825	0.1280643654152696	0.17409269953287088	0.15591808145608624	0.19561463215178354	500	500	51385ad7fc65412a0b97abc35d2d48f0037ab21f612a40fbcc1920f35d7c578e
race	sentence	paper	global_complete_case_mnar	all	prompt_equal	qwen2.5-3b-instruct	gpt-4-1	aitchison_magnitude_r	pearson_r	145544	18639	825	0.1280643654152696	0.5719886583718052	0.5517376767144078	0.5920249248394721	500	500	51385ad7fc65412a0b97abc35d2d48f0037ab21f612a40fbcc1920f35d7c578e
race	sentence	paper	global_complete_case_mnar	all	prompt_equal	qwen2.5-3b-instruct	gpt-4-1	fisher_rao_magnitude_r	pearson_r	145544	18639	825	0.1280643654152696	0.3242702928332702	0.29719147661750195	0.34978075699933836	500	500	51385ad7fc65412a0b97abc35d2d48f0037ab21f612a40fbcc1920f35d7c578e
race	sentence	paper	global_complete_case_mnar	all	prompt_equal	qwen2.5-3b-instruct	gpt-4-1	fisher_local_magnitude_r	pearson_r	145544	18639	825	0.1280643654152696	0.07248156927544129	0.01292497974620063	0.13654282703060686	500	500	51385ad7fc65412a0b97abc35d2d48f0037ab21f612a40fbcc1920f35d7c578e
race	sentence	paper	global_complete_case_mnar	system	row_pooled	qwen2.5-3b-instruct	gpt-4-1	signed_frobenius_r	pearson_r	14802	936	592	0.06323469801378193	-0.007680249089387033	-0.04505849972993205	0.02850752456495198	500	500	3bab359b248413ff4b82309794d35425270ef3b1017c60cd7de1b91b484ad9f9
race	sentence	paper	global_complete_case_mnar	system	row_pooled	qwen2.5-3b-instruct	gpt-4-1	direction_cosine	mean_cosine	14802	936	592	0.06323469801378193	-0.00866085780466597	-0.045914761998475016	0.025061920384907302	500	500	3bab359b248413ff4b82309794d35425270ef3b1017c60cd7de1b91b484ad9f9
race	sentence	paper	global_complete_case_mnar	system	row_pooled	qwen2.5-3b-instruct	gpt-4-1	linear_cka	cka	14802	936	592	0.06323469801378193	0.002270195539241432	0.0016900096823413379	0.011231999180689919	500	500	3bab359b248413ff4b82309794d35425270ef3b1017c60cd7de1b91b484ad9f9
race	sentence	paper	global_complete_case_mnar	system	row_pooled	qwen2.5-3b-instruct	gpt-4-1	aitchison_magnitude_r	pearson_r	14802	936	592	0.06323469801378193	0.042221404271907736	-0.010605110451985596	0.09502730953358975	500	500	3bab359b248413ff4b82309794d35425270ef3b1017c60cd7de1b91b484ad9f9
race	sentence	paper	global_complete_case_mnar	system	row_pooled	qwen2.5-3b-instruct	gpt-4-1	fisher_rao_magnitude_r	pearson_r	14802	936	592	0.06323469801378193	0.06401758768956169	-0.0027305120596854996	0.14011081571757136	500	500	3bab359b248413ff4b82309794d35425270ef3b1017c60cd7de1b91b484ad9f9
race	sentence	paper	global_complete_case_mnar	system	row_pooled	qwen2.5-3b-instruct	gpt-4-1	fisher_local_magnitude_r	pearson_r	14802	936	592	0.06323469801378193	0.04513016936398556	-0.023021916792579644	0.13430306949901596	500	500	3bab359b248413ff4b82309794d35425270ef3b1017c60cd7de1b91b484ad9f9
race	sentence	paper	global_complete_case_mnar	system	prompt_equal	qwen2.5-3b-instruct	gpt-4-1	signed_frobenius_r	pearson_r	14802	936	592	0.06323469801378193	0.007169957257374266	-0.03157065722870751	0.04571546320244511	500	500	3bab359b248413ff4b82309794d35425270ef3b1017c60cd7de1b91b484ad9f9
race	sentence	paper	global_complete_case_mnar	system	prompt_equal	qwen2.5-3b-instruct	gpt-4-1	direction_cosine	mean_cosine	14802	936	592	0.06323469801378193	0.0015422300996704478	-0.03894492649872032	0.039442938895271944	500	500	3bab359b248413ff4b82309794d35425270ef3b1017c60cd7de1b91b484ad9f9
race	sentence	paper	global_complete_case_mnar	system	prompt_equal	qwen2.5-3b-instruct	gpt-4-1	linear_cka	cka	14802	936	592	0.06323469801378193	0.0027524030351989905	0.0017544418512684661	0.012431744709580935	500	500	3bab359b248413ff4b82309794d35425270ef3b1017c60cd7de1b91b484ad9f9
race	sentence	paper	global_complete_case_mnar	system	prompt_equal	qwen2.5-3b-instruct	gpt-4-1	aitchison_magnitude_r	pearson_r	14802	936	592	0.06323469801378193	0.047808288460410936	-0.006488009499685171	0.09960785508862116	500	500	3bab359b248413ff4b82309794d35425270ef3b1017c60cd7de1b91b484ad9f9
race	sentence	paper	global_complete_case_mnar	system	prompt_equal	qwen2.5-3b-instruct	gpt-4-1	fisher_rao_magnitude_r	pearson_r	14802	936	592	0.06323469801378193	0.08360626378649597	0.012611799332086664	0.1687557577430072	500	500	3bab359b248413ff4b82309794d35425270ef3b1017c60cd7de1b91b484ad9f9
race	sentence	paper	global_complete_case_mnar	system	prompt_equal	qwen2.5-3b-instruct	gpt-4-1	fisher_local_magnitude_r	pearson_r	14802	936	592	0.06323469801378193	0.06675145390992092	-0.013847464357549555	0.17568980185631566	500	500	3bab359b248413ff4b82309794d35425270ef3b1017c60cd7de1b91b484ad9f9
race	sentence	paper	global_complete_case_mnar	user	row_pooled	qwen2.5-3b-instruct	gpt-4-1	signed_frobenius_r	pearson_r	130742	17703	825	0.1354040782610026	0.39348171546940175	0.37045531684249217	0.41602778920756933	500	500	f4dfff463588ac5ae026c9a5714d6982ed65510e3f0ce476ecc721a02f2aa318
race	sentence	paper	global_complete_case_mnar	user	row_pooled	qwen2.5-3b-instruct	gpt-4-1	direction_cosine	mean_cosine	130742	17703	825	0.1354040782610026	0.15451050201448102	0.1420659060962098	0.16733854510487478	500	500	f4dfff463588ac5ae026c9a5714d6982ed65510e3f0ce476ecc721a02f2aa318
race	sentence	paper	global_complete_case_mnar	user	row_pooled	qwen2.5-3b-instruct	gpt-4-1	linear_cka	cka	130742	17703	825	0.1354040782610026	0.15536982566552685	0.1371390823803868	0.1751646002935522	500	500	f4dfff463588ac5ae026c9a5714d6982ed65510e3f0ce476ecc721a02f2aa318
race	sentence	paper	global_complete_case_mnar	user	row_pooled	qwen2.5-3b-instruct	gpt-4-1	aitchison_magnitude_r	pearson_r	130742	17703	825	0.1354040782610026	0.5583415011254681	0.5399823661389075	0.5787545945449225	500	500	f4dfff463588ac5ae026c9a5714d6982ed65510e3f0ce476ecc721a02f2aa318
race	sentence	paper	global_complete_case_mnar	user	row_pooled	qwen2.5-3b-instruct	gpt-4-1	fisher_rao_magnitude_r	pearson_r	130742	17703	825	0.1354040782610026	0.30739746847138805	0.28140278499355487	0.3339346003649975	500	500	f4dfff463588ac5ae026c9a5714d6982ed65510e3f0ce476ecc721a02f2aa318
race	sentence	paper	global_complete_case_mnar	user	row_pooled	qwen2.5-3b-instruct	gpt-4-1	fisher_local_magnitude_r	pearson_r	130742	17703	825	0.1354040782610026	0.08250877215892007	0.02235499190656553	0.15032933523531433	500	500	f4dfff463588ac5ae026c9a5714d6982ed65510e3f0ce476ecc721a02f2aa318
race	sentence	paper	global_complete_case_mnar	user	prompt_equal	qwen2.5-3b-instruct	gpt-4-1	signed_frobenius_r	pearson_r	130742	17703	825	0.1354040782610026	0.41948824403500035	0.39397862408257167	0.445563757980947	500	500	f4dfff463588ac5ae026c9a5714d6982ed65510e3f0ce476ecc721a02f2aa318
race	sentence	paper	global_complete_case_mnar	user	prompt_equal	qwen2.5-3b-instruct	gpt-4-1	direction_cosine	mean_cosine	130742	17703	825	0.1354040782610026	0.17324367495050244	0.1601576800660673	0.18632849002182472	500	500	f4dfff463588ac5ae026c9a5714d6982ed65510e3f0ce476ecc721a02f2aa318
race	sentence	paper	global_complete_case_mnar	user	prompt_equal	qwen2.5-3b-instruct	gpt-4-1	linear_cka	cka	130742	17703	825	0.1354040782610026	0.17617981542804415	0.15591701989692	0.19962881115026332	500	500	f4dfff463588ac5ae026c9a5714d6982ed65510e3f0ce476ecc721a02f2aa318
race	sentence	paper	global_complete_case_mnar	user	prompt_equal	qwen2.5-3b-instruct	gpt-4-1	aitchison_magnitude_r	pearson_r	130742	17703	825	0.1354040782610026	0.5707894276808849	0.5502870787446061	0.5925972735738277	500	500	f4dfff463588ac5ae026c9a5714d6982ed65510e3f0ce476ecc721a02f2aa318
race	sentence	paper	global_complete_case_mnar	user	prompt_equal	qwen2.5-3b-instruct	gpt-4-1	fisher_rao_magnitude_r	pearson_r	130742	17703	825	0.1354040782610026	0.32434240001465336	0.29841178218876835	0.35345442501251295	500	500	f4dfff463588ac5ae026c9a5714d6982ed65510e3f0ce476ecc721a02f2aa318
race	sentence	paper	global_complete_case_mnar	user	prompt_equal	qwen2.5-3b-instruct	gpt-4-1	fisher_local_magnitude_r	pearson_r	130742	17703	825	0.1354040782610026	0.07210537610073475	0.014495435043384906	0.1368272133973867	500	500	f4dfff463588ac5ae026c9a5714d6982ed65510e3f0ce476ecc721a02f2aa318
race	sentence	paper	global_complete_case_mnar	prediction	row_pooled	qwen2.5-3b-instruct	gemini-2-5-flash-lite-vertex	signed_frobenius_r	pearson_r	4934	825	825	0.16720713417105795	0.6277052445659135	0.5991146286202628	0.6555506603054082	500	500	bb39c2d2fc4a8ec99452fbbab44f2b1aedd932bc8338ac64de82b714d19ca319
race	sentence	paper	global_complete_case_mnar	prediction	row_pooled	qwen2.5-3b-instruct	gemini-2-5-flash-lite-vertex	direction_cosine	mean_cosine	4934	825	825	0.16720713417105795	0.568982639607439	0.5369810187261205	0.600547901290866	500	500	bb39c2d2fc4a8ec99452fbbab44f2b1aedd932bc8338ac64de82b714d19ca319
race	sentence	paper	global_complete_case_mnar	prediction	row_pooled	qwen2.5-3b-instruct	gemini-2-5-flash-lite-vertex	linear_cka	cka	4934	825	825	0.16720713417105795	0.39664085951161443	0.3629690611554447	0.4337564006318114	500	500	bb39c2d2fc4a8ec99452fbbab44f2b1aedd932bc8338ac64de82b714d19ca319
race	sentence	paper	global_complete_case_mnar	all	row_pooled	qwen2.5-3b-instruct	gemini-2-5-flash-lite-vertex	signed_frobenius_r	pearson_r	145544	18639	825	0.1280643654152696	0.27634517397250263	0.2556704334543081	0.30048535252546754	500	500	51385ad7fc65412a0b97abc35d2d48f0037ab21f612a40fbcc1920f35d7c578e
race	sentence	paper	global_complete_case_mnar	all	row_pooled	qwen2.5-3b-instruct	gemini-2-5-flash-lite-vertex	direction_cosine	mean_cosine	145544	18639	825	0.1280643654152696	0.1283590171565978	0.11580165652368855	0.14172195740445445	500	500	51385ad7fc65412a0b97abc35d2d48f0037ab21f612a40fbcc1920f35d7c578e
race	sentence	paper	global_complete_case_mnar	all	row_pooled	qwen2.5-3b-instruct	gemini-2-5-flash-lite-vertex	linear_cka	cka	145544	18639	825	0.1280643654152696	0.07765630895517397	0.06656018354544448	0.09211850655845798	500	500	51385ad7fc65412a0b97abc35d2d48f0037ab21f612a40fbcc1920f35d7c578e
race	sentence	paper	global_complete_case_mnar	all	row_pooled	qwen2.5-3b-instruct	gemini-2-5-flash-lite-vertex	aitchison_magnitude_r	pearson_r	145544	18639	825	0.1280643654152696	0.36361837037184735	0.32909502863538515	0.39704659144945764	500	500	51385ad7fc65412a0b97abc35d2d48f0037ab21f612a40fbcc1920f35d7c578e
race	sentence	paper	global_complete_case_mnar	all	row_pooled	qwen2.5-3b-instruct	gemini-2-5-flash-lite-vertex	fisher_rao_magnitude_r	pearson_r	145544	18639	825	0.1280643654152696	0.272283823372112	0.243369056387865	0.3008728826201445	500	500	51385ad7fc65412a0b97abc35d2d48f0037ab21f612a40fbcc1920f35d7c578e
race	sentence	paper	global_complete_case_mnar	all	row_pooled	qwen2.5-3b-instruct	gemini-2-5-flash-lite-vertex	fisher_local_magnitude_r	pearson_r	145544	18639	825	0.1280643654152696	0.042387013657792925	0.005133786766535053	0.08789467645357207	500	500	51385ad7fc65412a0b97abc35d2d48f0037ab21f612a40fbcc1920f35d7c578e
race	sentence	paper	global_complete_case_mnar	all	prompt_equal	qwen2.5-3b-instruct	gemini-2-5-flash-lite-vertex	signed_frobenius_r	pearson_r	145544	18639	825	0.1280643654152696	0.3104410524676777	0.28845634940861153	0.3354104364165112	500	500	51385ad7fc65412a0b97abc35d2d48f0037ab21f612a40fbcc1920f35d7c578e
race	sentence	paper	global_complete_case_mnar	all	prompt_equal	qwen2.5-3b-instruct	gemini-2-5-flash-lite-vertex	direction_cosine	mean_cosine	145544	18639	825	0.1280643654152696	0.14614991406122824	0.1327367299365891	0.15965961840350332	500	500	51385ad7fc65412a0b97abc35d2d48f0037ab21f612a40fbcc1920f35d7c578e
race	sentence	paper	global_complete_case_mnar	all	prompt_equal	qwen2.5-3b-instruct	gemini-2-5-flash-lite-vertex	linear_cka	cka	145544	18639	825	0.1280643654152696	0.0982516659396632	0.08505734301237569	0.11498844848846164	500	500	51385ad7fc65412a0b97abc35d2d48f0037ab21f612a40fbcc1920f35d7c578e
race	sentence	paper	global_complete_case_mnar	all	prompt_equal	qwen2.5-3b-instruct	gemini-2-5-flash-lite-vertex	aitchison_magnitude_r	pearson_r	145544	18639	825	0.1280643654152696	0.3977542510150466	0.3664304833790538	0.4305815198807589	500	500	51385ad7fc65412a0b97abc35d2d48f0037ab21f612a40fbcc1920f35d7c578e
race	sentence	paper	global_complete_case_mnar	all	prompt_equal	qwen2.5-3b-instruct	gemini-2-5-flash-lite-vertex	fisher_rao_magnitude_r	pearson_r	145544	18639	825	0.1280643654152696	0.29469017065548503	0.26748333877847574	0.32367177573711414	500	500	51385ad7fc65412a0b97abc35d2d48f0037ab21f612a40fbcc1920f35d7c578e
race	sentence	paper	global_complete_case_mnar	all	prompt_equal	qwen2.5-3b-instruct	gemini-2-5-flash-lite-vertex	fisher_local_magnitude_r	pearson_r	145544	18639	825	0.1280643654152696	0.0500808939113909	0.01572369876536826	0.09191524677201365	500	500	51385ad7fc65412a0b97abc35d2d48f0037ab21f612a40fbcc1920f35d7c578e
race	sentence	paper	global_complete_case_mnar	system	row_pooled	qwen2.5-3b-instruct	gemini-2-5-flash-lite-vertex	signed_frobenius_r	pearson_r	14802	936	592	0.06323469801378193	0.04982395581811187	0.008294919767372979	0.09315600926432945	500	500	3bab359b248413ff4b82309794d35425270ef3b1017c60cd7de1b91b484ad9f9
race	sentence	paper	global_complete_case_mnar	system	row_pooled	qwen2.5-3b-instruct	gemini-2-5-flash-lite-vertex	direction_cosine	mean_cosine	14802	936	592	0.06323469801378193	0.05140761116636311	0.01523035127490425	0.09138145433649948	500	500	3bab359b248413ff4b82309794d35425270ef3b1017c60cd7de1b91b484ad9f9
race	sentence	paper	global_complete_case_mnar	system	row_pooled	qwen2.5-3b-instruct	gemini-2-5-flash-lite-vertex	linear_cka	cka	14802	936	592	0.06323469801378193	0.00755019791905377	0.004332634595495813	0.01835981271252452	500	500	3bab359b248413ff4b82309794d35425270ef3b1017c60cd7de1b91b484ad9f9
race	sentence	paper	global_complete_case_mnar	system	row_pooled	qwen2.5-3b-instruct	gemini-2-5-flash-lite-vertex	aitchison_magnitude_r	pearson_r	14802	936	592	0.06323469801378193	0.05209210572002861	-0.0013739375476693985	0.10597167163986583	500	500	3bab359b248413ff4b82309794d35425270ef3b1017c60cd7de1b91b484ad9f9
race	sentence	paper	global_complete_case_mnar	system	row_pooled	qwen2.5-3b-instruct	gemini-2-5-flash-lite-vertex	fisher_rao_magnitude_r	pearson_r	14802	936	592	0.06323469801378193	0.08632591912496702	0.020517368981847414	0.1571413877583046	500	500	3bab359b248413ff4b82309794d35425270ef3b1017c60cd7de1b91b484ad9f9
race	sentence	paper	global_complete_case_mnar	system	row_pooled	qwen2.5-3b-instruct	gemini-2-5-flash-lite-vertex	fisher_local_magnitude_r	pearson_r	14802	936	592	0.06323469801378193	0.009431084463675419	-0.03300818356627313	0.060593413164345584	500	500	3bab359b248413ff4b82309794d35425270ef3b1017c60cd7de1b91b484ad9f9
race	sentence	paper	global_complete_case_mnar	system	prompt_equal	qwen2.5-3b-instruct	gemini-2-5-flash-lite-vertex	signed_frobenius_r	pearson_r	14802	936	592	0.06323469801378193	0.050068505964776085	0.01109018457205788	0.09197051962438464	500	500	3bab359b248413ff4b82309794d35425270ef3b1017c60cd7de1b91b484ad9f9
race	sentence	paper	global_complete_case_mnar	system	prompt_equal	qwen2.5-3b-instruct	gemini-2-5-flash-lite-vertex	direction_cosine	mean_cosine	14802	936	592	0.06323469801378193	0.04910239018187077	0.010135096232544289	0.09141010587847764	500	500	3bab359b248413ff4b82309794d35425270ef3b1017c60cd7de1b91b484ad9f9
race	sentence	paper	global_complete_case_mnar	system	prompt_equal	qwen2.5-3b-instruct	gemini-2-5-flash-lite-vertex	linear_cka	cka	14802	936	592	0.06323469801378193	0.008150149414936908	0.0049728253145537755	0.017843135742430252	500	500	3bab359b248413ff4b82309794d35425270ef3b1017c60cd7de1b91b484ad9f9
race	sentence	paper	global_complete_case_mnar	system	prompt_equal	qwen2.5-3b-instruct	gemini-2-5-flash-lite-vertex	aitchison_magnitude_r	pearson_r	14802	936	592	0.06323469801378193	0.04637748176957277	-0.004241587035262801	0.1009706286773029	500	500	3bab359b248413ff4b82309794d35425270ef3b1017c60cd7de1b91b484ad9f9
race	sentence	paper	global_complete_case_mnar	system	prompt_equal	qwen2.5-3b-instruct	gemini-2-5-flash-lite-vertex	fisher_rao_magnitude_r	pearson_r	14802	936	592	0.06323469801378193	0.06839219680181953	0.008264120078587333	0.13821251163794207	500	500	3bab359b248413ff4b82309794d35425270ef3b1017c60cd7de1b91b484ad9f9
race	sentence	paper	global_complete_case_mnar	system	prompt_equal	qwen2.5-3b-instruct	gemini-2-5-flash-lite-vertex	fisher_local_magnitude_r	pearson_r	14802	936	592	0.06323469801378193	0.006161512249844744	-0.036116681962711526	0.05239949187903107	500	500	3bab359b248413ff4b82309794d35425270ef3b1017c60cd7de1b91b484ad9f9
race	sentence	paper	global_complete_case_mnar	user	row_pooled	qwen2.5-3b-instruct	gemini-2-5-flash-lite-vertex	signed_frobenius_r	pearson_r	130742	17703	825	0.1354040782610026	0.2818995209506528	0.2594659917452634	0.30535604942284	500	500	f4dfff463588ac5ae026c9a5714d6982ed65510e3f0ce476ecc721a02f2aa318
race	sentence	paper	global_complete_case_mnar	user	row_pooled	qwen2.5-3b-instruct	gemini-2-5-flash-lite-vertex	direction_cosine	mean_cosine	130742	17703	825	0.1354040782610026	0.13242762225216692	0.1201801053871936	0.14593329369840785	500	500	f4dfff463588ac5ae026c9a5714d6982ed65510e3f0ce476ecc721a02f2aa318
race	sentence	paper	global_complete_case_mnar	user	row_pooled	qwen2.5-3b-instruct	gemini-2-5-flash-lite-vertex	linear_cka	cka	130742	17703	825	0.1354040782610026	0.0808051495319921	0.0684302396386442	0.09540815518961755	500	500	f4dfff463588ac5ae026c9a5714d6982ed65510e3f0ce476ecc721a02f2aa318
race	sentence	paper	global_complete_case_mnar	user	row_pooled	qwen2.5-3b-instruct	gemini-2-5-flash-lite-vertex	aitchison_magnitude_r	pearson_r	130742	17703	825	0.1354040782610026	0.36853298855844113	0.33519259135954604	0.4012781258633361	500	500	f4dfff463588ac5ae026c9a5714d6982ed65510e3f0ce476ecc721a02f2aa318
race	sentence	paper	global_complete_case_mnar	user	row_pooled	qwen2.5-3b-instruct	gemini-2-5-flash-lite-vertex	fisher_rao_magnitude_r	pearson_r	130742	17703	825	0.1354040782610026	0.27474064904752754	0.24359324755740847	0.30284889091905404	500	500	f4dfff463588ac5ae026c9a5714d6982ed65510e3f0ce476ecc721a02f2aa318
race	sentence	paper	global_complete_case_mnar	user	row_pooled	qwen2.5-3b-instruct	gemini-2-5-flash-lite-vertex	fisher_local_magnitude_r	pearson_r	130742	17703	825	0.1354040782610026	0.043147057990225494	0.003214602436312092	0.0813096662528901	500	500	f4dfff463588ac5ae026c9a5714d6982ed65510e3f0ce476ecc721a02f2aa318
race	sentence	paper	global_complete_case_mnar	user	prompt_equal	qwen2.5-3b-instruct	gemini-2-5-flash-lite-vertex	signed_frobenius_r	pearson_r	130742	17703	825	0.1354040782610026	0.3136019713882956	0.2891527107857855	0.33831187928491463	500	500	f4dfff463588ac5ae026c9a5714d6982ed65510e3f0ce476ecc721a02f2aa318
race	sentence	paper	global_complete_case_mnar	user	prompt_equal	qwen2.5-3b-instruct	gemini-2-5-flash-lite-vertex	direction_cosine	mean_cosine	130742	17703	825	0.1354040782610026	0.14998531801200793	0.1374415063267526	0.1640068922006848	500	500	f4dfff463588ac5ae026c9a5714d6982ed65510e3f0ce476ecc721a02f2aa318
race	sentence	paper	global_complete_case_mnar	user	prompt_equal	qwen2.5-3b-instruct	gemini-2-5-flash-lite-vertex	linear_cka	cka	130742	17703	825	0.1354040782610026	0.10027091709362407	0.0855746377400461	0.11695842588220626	500	500	f4dfff463588ac5ae026c9a5714d6982ed65510e3f0ce476ecc721a02f2aa318
race	sentence	paper	global_complete_case_mnar	user	prompt_equal	qwen2.5-3b-instruct	gemini-2-5-flash-lite-vertex	aitchison_magnitude_r	pearson_r	130742	17703	825	0.1354040782610026	0.3994782327509007	0.36908885455365203	0.4310961788173533	500	500	f4dfff463588ac5ae026c9a5714d6982ed65510e3f0ce476ecc721a02f2aa318
race	sentence	paper	global_complete_case_mnar	user	prompt_equal	qwen2.5-3b-instruct	gemini-2-5-flash-lite-vertex	fisher_rao_magnitude_r	pearson_r	130742	17703	825	0.1354040782610026	0.2950869719837543	0.26344215863906795	0.3231942449477476	500	500	f4dfff463588ac5ae026c9a5714d6982ed65510e3f0ce476ecc721a02f2aa318
race	sentence	paper	global_complete_case_mnar	user	prompt_equal	qwen2.5-3b-instruct	gemini-2-5-flash-lite-vertex	fisher_local_magnitude_r	pearson_r	130742	17703	825	0.1354040782610026	0.049521360159226695	0.011770520519050833	0.08424689151237265	500	500	f4dfff463588ac5ae026c9a5714d6982ed65510e3f0ce476ecc721a02f2aa318
race	sentence	paper	global_complete_case_mnar	prediction	row_pooled	llama-3.1-8b-instruct	qwen2.5-7b-instruct	signed_frobenius_r	pearson_r	4934	825	825	0.16720713417105795	0.6830458879193839	0.6588246114001687	0.7046500031053569	500	500	bb39c2d2fc4a8ec99452fbbab44f2b1aedd932bc8338ac64de82b714d19ca319
race	sentence	paper	global_complete_case_mnar	prediction	row_pooled	llama-3.1-8b-instruct	qwen2.5-7b-instruct	direction_cosine	mean_cosine	4934	825	825	0.16720713417105795	0.6140388830505906	0.5808557243153968	0.6434880288270419	500	500	bb39c2d2fc4a8ec99452fbbab44f2b1aedd932bc8338ac64de82b714d19ca319
race	sentence	paper	global_complete_case_mnar	prediction	row_pooled	llama-3.1-8b-instruct	qwen2.5-7b-instruct	linear_cka	cka	4934	825	825	0.16720713417105795	0.46041796553370773	0.42641094114734035	0.4933461253387436	500	500	bb39c2d2fc4a8ec99452fbbab44f2b1aedd932bc8338ac64de82b714d19ca319
race	sentence	paper	global_complete_case_mnar	all	row_pooled	llama-3.1-8b-instruct	qwen2.5-7b-instruct	signed_frobenius_r	pearson_r	145544	18639	825	0.1280643654152696	0.5050170616282277	0.48511487481990995	0.5259431829117731	500	500	51385ad7fc65412a0b97abc35d2d48f0037ab21f612a40fbcc1920f35d7c578e
race	sentence	paper	global_complete_case_mnar	all	row_pooled	llama-3.1-8b-instruct	qwen2.5-7b-instruct	direction_cosine	mean_cosine	145544	18639	825	0.1280643654152696	0.1778128690549391	0.16504222519368117	0.19137771077143992	500	500	51385ad7fc65412a0b97abc35d2d48f0037ab21f612a40fbcc1920f35d7c578e
race	sentence	paper	global_complete_case_mnar	all	row_pooled	llama-3.1-8b-instruct	qwen2.5-7b-instruct	linear_cka	cka	145544	18639	825	0.1280643654152696	0.25701314552272025	0.23732023108958988	0.28003478925319697	500	500	51385ad7fc65412a0b97abc35d2d48f0037ab21f612a40fbcc1920f35d7c578e
race	sentence	paper	global_complete_case_mnar	all	row_pooled	llama-3.1-8b-instruct	qwen2.5-7b-instruct	aitchison_magnitude_r	pearson_r	145544	18639	825	0.1280643654152696	0.6408971675022621	0.625074398676499	0.6589369994998991	500	500	51385ad7fc65412a0b97abc35d2d48f0037ab21f612a40fbcc1920f35d7c578e
race	sentence	paper	global_complete_case_mnar	all	row_pooled	llama-3.1-8b-instruct	qwen2.5-7b-instruct	fisher_rao_magnitude_r	pearson_r	145544	18639	825	0.1280643654152696	0.5017769384220931	0.47867741272898373	0.5270478816028555	500	500	51385ad7fc65412a0b97abc35d2d48f0037ab21f612a40fbcc1920f35d7c578e
race	sentence	paper	global_complete_case_mnar	all	row_pooled	llama-3.1-8b-instruct	qwen2.5-7b-instruct	fisher_local_magnitude_r	pearson_r	145544	18639	825	0.1280643654152696	0.20001373900094818	0.15907317638134666	0.24296705260461127	500	500	51385ad7fc65412a0b97abc35d2d48f0037ab21f612a40fbcc1920f35d7c578e
race	sentence	paper	global_complete_case_mnar	all	prompt_equal	llama-3.1-8b-instruct	qwen2.5-7b-instruct	signed_frobenius_r	pearson_r	145544	18639	825	0.1280643654152696	0.5270934791735027	0.5046447663723194	0.5507773865710928	500	500	51385ad7fc65412a0b97abc35d2d48f0037ab21f612a40fbcc1920f35d7c578e
race	sentence	paper	global_complete_case_mnar	all	prompt_equal	llama-3.1-8b-instruct	qwen2.5-7b-instruct	direction_cosine	mean_cosine	145544	18639	825	0.1280643654152696	0.1968046913483448	0.18359766472633643	0.21010668236579802	500	500	51385ad7fc65412a0b97abc35d2d48f0037ab21f612a40fbcc1920f35d7c578e
race	sentence	paper	global_complete_case_mnar	all	prompt_equal	llama-3.1-8b-instruct	qwen2.5-7b-instruct	linear_cka	cka	145544	18639	825	0.1280643654152696	0.2815601126225554	0.2579740163944276	0.3098524960734199	500	500	51385ad7fc65412a0b97abc35d2d48f0037ab21f612a40fbcc1920f35d7c578e
race	sentence	paper	global_complete_case_mnar	all	prompt_equal	llama-3.1-8b-instruct	qwen2.5-7b-instruct	aitchison_magnitude_r	pearson_r	145544	18639	825	0.1280643654152696	0.6478165221142079	0.6299920065530112	0.6677753939585805	500	500	51385ad7fc65412a0b97abc35d2d48f0037ab21f612a40fbcc1920f35d7c578e
race	sentence	paper	global_complete_case_mnar	all	prompt_equal	llama-3.1-8b-instruct	qwen2.5-7b-instruct	fisher_rao_magnitude_r	pearson_r	145544	18639	825	0.1280643654152696	0.5188290324468045	0.4949230404351021	0.5443320591139252	500	500	51385ad7fc65412a0b97abc35d2d48f0037ab21f612a40fbcc1920f35d7c578e
race	sentence	paper	global_complete_case_mnar	all	prompt_equal	llama-3.1-8b-instruct	qwen2.5-7b-instruct	fisher_local_magnitude_r	pearson_r	145544	18639	825	0.1280643654152696	0.19093357208013056	0.1468200167216089	0.2340220482704955	500	500	51385ad7fc65412a0b97abc35d2d48f0037ab21f612a40fbcc1920f35d7c578e
race	sentence	paper	global_complete_case_mnar	system	row_pooled	llama-3.1-8b-instruct	qwen2.5-7b-instruct	signed_frobenius_r	pearson_r	14802	936	592	0.06323469801378193	-0.08958310430476554	-0.1356912324380019	-0.04032282431164999	500	500	3bab359b248413ff4b82309794d35425270ef3b1017c60cd7de1b91b484ad9f9
race	sentence	paper	global_complete_case_mnar	system	row_pooled	llama-3.1-8b-instruct	qwen2.5-7b-instruct	direction_cosine	mean_cosine	14802	936	592	0.06323469801378193	0.022694430263883007	-0.01573778473316401	0.06277660966409603	500	500	3bab359b248413ff4b82309794d35425270ef3b1017c60cd7de1b91b484ad9f9
race	sentence	paper	global_complete_case_mnar	system	row_pooled	llama-3.1-8b-instruct	qwen2.5-7b-instruct	linear_cka	cka	14802	936	592	0.06323469801378193	0.026875318510520843	0.019183329201389918	0.04521323761821602	500	500	3bab359b248413ff4b82309794d35425270ef3b1017c60cd7de1b91b484ad9f9
race	sentence	paper	global_complete_case_mnar	system	row_pooled	llama-3.1-8b-instruct	qwen2.5-7b-instruct	aitchison_magnitude_r	pearson_r	14802	936	592	0.06323469801378193	0.49602859694777307	0.44794686042615794	0.5444093258508987	500	500	3bab359b248413ff4b82309794d35425270ef3b1017c60cd7de1b91b484ad9f9
race	sentence	paper	global_complete_case_mnar	system	row_pooled	llama-3.1-8b-instruct	qwen2.5-7b-instruct	fisher_rao_magnitude_r	pearson_r	14802	936	592	0.06323469801378193	0.1792678749176718	0.11690900541758895	0.23734560031842392	500	500	3bab359b248413ff4b82309794d35425270ef3b1017c60cd7de1b91b484ad9f9
race	sentence	paper	global_complete_case_mnar	system	row_pooled	llama-3.1-8b-instruct	qwen2.5-7b-instruct	fisher_local_magnitude_r	pearson_r	14802	936	592	0.06323469801378193	0.14542382763184017	0.08592477691020896	0.20679349443549552	500	500	3bab359b248413ff4b82309794d35425270ef3b1017c60cd7de1b91b484ad9f9
race	sentence	paper	global_complete_case_mnar	system	prompt_equal	llama-3.1-8b-instruct	qwen2.5-7b-instruct	signed_frobenius_r	pearson_r	14802	936	592	0.06323469801378193	-0.0827917443449566	-0.13421810868127604	-0.03171298355405745	500	500	3bab359b248413ff4b82309794d35425270ef3b1017c60cd7de1b91b484ad9f9
race	sentence	paper	global_complete_case_mnar	system	prompt_equal	llama-3.1-8b-instruct	qwen2.5-7b-instruct	direction_cosine	mean_cosine	14802	936	592	0.06323469801378193	0.04066799104131258	-0.0014272147013514407	0.07967418633749632	500	500	3bab359b248413ff4b82309794d35425270ef3b1017c60cd7de1b91b484ad9f9
race	sentence	paper	global_complete_case_mnar	system	prompt_equal	llama-3.1-8b-instruct	qwen2.5-7b-instruct	linear_cka	cka	14802	936	592	0.06323469801378193	0.025840465365727396	0.017727448019676365	0.044482391645009306	500	500	3bab359b248413ff4b82309794d35425270ef3b1017c60cd7de1b91b484ad9f9
race	sentence	paper	global_complete_case_mnar	system	prompt_equal	llama-3.1-8b-instruct	qwen2.5-7b-instruct	aitchison_magnitude_r	pearson_r	14802	936	592	0.06323469801378193	0.511527128320213	0.4634530757883678	0.5573124712810343	500	500	3bab359b248413ff4b82309794d35425270ef3b1017c60cd7de1b91b484ad9f9
race	sentence	paper	global_complete_case_mnar	system	prompt_equal	llama-3.1-8b-instruct	qwen2.5-7b-instruct	fisher_rao_magnitude_r	pearson_r	14802	936	592	0.06323469801378193	0.18716331676567344	0.12137969107143835	0.24284143264827157	500	500	3bab359b248413ff4b82309794d35425270ef3b1017c60cd7de1b91b484ad9f9
race	sentence	paper	global_complete_case_mnar	system	prompt_equal	llama-3.1-8b-instruct	qwen2.5-7b-instruct	fisher_local_magnitude_r	pearson_r	14802	936	592	0.06323469801378193	0.15637835031418096	0.09599286295078757	0.2151482159126205	500	500	3bab359b248413ff4b82309794d35425270ef3b1017c60cd7de1b91b484ad9f9
race	sentence	paper	global_complete_case_mnar	user	row_pooled	llama-3.1-8b-instruct	qwen2.5-7b-instruct	signed_frobenius_r	pearson_r	130742	17703	825	0.1354040782610026	0.5111502218251662	0.48976583722076145	0.5311376416726931	500	500	f4dfff463588ac5ae026c9a5714d6982ed65510e3f0ce476ecc721a02f2aa318
race	sentence	paper	global_complete_case_mnar	user	row_pooled	llama-3.1-8b-instruct	qwen2.5-7b-instruct	direction_cosine	mean_cosine	130742	17703	825	0.1354040782610026	0.18601435234638286	0.17346516603310388	0.20040330921861993	500	500	f4dfff463588ac5ae026c9a5714d6982ed65510e3f0ce476ecc721a02f2aa318
race	sentence	paper	global_complete_case_mnar	user	row_pooled	llama-3.1-8b-instruct	qwen2.5-7b-instruct	linear_cka	cka	130742	17703	825	0.1354040782610026	0.2629551607276261	0.24105716322856796	0.2856546672163908	500	500	f4dfff463588ac5ae026c9a5714d6982ed65510e3f0ce476ecc721a02f2aa318
race	sentence	paper	global_complete_case_mnar	user	row_pooled	llama-3.1-8b-instruct	qwen2.5-7b-instruct	aitchison_magnitude_r	pearson_r	130742	17703	825	0.1354040782610026	0.6405474970515693	0.6229593445016011	0.657551835383952	500	500	f4dfff463588ac5ae026c9a5714d6982ed65510e3f0ce476ecc721a02f2aa318
race	sentence	paper	global_complete_case_mnar	user	row_pooled	llama-3.1-8b-instruct	qwen2.5-7b-instruct	fisher_rao_magnitude_r	pearson_r	130742	17703	825	0.1354040782610026	0.5026423952797663	0.4806170664138503	0.525204145266346	500	500	f4dfff463588ac5ae026c9a5714d6982ed65510e3f0ce476ecc721a02f2aa318
race	sentence	paper	global_complete_case_mnar	user	row_pooled	llama-3.1-8b-instruct	qwen2.5-7b-instruct	fisher_local_magnitude_r	pearson_r	130742	17703	825	0.1354040782610026	0.19970285465180118	0.1566920330497763	0.24149840401236913	500	500	f4dfff463588ac5ae026c9a5714d6982ed65510e3f0ce476ecc721a02f2aa318
race	sentence	paper	global_complete_case_mnar	user	prompt_equal	llama-3.1-8b-instruct	qwen2.5-7b-instruct	signed_frobenius_r	pearson_r	130742	17703	825	0.1354040782610026	0.5299108702669394	0.5047300109248483	0.5518186272909542	500	500	f4dfff463588ac5ae026c9a5714d6982ed65510e3f0ce476ecc721a02f2aa318
race	sentence	paper	global_complete_case_mnar	user	prompt_equal	llama-3.1-8b-instruct	qwen2.5-7b-instruct	direction_cosine	mean_cosine	130742	17703	825	0.1354040782610026	0.20453207589744146	0.19258442609362167	0.2176228918789286	500	500	f4dfff463588ac5ae026c9a5714d6982ed65510e3f0ce476ecc721a02f2aa318
race	sentence	paper	global_complete_case_mnar	user	prompt_equal	llama-3.1-8b-instruct	qwen2.5-7b-instruct	linear_cka	cka	130742	17703	825	0.1354040782610026	0.28429912072642355	0.25720137742587745	0.31047081361752843	500	500	f4dfff463588ac5ae026c9a5714d6982ed65510e3f0ce476ecc721a02f2aa318
race	sentence	paper	global_complete_case_mnar	user	prompt_equal	llama-3.1-8b-instruct	qwen2.5-7b-instruct	aitchison_magnitude_r	pearson_r	130742	17703	825	0.1354040782610026	0.6445493706127667	0.624695988340373	0.662881946807764	500	500	f4dfff463588ac5ae026c9a5714d6982ed65510e3f0ce476ecc721a02f2aa318
race	sentence	paper	global_complete_case_mnar	user	prompt_equal	llama-3.1-8b-instruct	qwen2.5-7b-instruct	fisher_rao_magnitude_r	pearson_r	130742	17703	825	0.1354040782610026	0.5170231021987468	0.49321725657671506	0.5398963173833552	500	500	f4dfff463588ac5ae026c9a5714d6982ed65510e3f0ce476ecc721a02f2aa318
race	sentence	paper	global_complete_case_mnar	user	prompt_equal	llama-3.1-8b-instruct	qwen2.5-7b-instruct	fisher_local_magnitude_r	pearson_r	130742	17703	825	0.1354040782610026	0.191775114109554	0.1447233904219049	0.23728177094051794	500	500	f4dfff463588ac5ae026c9a5714d6982ed65510e3f0ce476ecc721a02f2aa318
race	sentence	paper	global_complete_case_mnar	prediction	row_pooled	llama-3.1-8b-instruct	qwen2.5-14b-instruct	signed_frobenius_r	pearson_r	4934	825	825	0.16720713417105795	0.6675205719385532	0.6419926844893579	0.6915671057150425	500	500	bb39c2d2fc4a8ec99452fbbab44f2b1aedd932bc8338ac64de82b714d19ca319
race	sentence	paper	global_complete_case_mnar	prediction	row_pooled	llama-3.1-8b-instruct	qwen2.5-14b-instruct	direction_cosine	mean_cosine	4934	825	825	0.16720713417105795	0.6076387266727167	0.5792488224422051	0.6399355619248005	500	500	bb39c2d2fc4a8ec99452fbbab44f2b1aedd932bc8338ac64de82b714d19ca319
race	sentence	paper	global_complete_case_mnar	prediction	row_pooled	llama-3.1-8b-instruct	qwen2.5-14b-instruct	linear_cka	cka	4934	825	825	0.16720713417105795	0.44545856905112585	0.4120182083933412	0.48188384239376597	500	500	bb39c2d2fc4a8ec99452fbbab44f2b1aedd932bc8338ac64de82b714d19ca319
race	sentence	paper	global_complete_case_mnar	all	row_pooled	llama-3.1-8b-instruct	qwen2.5-14b-instruct	signed_frobenius_r	pearson_r	145544	18639	825	0.1280643654152696	0.4504653534762225	0.4292128667882087	0.4699540944458616	500	500	51385ad7fc65412a0b97abc35d2d48f0037ab21f612a40fbcc1920f35d7c578e
race	sentence	paper	global_complete_case_mnar	all	row_pooled	llama-3.1-8b-instruct	qwen2.5-14b-instruct	direction_cosine	mean_cosine	145544	18639	825	0.1280643654152696	0.16215103357085092	0.14680837544486405	0.17691218442772713	500	500	51385ad7fc65412a0b97abc35d2d48f0037ab21f612a40fbcc1920f35d7c578e
race	sentence	paper	global_complete_case_mnar	all	row_pooled	llama-3.1-8b-instruct	qwen2.5-14b-instruct	linear_cka	cka	145544	18639	825	0.1280643654152696	0.2036558553892465	0.18506266226721746	0.22261037610706197	500	500	51385ad7fc65412a0b97abc35d2d48f0037ab21f612a40fbcc1920f35d7c578e
race	sentence	paper	global_complete_case_mnar	all	row_pooled	llama-3.1-8b-instruct	qwen2.5-14b-instruct	aitchison_magnitude_r	pearson_r	145544	18639	825	0.1280643654152696	0.59575061885138	0.5786925710353927	0.6094178245193098	500	500	51385ad7fc65412a0b97abc35d2d48f0037ab21f612a40fbcc1920f35d7c578e
race	sentence	paper	global_complete_case_mnar	all	row_pooled	llama-3.1-8b-instruct	qwen2.5-14b-instruct	fisher_rao_magnitude_r	pearson_r	145544	18639	825	0.1280643654152696	0.4430546681519834	0.41895297012812466	0.4645618086798057	500	500	51385ad7fc65412a0b97abc35d2d48f0037ab21f612a40fbcc1920f35d7c578e
race	sentence	paper	global_complete_case_mnar	all	row_pooled	llama-3.1-8b-instruct	qwen2.5-14b-instruct	fisher_local_magnitude_r	pearson_r	145544	18639	825	0.1280643654152696	0.1538256320458731	0.11316762738489687	0.18981949916317356	500	500	51385ad7fc65412a0b97abc35d2d48f0037ab21f612a40fbcc1920f35d7c578e
race	sentence	paper	global_complete_case_mnar	all	prompt_equal	llama-3.1-8b-instruct	qwen2.5-14b-instruct	signed_frobenius_r	pearson_r	145544	18639	825	0.1280643654152696	0.4703696711003094	0.4463467732904168	0.4920397876651174	500	500	51385ad7fc65412a0b97abc35d2d48f0037ab21f612a40fbcc1920f35d7c578e
race	sentence	paper	global_complete_case_mnar	all	prompt_equal	llama-3.1-8b-instruct	qwen2.5-14b-instruct	direction_cosine	mean_cosine	145544	18639	825	0.1280643654152696	0.1815065817795128	0.16706002570061748	0.19524957056720538	500	500	51385ad7fc65412a0b97abc35d2d48f0037ab21f612a40fbcc1920f35d7c578e
race	sentence	paper	global_complete_case_mnar	all	prompt_equal	llama-3.1-8b-instruct	qwen2.5-14b-instruct	linear_cka	cka	145544	18639	825	0.1280643654152696	0.22220378178950417	0.1996740399154444	0.24487663879250637	500	500	51385ad7fc65412a0b97abc35d2d48f0037ab21f612a40fbcc1920f35d7c578e
race	sentence	paper	global_complete_case_mnar	all	prompt_equal	llama-3.1-8b-instruct	qwen2.5-14b-instruct	aitchison_magnitude_r	pearson_r	145544	18639	825	0.1280643654152696	0.5957886170263433	0.5741434262672983	0.6136476586738533	500	500	51385ad7fc65412a0b97abc35d2d48f0037ab21f612a40fbcc1920f35d7c578e
race	sentence	paper	global_complete_case_mnar	all	prompt_equal	llama-3.1-8b-instruct	qwen2.5-14b-instruct	fisher_rao_magnitude_r	pearson_r	145544	18639	825	0.1280643654152696	0.4505038253031965	0.4227985312488511	0.4731851077159086	500	500	51385ad7fc65412a0b97abc35d2d48f0037ab21f612a40fbcc1920f35d7c578e
race	sentence	paper	global_complete_case_mnar	all	prompt_equal	llama-3.1-8b-instruct	qwen2.5-14b-instruct	fisher_local_magnitude_r	pearson_r	145544	18639	825	0.1280643654152696	0.1443914020563767	0.09731496902525454	0.1890299149906511	500	500	51385ad7fc65412a0b97abc35d2d48f0037ab21f612a40fbcc1920f35d7c578e
race	sentence	paper	global_complete_case_mnar	system	row_pooled	llama-3.1-8b-instruct	qwen2.5-14b-instruct	signed_frobenius_r	pearson_r	14802	936	592	0.06323469801378193	0.007721907976240132	-0.034031605911739954	0.04749955172555046	500	500	3bab359b248413ff4b82309794d35425270ef3b1017c60cd7de1b91b484ad9f9
race	sentence	paper	global_complete_case_mnar	system	row_pooled	llama-3.1-8b-instruct	qwen2.5-14b-instruct	direction_cosine	mean_cosine	14802	936	592	0.06323469801378193	0.09157157615065484	0.053540901283760815	0.12914797070639664	500	500	3bab359b248413ff4b82309794d35425270ef3b1017c60cd7de1b91b484ad9f9
race	sentence	paper	global_complete_case_mnar	system	row_pooled	llama-3.1-8b-instruct	qwen2.5-14b-instruct	linear_cka	cka	14802	936	592	0.06323469801378193	0.017454841045256124	0.009950802440769109	0.0322197466372183	500	500	3bab359b248413ff4b82309794d35425270ef3b1017c60cd7de1b91b484ad9f9
race	sentence	paper	global_complete_case_mnar	system	row_pooled	llama-3.1-8b-instruct	qwen2.5-14b-instruct	aitchison_magnitude_r	pearson_r	14802	936	592	0.06323469801378193	0.1814247666015688	0.12194062939041862	0.24467648565892164	500	500	3bab359b248413ff4b82309794d35425270ef3b1017c60cd7de1b91b484ad9f9
race	sentence	paper	global_complete_case_mnar	system	row_pooled	llama-3.1-8b-instruct	qwen2.5-14b-instruct	fisher_rao_magnitude_r	pearson_r	14802	936	592	0.06323469801378193	0.08210657122671125	-0.0023836997280195435	0.17026751701087545	500	500	3bab359b248413ff4b82309794d35425270ef3b1017c60cd7de1b91b484ad9f9
race	sentence	paper	global_complete_case_mnar	system	row_pooled	llama-3.1-8b-instruct	qwen2.5-14b-instruct	fisher_local_magnitude_r	pearson_r	14802	936	592	0.06323469801378193	0.06031476121937577	-0.01578633206584028	0.14504067135686297	500	500	3bab359b248413ff4b82309794d35425270ef3b1017c60cd7de1b91b484ad9f9
race	sentence	paper	global_complete_case_mnar	system	prompt_equal	llama-3.1-8b-instruct	qwen2.5-14b-instruct	signed_frobenius_r	pearson_r	14802	936	592	0.06323469801378193	0.002232141252834517	-0.0414620025673177	0.04353385082216064	500	500	3bab359b248413ff4b82309794d35425270ef3b1017c60cd7de1b91b484ad9f9
race	sentence	paper	global_complete_case_mnar	system	prompt_equal	llama-3.1-8b-instruct	qwen2.5-14b-instruct	direction_cosine	mean_cosine	14802	936	592	0.06323469801378193	0.08625394282334421	0.046627390802444116	0.12593293959641777	500	500	3bab359b248413ff4b82309794d35425270ef3b1017c60cd7de1b91b484ad9f9
race	sentence	paper	global_complete_case_mnar	system	prompt_equal	llama-3.1-8b-instruct	qwen2.5-14b-instruct	linear_cka	cka	14802	936	592	0.06323469801378193	0.019045173223441604	0.00997628933756712	0.036453428327927244	500	500	3bab359b248413ff4b82309794d35425270ef3b1017c60cd7de1b91b484ad9f9
race	sentence	paper	global_complete_case_mnar	system	prompt_equal	llama-3.1-8b-instruct	qwen2.5-14b-instruct	aitchison_magnitude_r	pearson_r	14802	936	592	0.06323469801378193	0.17421815516362577	0.11245341345785807	0.23954380417338383	500	500	3bab359b248413ff4b82309794d35425270ef3b1017c60cd7de1b91b484ad9f9
race	sentence	paper	global_complete_case_mnar	system	prompt_equal	llama-3.1-8b-instruct	qwen2.5-14b-instruct	fisher_rao_magnitude_r	pearson_r	14802	936	592	0.06323469801378193	0.0898244463042651	0.0013212491447138106	0.17438067701550974	500	500	3bab359b248413ff4b82309794d35425270ef3b1017c60cd7de1b91b484ad9f9
race	sentence	paper	global_complete_case_mnar	system	prompt_equal	llama-3.1-8b-instruct	qwen2.5-14b-instruct	fisher_local_magnitude_r	pearson_r	14802	936	592	0.06323469801378193	0.06610756074333757	-0.004353019776012527	0.14861316455095894	500	500	3bab359b248413ff4b82309794d35425270ef3b1017c60cd7de1b91b484ad9f9
race	sentence	paper	global_complete_case_mnar	user	row_pooled	llama-3.1-8b-instruct	qwen2.5-14b-instruct	signed_frobenius_r	pearson_r	130742	17703	825	0.1354040782610026	0.45489952017162	0.4346858095079833	0.47424458811024317	500	500	f4dfff463588ac5ae026c9a5714d6982ed65510e3f0ce476ecc721a02f2aa318
race	sentence	paper	global_complete_case_mnar	user	row_pooled	llama-3.1-8b-instruct	qwen2.5-14b-instruct	direction_cosine	mean_cosine	130742	17703	825	0.1354040782610026	0.1658827384878313	0.15057516067749857	0.17968597214696305	500	500	f4dfff463588ac5ae026c9a5714d6982ed65510e3f0ce476ecc721a02f2aa318
race	sentence	paper	global_complete_case_mnar	user	row_pooled	llama-3.1-8b-instruct	qwen2.5-14b-instruct	linear_cka	cka	130742	17703	825	0.1354040782610026	0.20775856236819507	0.1901108792849691	0.22654135734306147	500	500	f4dfff463588ac5ae026c9a5714d6982ed65510e3f0ce476ecc721a02f2aa318
race	sentence	paper	global_complete_case_mnar	user	row_pooled	llama-3.1-8b-instruct	qwen2.5-14b-instruct	aitchison_magnitude_r	pearson_r	130742	17703	825	0.1354040782610026	0.5965735441675588	0.5811888010209225	0.6121096181725039	500	500	f4dfff463588ac5ae026c9a5714d6982ed65510e3f0ce476ecc721a02f2aa318
race	sentence	paper	global_complete_case_mnar	user	row_pooled	llama-3.1-8b-instruct	qwen2.5-14b-instruct	fisher_rao_magnitude_r	pearson_r	130742	17703	825	0.1354040782610026	0.4440297879027568	0.4224113475977094	0.46814205701090517	500	500	f4dfff463588ac5ae026c9a5714d6982ed65510e3f0ce476ecc721a02f2aa318
race	sentence	paper	global_complete_case_mnar	user	row_pooled	llama-3.1-8b-instruct	qwen2.5-14b-instruct	fisher_local_magnitude_r	pearson_r	130742	17703	825	0.1354040782610026	0.1544242195514126	0.11684753119777767	0.1922652119161023	500	500	f4dfff463588ac5ae026c9a5714d6982ed65510e3f0ce476ecc721a02f2aa318
race	sentence	paper	global_complete_case_mnar	user	prompt_equal	llama-3.1-8b-instruct	qwen2.5-14b-instruct	signed_frobenius_r	pearson_r	130742	17703	825	0.1354040782610026	0.4719681910717615	0.44714017397270894	0.49558091883697525	500	500	f4dfff463588ac5ae026c9a5714d6982ed65510e3f0ce476ecc721a02f2aa318
race	sentence	paper	global_complete_case_mnar	user	prompt_equal	llama-3.1-8b-instruct	qwen2.5-14b-instruct	direction_cosine	mean_cosine	130742	17703	825	0.1354040782610026	0.18566247026636895	0.17024942418676076	0.19971705769460338	500	500	f4dfff463588ac5ae026c9a5714d6982ed65510e3f0ce476ecc721a02f2aa318
race	sentence	paper	global_complete_case_mnar	user	prompt_equal	llama-3.1-8b-instruct	qwen2.5-14b-instruct	linear_cka	cka	130742	17703	825	0.1354040782610026	0.22380155718579156	0.20014425742890515	0.24673909899384278	500	500	f4dfff463588ac5ae026c9a5714d6982ed65510e3f0ce476ecc721a02f2aa318
race	sentence	paper	global_complete_case_mnar	user	prompt_equal	llama-3.1-8b-instruct	qwen2.5-14b-instruct	aitchison_magnitude_r	pearson_r	130742	17703	825	0.1354040782610026	0.5932082810354267	0.5731331984370375	0.6131186997545408	500	500	f4dfff463588ac5ae026c9a5714d6982ed65510e3f0ce476ecc721a02f2aa318
race	sentence	paper	global_complete_case_mnar	user	prompt_equal	llama-3.1-8b-instruct	qwen2.5-14b-instruct	fisher_rao_magnitude_r	pearson_r	130742	17703	825	0.1354040782610026	0.4491276360762974	0.42451088842404155	0.4772482336114015	500	500	f4dfff463588ac5ae026c9a5714d6982ed65510e3f0ce476ecc721a02f2aa318
race	sentence	paper	global_complete_case_mnar	user	prompt_equal	llama-3.1-8b-instruct	qwen2.5-14b-instruct	fisher_local_magnitude_r	pearson_r	130742	17703	825	0.1354040782610026	0.14663964931921733	0.09676496673109372	0.19065787085724095	500	500	f4dfff463588ac5ae026c9a5714d6982ed65510e3f0ce476ecc721a02f2aa318
race	sentence	paper	global_complete_case_mnar	prediction	row_pooled	llama-3.1-8b-instruct	llama3.1-70b-instruct	signed_frobenius_r	pearson_r	4934	825	825	0.16720713417105795	0.7106011698480085	0.6873865787985167	0.7354321302243626	500	500	bb39c2d2fc4a8ec99452fbbab44f2b1aedd932bc8338ac64de82b714d19ca319
race	sentence	paper	global_complete_case_mnar	prediction	row_pooled	llama-3.1-8b-instruct	llama3.1-70b-instruct	direction_cosine	mean_cosine	4934	825	825	0.16720713417105795	0.6589646168373456	0.6285770698583194	0.6877832092431723	500	500	bb39c2d2fc4a8ec99452fbbab44f2b1aedd932bc8338ac64de82b714d19ca319
race	sentence	paper	global_complete_case_mnar	prediction	row_pooled	llama-3.1-8b-instruct	llama3.1-70b-instruct	linear_cka	cka	4934	825	825	0.16720713417105795	0.5037201129306335	0.4700568397944135	0.5415653782438056	500	500	bb39c2d2fc4a8ec99452fbbab44f2b1aedd932bc8338ac64de82b714d19ca319
race	sentence	paper	global_complete_case_mnar	all	row_pooled	llama-3.1-8b-instruct	llama3.1-70b-instruct	signed_frobenius_r	pearson_r	145544	18639	825	0.1280643654152696	0.5575277446299712	0.5349500884140154	0.5784271387289504	500	500	51385ad7fc65412a0b97abc35d2d48f0037ab21f612a40fbcc1920f35d7c578e
race	sentence	paper	global_complete_case_mnar	all	row_pooled	llama-3.1-8b-instruct	llama3.1-70b-instruct	direction_cosine	mean_cosine	145544	18639	825	0.1280643654152696	0.21477677291854003	0.20145208445922655	0.23011204516011588	500	500	51385ad7fc65412a0b97abc35d2d48f0037ab21f612a40fbcc1920f35d7c578e
race	sentence	paper	global_complete_case_mnar	all	row_pooled	llama-3.1-8b-instruct	llama3.1-70b-instruct	linear_cka	cka	145544	18639	825	0.1280643654152696	0.3159049635950318	0.29067180833000916	0.34162026335489776	500	500	51385ad7fc65412a0b97abc35d2d48f0037ab21f612a40fbcc1920f35d7c578e
race	sentence	paper	global_complete_case_mnar	all	row_pooled	llama-3.1-8b-instruct	llama3.1-70b-instruct	aitchison_magnitude_r	pearson_r	145544	18639	825	0.1280643654152696	0.6951397465736464	0.6780644752923594	0.7116812760996766	500	500	51385ad7fc65412a0b97abc35d2d48f0037ab21f612a40fbcc1920f35d7c578e
race	sentence	paper	global_complete_case_mnar	all	row_pooled	llama-3.1-8b-instruct	llama3.1-70b-instruct	fisher_rao_magnitude_r	pearson_r	145544	18639	825	0.1280643654152696	0.6184472565391178	0.5958041912990609	0.6399700131951556	500	500	51385ad7fc65412a0b97abc35d2d48f0037ab21f612a40fbcc1920f35d7c578e
race	sentence	paper	global_complete_case_mnar	all	row_pooled	llama-3.1-8b-instruct	llama3.1-70b-instruct	fisher_local_magnitude_r	pearson_r	145544	18639	825	0.1280643654152696	0.42110098864235607	0.39030080556285046	0.45152103766399826	500	500	51385ad7fc65412a0b97abc35d2d48f0037ab21f612a40fbcc1920f35d7c578e
race	sentence	paper	global_complete_case_mnar	all	prompt_equal	llama-3.1-8b-instruct	llama3.1-70b-instruct	signed_frobenius_r	pearson_r	145544	18639	825	0.1280643654152696	0.5796210362875196	0.5528551085191257	0.6049877171167054	500	500	51385ad7fc65412a0b97abc35d2d48f0037ab21f612a40fbcc1920f35d7c578e
race	sentence	paper	global_complete_case_mnar	all	prompt_equal	llama-3.1-8b-instruct	llama3.1-70b-instruct	direction_cosine	mean_cosine	145544	18639	825	0.1280643654152696	0.23655596246179048	0.2221882519176348	0.2504828318192502	500	500	51385ad7fc65412a0b97abc35d2d48f0037ab21f612a40fbcc1920f35d7c578e
race	sentence	paper	global_complete_case_mnar	all	prompt_equal	llama-3.1-8b-instruct	llama3.1-70b-instruct	linear_cka	cka	145544	18639	825	0.1280643654152696	0.3439361811786996	0.3143978411835502	0.3767347519944119	500	500	51385ad7fc65412a0b97abc35d2d48f0037ab21f612a40fbcc1920f35d7c578e
race	sentence	paper	global_complete_case_mnar	all	prompt_equal	llama-3.1-8b-instruct	llama3.1-70b-instruct	aitchison_magnitude_r	pearson_r	145544	18639	825	0.1280643654152696	0.7018209826970933	0.680538232390151	0.7208793873201168	500	500	51385ad7fc65412a0b97abc35d2d48f0037ab21f612a40fbcc1920f35d7c578e
race	sentence	paper	global_complete_case_mnar	all	prompt_equal	llama-3.1-8b-instruct	llama3.1-70b-instruct	fisher_rao_magnitude_r	pearson_r	145544	18639	825	0.1280643654152696	0.6353754941753728	0.6116267612290656	0.6602560084452407	500	500	51385ad7fc65412a0b97abc35d2d48f0037ab21f612a40fbcc1920f35d7c578e
race	sentence	paper	global_complete_case_mnar	all	prompt_equal	llama-3.1-8b-instruct	llama3.1-70b-instruct	fisher_local_magnitude_r	pearson_r	145544	18639	825	0.1280643654152696	0.41930838203349974	0.3840373644421824	0.4500258413122435	500	500	51385ad7fc65412a0b97abc35d2d48f0037ab21f612a40fbcc1920f35d7c578e
race	sentence	paper	global_complete_case_mnar	system	row_pooled	llama-3.1-8b-instruct	llama3.1-70b-instruct	signed_frobenius_r	pearson_r	14802	936	592	0.06323469801378193	0.0923399336467143	0.04836374142968195	0.1367722801420562	500	500	3bab359b248413ff4b82309794d35425270ef3b1017c60cd7de1b91b484ad9f9
race	sentence	paper	global_complete_case_mnar	system	row_pooled	llama-3.1-8b-instruct	llama3.1-70b-instruct	direction_cosine	mean_cosine	14802	936	592	0.06323469801378193	0.12782539757238343	0.09322608599680374	0.16461243349722832	500	500	3bab359b248413ff4b82309794d35425270ef3b1017c60cd7de1b91b484ad9f9
race	sentence	paper	global_complete_case_mnar	system	row_pooled	llama-3.1-8b-instruct	llama3.1-70b-instruct	linear_cka	cka	14802	936	592	0.06323469801378193	0.013870510193932522	0.0062918806661295115	0.032314188435115625	500	500	3bab359b248413ff4b82309794d35425270ef3b1017c60cd7de1b91b484ad9f9
race	sentence	paper	global_complete_case_mnar	system	row_pooled	llama-3.1-8b-instruct	llama3.1-70b-instruct	aitchison_magnitude_r	pearson_r	14802	936	592	0.06323469801378193	0.33804682259956903	0.2838285965658073	0.3952755340266932	500	500	3bab359b248413ff4b82309794d35425270ef3b1017c60cd7de1b91b484ad9f9
race	sentence	paper	global_complete_case_mnar	system	row_pooled	llama-3.1-8b-instruct	llama3.1-70b-instruct	fisher_rao_magnitude_r	pearson_r	14802	936	592	0.06323469801378193	0.16867820192748031	0.11706392555661661	0.2282703350237869	500	500	3bab359b248413ff4b82309794d35425270ef3b1017c60cd7de1b91b484ad9f9
race	sentence	paper	global_complete_case_mnar	system	row_pooled	llama-3.1-8b-instruct	llama3.1-70b-instruct	fisher_local_magnitude_r	pearson_r	14802	936	592	0.06323469801378193	0.1648585145793177	0.10486214503750257	0.22668715180799706	500	500	3bab359b248413ff4b82309794d35425270ef3b1017c60cd7de1b91b484ad9f9
race	sentence	paper	global_complete_case_mnar	system	prompt_equal	llama-3.1-8b-instruct	llama3.1-70b-instruct	signed_frobenius_r	pearson_r	14802	936	592	0.06323469801378193	0.10407484644353059	0.059220724600994444	0.1493268402757352	500	500	3bab359b248413ff4b82309794d35425270ef3b1017c60cd7de1b91b484ad9f9
race	sentence	paper	global_complete_case_mnar	system	prompt_equal	llama-3.1-8b-instruct	llama3.1-70b-instruct	direction_cosine	mean_cosine	14802	936	592	0.06323469801378193	0.13293962535867435	0.0962643608002079	0.17300166765899894	500	500	3bab359b248413ff4b82309794d35425270ef3b1017c60cd7de1b91b484ad9f9
race	sentence	paper	global_complete_case_mnar	system	prompt_equal	llama-3.1-8b-instruct	llama3.1-70b-instruct	linear_cka	cka	14802	936	592	0.06323469801378193	0.017695032142265806	0.008665286352852923	0.040787376962750976	500	500	3bab359b248413ff4b82309794d35425270ef3b1017c60cd7de1b91b484ad9f9
race	sentence	paper	global_complete_case_mnar	system	prompt_equal	llama-3.1-8b-instruct	llama3.1-70b-instruct	aitchison_magnitude_r	pearson_r	14802	936	592	0.06323469801378193	0.3363652247218409	0.2808010672837794	0.3948244250837017	500	500	3bab359b248413ff4b82309794d35425270ef3b1017c60cd7de1b91b484ad9f9
race	sentence	paper	global_complete_case_mnar	system	prompt_equal	llama-3.1-8b-instruct	llama3.1-70b-instruct	fisher_rao_magnitude_r	pearson_r	14802	936	592	0.06323469801378193	0.17125326982947175	0.11729811923244146	0.2307069363464259	500	500	3bab359b248413ff4b82309794d35425270ef3b1017c60cd7de1b91b484ad9f9
race	sentence	paper	global_complete_case_mnar	system	prompt_equal	llama-3.1-8b-instruct	llama3.1-70b-instruct	fisher_local_magnitude_r	pearson_r	14802	936	592	0.06323469801378193	0.17540232941872633	0.11927331222330922	0.2375565122026317	500	500	3bab359b248413ff4b82309794d35425270ef3b1017c60cd7de1b91b484ad9f9
race	sentence	paper	global_complete_case_mnar	user	row_pooled	llama-3.1-8b-instruct	llama3.1-70b-instruct	signed_frobenius_r	pearson_r	130742	17703	825	0.1354040782610026	0.5617579470662915	0.5421132793883805	0.5821026159744819	500	500	f4dfff463588ac5ae026c9a5714d6982ed65510e3f0ce476ecc721a02f2aa318
race	sentence	paper	global_complete_case_mnar	user	row_pooled	llama-3.1-8b-instruct	llama3.1-70b-instruct	direction_cosine	mean_cosine	130742	17703	825	0.1354040782610026	0.2193756590192352	0.20490316637964714	0.2341363744041815	500	500	f4dfff463588ac5ae026c9a5714d6982ed65510e3f0ce476ecc721a02f2aa318
race	sentence	paper	global_complete_case_mnar	user	row_pooled	llama-3.1-8b-instruct	llama3.1-70b-instruct	linear_cka	cka	130742	17703	825	0.1354040782610026	0.32065284802745203	0.2973214723060403	0.34571055667292316	500	500	f4dfff463588ac5ae026c9a5714d6982ed65510e3f0ce476ecc721a02f2aa318
race	sentence	paper	global_complete_case_mnar	user	row_pooled	llama-3.1-8b-instruct	llama3.1-70b-instruct	aitchison_magnitude_r	pearson_r	130742	17703	825	0.1354040782610026	0.6963315320009137	0.680630454800494	0.7135245177775846	500	500	f4dfff463588ac5ae026c9a5714d6982ed65510e3f0ce476ecc721a02f2aa318
race	sentence	paper	global_complete_case_mnar	user	row_pooled	llama-3.1-8b-instruct	llama3.1-70b-instruct	fisher_rao_magnitude_r	pearson_r	130742	17703	825	0.1354040782610026	0.6200424960582355	0.5984672875698217	0.6419571090490489	500	500	f4dfff463588ac5ae026c9a5714d6982ed65510e3f0ce476ecc721a02f2aa318
race	sentence	paper	global_complete_case_mnar	user	row_pooled	llama-3.1-8b-instruct	llama3.1-70b-instruct	fisher_local_magnitude_r	pearson_r	130742	17703	825	0.1354040782610026	0.42311856160735184	0.39281120733570024	0.4525565168544929	500	500	f4dfff463588ac5ae026c9a5714d6982ed65510e3f0ce476ecc721a02f2aa318
race	sentence	paper	global_complete_case_mnar	user	prompt_equal	llama-3.1-8b-instruct	llama3.1-70b-instruct	signed_frobenius_r	pearson_r	130742	17703	825	0.1354040782610026	0.5809022989731477	0.5572114921633945	0.6055898027321974	500	500	f4dfff463588ac5ae026c9a5714d6982ed65510e3f0ce476ecc721a02f2aa318
race	sentence	paper	global_complete_case_mnar	user	prompt_equal	llama-3.1-8b-instruct	llama3.1-70b-instruct	direction_cosine	mean_cosine	130742	17703	825	0.1354040782610026	0.24188248589296776	0.22806457332060798	0.25664011361478806	500	500	f4dfff463588ac5ae026c9a5714d6982ed65510e3f0ce476ecc721a02f2aa318
race	sentence	paper	global_complete_case_mnar	user	prompt_equal	llama-3.1-8b-instruct	llama3.1-70b-instruct	linear_cka	cka	130742	17703	825	0.1354040782610026	0.34518356794952126	0.31596521436483604	0.3787376185559978	500	500	f4dfff463588ac5ae026c9a5714d6982ed65510e3f0ce476ecc721a02f2aa318
race	sentence	paper	global_complete_case_mnar	user	prompt_equal	llama-3.1-8b-instruct	llama3.1-70b-instruct	aitchison_magnitude_r	pearson_r	130742	17703	825	0.1354040782610026	0.7004293879896615	0.68094716192087	0.7220216910746738	500	500	f4dfff463588ac5ae026c9a5714d6982ed65510e3f0ce476ecc721a02f2aa318
race	sentence	paper	global_complete_case_mnar	user	prompt_equal	llama-3.1-8b-instruct	llama3.1-70b-instruct	fisher_rao_magnitude_r	pearson_r	130742	17703	825	0.1354040782610026	0.6343387469351595	0.6106036380629931	0.6581061718462029	500	500	f4dfff463588ac5ae026c9a5714d6982ed65510e3f0ce476ecc721a02f2aa318
race	sentence	paper	global_complete_case_mnar	user	prompt_equal	llama-3.1-8b-instruct	llama3.1-70b-instruct	fisher_local_magnitude_r	pearson_r	130742	17703	825	0.1354040782610026	0.4212320508136954	0.3880740683197493	0.4548502472598443	500	500	f4dfff463588ac5ae026c9a5714d6982ed65510e3f0ce476ecc721a02f2aa318
race	sentence	paper	global_complete_case_mnar	prediction	row_pooled	llama-3.1-8b-instruct	llama3.3-70b-instruct	signed_frobenius_r	pearson_r	4934	825	825	0.16720713417105795	0.6658101451382215	0.642029238248735	0.691346420300452	500	500	bb39c2d2fc4a8ec99452fbbab44f2b1aedd932bc8338ac64de82b714d19ca319
race	sentence	paper	global_complete_case_mnar	prediction	row_pooled	llama-3.1-8b-instruct	llama3.3-70b-instruct	direction_cosine	mean_cosine	4934	825	825	0.16720713417105795	0.6167315376156228	0.5864083449738802	0.6465483393612698	500	500	bb39c2d2fc4a8ec99452fbbab44f2b1aedd932bc8338ac64de82b714d19ca319
race	sentence	paper	global_complete_case_mnar	prediction	row_pooled	llama-3.1-8b-instruct	llama3.3-70b-instruct	linear_cka	cka	4934	825	825	0.16720713417105795	0.4373063573256284	0.4065527786834788	0.47493220045631623	500	500	bb39c2d2fc4a8ec99452fbbab44f2b1aedd932bc8338ac64de82b714d19ca319
race	sentence	paper	global_complete_case_mnar	all	row_pooled	llama-3.1-8b-instruct	llama3.3-70b-instruct	signed_frobenius_r	pearson_r	145544	18639	825	0.1280643654152696	0.5265186575380676	0.5049118226435579	0.5484196238165446	500	500	51385ad7fc65412a0b97abc35d2d48f0037ab21f612a40fbcc1920f35d7c578e
race	sentence	paper	global_complete_case_mnar	all	row_pooled	llama-3.1-8b-instruct	llama3.3-70b-instruct	direction_cosine	mean_cosine	145544	18639	825	0.1280643654152696	0.20948249388026294	0.1962062236210463	0.2218772931519501	500	500	51385ad7fc65412a0b97abc35d2d48f0037ab21f612a40fbcc1920f35d7c578e
race	sentence	paper	global_complete_case_mnar	all	row_pooled	llama-3.1-8b-instruct	llama3.3-70b-instruct	linear_cka	cka	145544	18639	825	0.1280643654152696	0.2818962313539064	0.25974354883914885	0.3071877646961932	500	500	51385ad7fc65412a0b97abc35d2d48f0037ab21f612a40fbcc1920f35d7c578e
race	sentence	paper	global_complete_case_mnar	all	row_pooled	llama-3.1-8b-instruct	llama3.3-70b-instruct	aitchison_magnitude_r	pearson_r	145544	18639	825	0.1280643654152696	0.6529188302290887	0.6316629825939225	0.6716376464455811	500	500	51385ad7fc65412a0b97abc35d2d48f0037ab21f612a40fbcc1920f35d7c578e
race	sentence	paper	global_complete_case_mnar	all	row_pooled	llama-3.1-8b-instruct	llama3.3-70b-instruct	fisher_rao_magnitude_r	pearson_r	145544	18639	825	0.1280643654152696	0.5001769253571515	0.47180407269740077	0.5243265794979594	500	500	51385ad7fc65412a0b97abc35d2d48f0037ab21f612a40fbcc1920f35d7c578e
race	sentence	paper	global_complete_case_mnar	all	row_pooled	llama-3.1-8b-instruct	llama3.3-70b-instruct	fisher_local_magnitude_r	pearson_r	145544	18639	825	0.1280643654152696	0.14041933032900328	0.1116291175342971	0.17565399231244117	500	500	51385ad7fc65412a0b97abc35d2d48f0037ab21f612a40fbcc1920f35d7c578e
race	sentence	paper	global_complete_case_mnar	all	prompt_equal	llama-3.1-8b-instruct	llama3.3-70b-instruct	signed_frobenius_r	pearson_r	145544	18639	825	0.1280643654152696	0.5454688941844246	0.5191570024123681	0.5694060258989334	500	500	51385ad7fc65412a0b97abc35d2d48f0037ab21f612a40fbcc1920f35d7c578e
race	sentence	paper	global_complete_case_mnar	all	prompt_equal	llama-3.1-8b-instruct	llama3.3-70b-instruct	direction_cosine	mean_cosine	145544	18639	825	0.1280643654152696	0.22813876366365848	0.21617157583187535	0.2401433615529667	500	500	51385ad7fc65412a0b97abc35d2d48f0037ab21f612a40fbcc1920f35d7c578e
race	sentence	paper	global_complete_case_mnar	all	prompt_equal	llama-3.1-8b-instruct	llama3.3-70b-instruct	linear_cka	cka	145544	18639	825	0.1280643654152696	0.3037671304126796	0.2757323646450245	0.33429590652757507	500	500	51385ad7fc65412a0b97abc35d2d48f0037ab21f612a40fbcc1920f35d7c578e
race	sentence	paper	global_complete_case_mnar	all	prompt_equal	llama-3.1-8b-instruct	llama3.3-70b-instruct	aitchison_magnitude_r	pearson_r	145544	18639	825	0.1280643654152696	0.659917455302838	0.6335364346497767	0.6828603456334936	500	500	51385ad7fc65412a0b97abc35d2d48f0037ab21f612a40fbcc1920f35d7c578e
race	sentence	paper	global_complete_case_mnar	all	prompt_equal	llama-3.1-8b-instruct	llama3.3-70b-instruct	fisher_rao_magnitude_r	pearson_r	145544	18639	825	0.1280643654152696	0.5226055484190565	0.4896286061935358	0.5480836618260638	500	500	51385ad7fc65412a0b97abc35d2d48f0037ab21f612a40fbcc1920f35d7c578e
race	sentence	paper	global_complete_case_mnar	all	prompt_equal	llama-3.1-8b-instruct	llama3.3-70b-instruct	fisher_local_magnitude_r	pearson_r	145544	18639	825	0.1280643654152696	0.12912439660744673	0.09551876002094187	0.17097721136557428	500	500	51385ad7fc65412a0b97abc35d2d48f0037ab21f612a40fbcc1920f35d7c578e
race	sentence	paper	global_complete_case_mnar	system	row_pooled	llama-3.1-8b-instruct	llama3.3-70b-instruct	signed_frobenius_r	pearson_r	14802	936	592	0.06323469801378193	0.1862873645062724	0.14613512627938596	0.22763920127145376	500	500	3bab359b248413ff4b82309794d35425270ef3b1017c60cd7de1b91b484ad9f9
race	sentence	paper	global_complete_case_mnar	system	row_pooled	llama-3.1-8b-instruct	llama3.3-70b-instruct	direction_cosine	mean_cosine	14802	936	592	0.06323469801378193	0.17528698543902232	0.1387055034417964	0.20578896875879624	500	500	3bab359b248413ff4b82309794d35425270ef3b1017c60cd7de1b91b484ad9f9
race	sentence	paper	global_complete_case_mnar	system	row_pooled	llama-3.1-8b-instruct	llama3.3-70b-instruct	linear_cka	cka	14802	936	592	0.06323469801378193	0.09439049211332198	0.07007016918395177	0.12866377750006194	500	500	3bab359b248413ff4b82309794d35425270ef3b1017c60cd7de1b91b484ad9f9
race	sentence	paper	global_complete_case_mnar	system	row_pooled	llama-3.1-8b-instruct	llama3.3-70b-instruct	aitchison_magnitude_r	pearson_r	14802	936	592	0.06323469801378193	0.30562060392249973	0.24768505768901353	0.3641950871662044	500	500	3bab359b248413ff4b82309794d35425270ef3b1017c60cd7de1b91b484ad9f9
race	sentence	paper	global_complete_case_mnar	system	row_pooled	llama-3.1-8b-instruct	llama3.3-70b-instruct	fisher_rao_magnitude_r	pearson_r	14802	936	592	0.06323469801378193	0.08559971890299353	0.02407972117495394	0.15728509235947935	500	500	3bab359b248413ff4b82309794d35425270ef3b1017c60cd7de1b91b484ad9f9
race	sentence	paper	global_complete_case_mnar	system	row_pooled	llama-3.1-8b-instruct	llama3.3-70b-instruct	fisher_local_magnitude_r	pearson_r	14802	936	592	0.06323469801378193	0.06949413361266607	0.006690062579986377	0.1492579442329443	500	500	3bab359b248413ff4b82309794d35425270ef3b1017c60cd7de1b91b484ad9f9
race	sentence	paper	global_complete_case_mnar	system	prompt_equal	llama-3.1-8b-instruct	llama3.3-70b-instruct	signed_frobenius_r	pearson_r	14802	936	592	0.06323469801378193	0.1956811623398953	0.15575179046692977	0.2410897380045246	500	500	3bab359b248413ff4b82309794d35425270ef3b1017c60cd7de1b91b484ad9f9
race	sentence	paper	global_complete_case_mnar	system	prompt_equal	llama-3.1-8b-instruct	llama3.3-70b-instruct	direction_cosine	mean_cosine	14802	936	592	0.06323469801378193	0.17608984061298658	0.13728665491175135	0.2116598655298745	500	500	3bab359b248413ff4b82309794d35425270ef3b1017c60cd7de1b91b484ad9f9
race	sentence	paper	global_complete_case_mnar	system	prompt_equal	llama-3.1-8b-instruct	llama3.3-70b-instruct	linear_cka	cka	14802	936	592	0.06323469801378193	0.09741277168736188	0.07123837798908524	0.13510271468094484	500	500	3bab359b248413ff4b82309794d35425270ef3b1017c60cd7de1b91b484ad9f9
race	sentence	paper	global_complete_case_mnar	system	prompt_equal	llama-3.1-8b-instruct	llama3.3-70b-instruct	aitchison_magnitude_r	pearson_r	14802	936	592	0.06323469801378193	0.3064008620240234	0.24806794816745975	0.36784768757620157	500	500	3bab359b248413ff4b82309794d35425270ef3b1017c60cd7de1b91b484ad9f9
race	sentence	paper	global_complete_case_mnar	system	prompt_equal	llama-3.1-8b-instruct	llama3.3-70b-instruct	fisher_rao_magnitude_r	pearson_r	14802	936	592	0.06323469801378193	0.08393379207909826	0.025851499070187384	0.15168645845439865	500	500	3bab359b248413ff4b82309794d35425270ef3b1017c60cd7de1b91b484ad9f9
race	sentence	paper	global_complete_case_mnar	system	prompt_equal	llama-3.1-8b-instruct	llama3.3-70b-instruct	fisher_local_magnitude_r	pearson_r	14802	936	592	0.06323469801378193	0.06806129264998782	0.006895316886453543	0.14190115284007293	500	500	3bab359b248413ff4b82309794d35425270ef3b1017c60cd7de1b91b484ad9f9
race	sentence	paper	global_complete_case_mnar	user	row_pooled	llama-3.1-8b-instruct	llama3.3-70b-instruct	signed_frobenius_r	pearson_r	130742	17703	825	0.1354040782610026	0.529196219467746	0.5046980063773439	0.5530161072703402	500	500	f4dfff463588ac5ae026c9a5714d6982ed65510e3f0ce476ecc721a02f2aa318
race	sentence	paper	global_complete_case_mnar	user	row_pooled	llama-3.1-8b-instruct	llama3.3-70b-instruct	direction_cosine	mean_cosine	130742	17703	825	0.1354040782610026	0.2112924348382476	0.19547054984715354	0.225862414642382	500	500	f4dfff463588ac5ae026c9a5714d6982ed65510e3f0ce476ecc721a02f2aa318
race	sentence	paper	global_complete_case_mnar	user	row_pooled	llama-3.1-8b-instruct	llama3.3-70b-instruct	linear_cka	cka	130742	17703	825	0.1354040782610026	0.28489900703587534	0.2595680819220132	0.31257919993518635	500	500	f4dfff463588ac5ae026c9a5714d6982ed65510e3f0ce476ecc721a02f2aa318
race	sentence	paper	global_complete_case_mnar	user	row_pooled	llama-3.1-8b-instruct	llama3.3-70b-instruct	aitchison_magnitude_r	pearson_r	130742	17703	825	0.1354040782610026	0.6537386004345899	0.6340431726437942	0.6718806362530272	500	500	f4dfff463588ac5ae026c9a5714d6982ed65510e3f0ce476ecc721a02f2aa318
race	sentence	paper	global_complete_case_mnar	user	row_pooled	llama-3.1-8b-instruct	llama3.3-70b-instruct	fisher_rao_magnitude_r	pearson_r	130742	17703	825	0.1354040782610026	0.501474423240048	0.4773548884308061	0.5292733099794846	500	500	f4dfff463588ac5ae026c9a5714d6982ed65510e3f0ce476ecc721a02f2aa318
race	sentence	paper	global_complete_case_mnar	user	row_pooled	llama-3.1-8b-instruct	llama3.3-70b-instruct	fisher_local_magnitude_r	pearson_r	130742	17703	825	0.1354040782610026	0.1402342012450278	0.11017677682272863	0.17200338679157323	500	500	f4dfff463588ac5ae026c9a5714d6982ed65510e3f0ce476ecc721a02f2aa318
race	sentence	paper	global_complete_case_mnar	user	prompt_equal	llama-3.1-8b-instruct	llama3.3-70b-instruct	signed_frobenius_r	pearson_r	130742	17703	825	0.1354040782610026	0.5453823976520928	0.5175732904754149	0.5712501077326626	500	500	f4dfff463588ac5ae026c9a5714d6982ed65510e3f0ce476ecc721a02f2aa318
race	sentence	paper	global_complete_case_mnar	user	prompt_equal	llama-3.1-8b-instruct	llama3.3-70b-instruct	direction_cosine	mean_cosine	130742	17703	825	0.1354040782610026	0.22953335245245535	0.2140131593873236	0.2431886527910154	500	500	f4dfff463588ac5ae026c9a5714d6982ed65510e3f0ce476ecc721a02f2aa318
race	sentence	paper	global_complete_case_mnar	user	prompt_equal	llama-3.1-8b-instruct	llama3.3-70b-instruct	linear_cka	cka	130742	17703	825	0.1354040782610026	0.3035893320437442	0.2714264123794786	0.33786816465893627	500	500	f4dfff463588ac5ae026c9a5714d6982ed65510e3f0ce476ecc721a02f2aa318
race	sentence	paper	global_complete_case_mnar	user	prompt_equal	llama-3.1-8b-instruct	llama3.3-70b-instruct	aitchison_magnitude_r	pearson_r	130742	17703	825	0.1354040782610026	0.6578583838655905	0.6334949295249437	0.6791116646807546	500	500	f4dfff463588ac5ae026c9a5714d6982ed65510e3f0ce476ecc721a02f2aa318
race	sentence	paper	global_complete_case_mnar	user	prompt_equal	llama-3.1-8b-instruct	llama3.3-70b-instruct	fisher_rao_magnitude_r	pearson_r	130742	17703	825	0.1354040782610026	0.5208306484913966	0.4933300755466218	0.5485800515536191	500	500	f4dfff463588ac5ae026c9a5714d6982ed65510e3f0ce476ecc721a02f2aa318
race	sentence	paper	global_complete_case_mnar	user	prompt_equal	llama-3.1-8b-instruct	llama3.3-70b-instruct	fisher_local_magnitude_r	pearson_r	130742	17703	825	0.1354040782610026	0.12672430835949025	0.0945415431972187	0.15857482210228047	500	500	f4dfff463588ac5ae026c9a5714d6982ed65510e3f0ce476ecc721a02f2aa318
race	sentence	paper	global_complete_case_mnar	prediction	row_pooled	llama-3.1-8b-instruct	llama4-maverick-17b-128e-instruct	signed_frobenius_r	pearson_r	4934	825	825	0.16720713417105795	0.6374769698106358	0.6127315159065074	0.6643442826297175	500	500	bb39c2d2fc4a8ec99452fbbab44f2b1aedd932bc8338ac64de82b714d19ca319
race	sentence	paper	global_complete_case_mnar	prediction	row_pooled	llama-3.1-8b-instruct	llama4-maverick-17b-128e-instruct	direction_cosine	mean_cosine	4934	825	825	0.16720713417105795	0.5701010264916949	0.5395838210727695	0.6018106774936185	500	500	bb39c2d2fc4a8ec99452fbbab44f2b1aedd932bc8338ac64de82b714d19ca319
race	sentence	paper	global_complete_case_mnar	prediction	row_pooled	llama-3.1-8b-instruct	llama4-maverick-17b-128e-instruct	linear_cka	cka	4934	825	825	0.16720713417105795	0.4050522784842905	0.3743745955499591	0.4425514907822058	500	500	bb39c2d2fc4a8ec99452fbbab44f2b1aedd932bc8338ac64de82b714d19ca319
race	sentence	paper	global_complete_case_mnar	all	row_pooled	llama-3.1-8b-instruct	llama4-maverick-17b-128e-instruct	signed_frobenius_r	pearson_r	145544	18639	825	0.1280643654152696	0.4142209934272382	0.3923445182639754	0.4355197079229422	500	500	51385ad7fc65412a0b97abc35d2d48f0037ab21f612a40fbcc1920f35d7c578e
race	sentence	paper	global_complete_case_mnar	all	row_pooled	llama-3.1-8b-instruct	llama4-maverick-17b-128e-instruct	direction_cosine	mean_cosine	145544	18639	825	0.1280643654152696	0.11598329901603316	0.10220110804520113	0.129826279004705	500	500	51385ad7fc65412a0b97abc35d2d48f0037ab21f612a40fbcc1920f35d7c578e
race	sentence	paper	global_complete_case_mnar	all	row_pooled	llama-3.1-8b-instruct	llama4-maverick-17b-128e-instruct	linear_cka	cka	145544	18639	825	0.1280643654152696	0.1746168725340505	0.15727153502038846	0.19489815391510915	500	500	51385ad7fc65412a0b97abc35d2d48f0037ab21f612a40fbcc1920f35d7c578e
race	sentence	paper	global_complete_case_mnar	all	row_pooled	llama-3.1-8b-instruct	llama4-maverick-17b-128e-instruct	aitchison_magnitude_r	pearson_r	145544	18639	825	0.1280643654152696	0.589896706036462	0.5727206546691646	0.6077908414329517	500	500	51385ad7fc65412a0b97abc35d2d48f0037ab21f612a40fbcc1920f35d7c578e
race	sentence	paper	global_complete_case_mnar	all	row_pooled	llama-3.1-8b-instruct	llama4-maverick-17b-128e-instruct	fisher_rao_magnitude_r	pearson_r	145544	18639	825	0.1280643654152696	0.4136898437199734	0.3926774886445611	0.4358552425748998	500	500	51385ad7fc65412a0b97abc35d2d48f0037ab21f612a40fbcc1920f35d7c578e
race	sentence	paper	global_complete_case_mnar	all	row_pooled	llama-3.1-8b-instruct	llama4-maverick-17b-128e-instruct	fisher_local_magnitude_r	pearson_r	145544	18639	825	0.1280643654152696	0.0927804432907085	0.05164879712493099	0.13411021578179005	500	500	51385ad7fc65412a0b97abc35d2d48f0037ab21f612a40fbcc1920f35d7c578e
race	sentence	paper	global_complete_case_mnar	all	prompt_equal	llama-3.1-8b-instruct	llama4-maverick-17b-128e-instruct	signed_frobenius_r	pearson_r	145544	18639	825	0.1280643654152696	0.437124129753838	0.4123831392768306	0.461927159409132	500	500	51385ad7fc65412a0b97abc35d2d48f0037ab21f612a40fbcc1920f35d7c578e
race	sentence	paper	global_complete_case_mnar	all	prompt_equal	llama-3.1-8b-instruct	llama4-maverick-17b-128e-instruct	direction_cosine	mean_cosine	145544	18639	825	0.1280643654152696	0.13030737656110697	0.11773899167582541	0.14391923283040892	500	500	51385ad7fc65412a0b97abc35d2d48f0037ab21f612a40fbcc1920f35d7c578e
race	sentence	paper	global_complete_case_mnar	all	prompt_equal	llama-3.1-8b-instruct	llama4-maverick-17b-128e-instruct	linear_cka	cka	145544	18639	825	0.1280643654152696	0.19679775140276123	0.17419921111397524	0.22251279882158478	500	500	51385ad7fc65412a0b97abc35d2d48f0037ab21f612a40fbcc1920f35d7c578e
race	sentence	paper	global_complete_case_mnar	all	prompt_equal	llama-3.1-8b-instruct	llama4-maverick-17b-128e-instruct	aitchison_magnitude_r	pearson_r	145544	18639	825	0.1280643654152696	0.5946103137000718	0.5718947327130602	0.6167484634030796	500	500	51385ad7fc65412a0b97abc35d2d48f0037ab21f612a40fbcc1920f35d7c578e
race	sentence	paper	global_complete_case_mnar	all	prompt_equal	llama-3.1-8b-instruct	llama4-maverick-17b-128e-instruct	fisher_rao_magnitude_r	pearson_r	145544	18639	825	0.1280643654152696	0.4363453752633576	0.4117182294931276	0.46076271743145264	500	500	51385ad7fc65412a0b97abc35d2d48f0037ab21f612a40fbcc1920f35d7c578e
race	sentence	paper	global_complete_case_mnar	all	prompt_equal	llama-3.1-8b-instruct	llama4-maverick-17b-128e-instruct	fisher_local_magnitude_r	pearson_r	145544	18639	825	0.1280643654152696	0.08235196808468878	0.04389667608019851	0.12092696141791774	500	500	51385ad7fc65412a0b97abc35d2d48f0037ab21f612a40fbcc1920f35d7c578e
race	sentence	paper	global_complete_case_mnar	system	row_pooled	llama-3.1-8b-instruct	llama4-maverick-17b-128e-instruct	signed_frobenius_r	pearson_r	14802	936	592	0.06323469801378193	-0.2246657283761609	-0.27147208985768084	-0.18266611699169344	500	500	3bab359b248413ff4b82309794d35425270ef3b1017c60cd7de1b91b484ad9f9
race	sentence	paper	global_complete_case_mnar	system	row_pooled	llama-3.1-8b-instruct	llama4-maverick-17b-128e-instruct	direction_cosine	mean_cosine	14802	936	592	0.06323469801378193	-0.2321151921389573	-0.26887222086149554	-0.19591001625369944	500	500	3bab359b248413ff4b82309794d35425270ef3b1017c60cd7de1b91b484ad9f9
race	sentence	paper	global_complete_case_mnar	system	row_pooled	llama-3.1-8b-instruct	llama4-maverick-17b-128e-instruct	linear_cka	cka	14802	936	592	0.06323469801378193	0.09173860608189054	0.06425545278630349	0.12916980837686565	500	500	3bab359b248413ff4b82309794d35425270ef3b1017c60cd7de1b91b484ad9f9
race	sentence	paper	global_complete_case_mnar	system	row_pooled	llama-3.1-8b-instruct	llama4-maverick-17b-128e-instruct	aitchison_magnitude_r	pearson_r	14802	936	592	0.06323469801378193	0.31624621770057243	0.23990920641433203	0.40017513400904886	500	500	3bab359b248413ff4b82309794d35425270ef3b1017c60cd7de1b91b484ad9f9
race	sentence	paper	global_complete_case_mnar	system	row_pooled	llama-3.1-8b-instruct	llama4-maverick-17b-128e-instruct	fisher_rao_magnitude_r	pearson_r	14802	936	592	0.06323469801378193	0.07899123483418558	0.008950964543935215	0.14761656938962311	500	500	3bab359b248413ff4b82309794d35425270ef3b1017c60cd7de1b91b484ad9f9
race	sentence	paper	global_complete_case_mnar	system	row_pooled	llama-3.1-8b-instruct	llama4-maverick-17b-128e-instruct	fisher_local_magnitude_r	pearson_r	14802	936	592	0.06323469801378193	0.07423003715723281	0.01675977696130494	0.14827305769069268	500	500	3bab359b248413ff4b82309794d35425270ef3b1017c60cd7de1b91b484ad9f9
race	sentence	paper	global_complete_case_mnar	system	prompt_equal	llama-3.1-8b-instruct	llama4-maverick-17b-128e-instruct	signed_frobenius_r	pearson_r	14802	936	592	0.06323469801378193	-0.23740228183092532	-0.28237949120654776	-0.19873134858189936	500	500	3bab359b248413ff4b82309794d35425270ef3b1017c60cd7de1b91b484ad9f9
race	sentence	paper	global_complete_case_mnar	system	prompt_equal	llama-3.1-8b-instruct	llama4-maverick-17b-128e-instruct	direction_cosine	mean_cosine	14802	936	592	0.06323469801378193	-0.23988372084591017	-0.27791275858552883	-0.20253009229515012	500	500	3bab359b248413ff4b82309794d35425270ef3b1017c60cd7de1b91b484ad9f9
race	sentence	paper	global_complete_case_mnar	system	prompt_equal	llama-3.1-8b-instruct	llama4-maverick-17b-128e-instruct	linear_cka	cka	14802	936	592	0.06323469801378193	0.0985173196761295	0.06891104346134871	0.13583325587692285	500	500	3bab359b248413ff4b82309794d35425270ef3b1017c60cd7de1b91b484ad9f9
race	sentence	paper	global_complete_case_mnar	system	prompt_equal	llama-3.1-8b-instruct	llama4-maverick-17b-128e-instruct	aitchison_magnitude_r	pearson_r	14802	936	592	0.06323469801378193	0.31188154273015345	0.24203242313765627	0.3933713632248706	500	500	3bab359b248413ff4b82309794d35425270ef3b1017c60cd7de1b91b484ad9f9
race	sentence	paper	global_complete_case_mnar	system	prompt_equal	llama-3.1-8b-instruct	llama4-maverick-17b-128e-instruct	fisher_rao_magnitude_r	pearson_r	14802	936	592	0.06323469801378193	0.09530153164766024	0.018984479532003624	0.16884781463255086	500	500	3bab359b248413ff4b82309794d35425270ef3b1017c60cd7de1b91b484ad9f9
race	sentence	paper	global_complete_case_mnar	system	prompt_equal	llama-3.1-8b-instruct	llama4-maverick-17b-128e-instruct	fisher_local_magnitude_r	pearson_r	14802	936	592	0.06323469801378193	0.08790195561917966	0.030859827088229173	0.156240402769631	500	500	3bab359b248413ff4b82309794d35425270ef3b1017c60cd7de1b91b484ad9f9
race	sentence	paper	global_complete_case_mnar	user	row_pooled	llama-3.1-8b-instruct	llama4-maverick-17b-128e-instruct	signed_frobenius_r	pearson_r	130742	17703	825	0.1354040782610026	0.4234432282211879	0.3995539127338919	0.4466296757879296	500	500	f4dfff463588ac5ae026c9a5714d6982ed65510e3f0ce476ecc721a02f2aa318
race	sentence	paper	global_complete_case_mnar	user	row_pooled	llama-3.1-8b-instruct	llama4-maverick-17b-128e-instruct	direction_cosine	mean_cosine	130742	17703	825	0.1354040782610026	0.1344016250601864	0.12039008993262489	0.14835513394586677	500	500	f4dfff463588ac5ae026c9a5714d6982ed65510e3f0ce476ecc721a02f2aa318
race	sentence	paper	global_complete_case_mnar	user	row_pooled	llama-3.1-8b-instruct	llama4-maverick-17b-128e-instruct	linear_cka	cka	130742	17703	825	0.1354040782610026	0.1817536770064416	0.16146532267591462	0.20304045451545316	500	500	f4dfff463588ac5ae026c9a5714d6982ed65510e3f0ce476ecc721a02f2aa318
race	sentence	paper	global_complete_case_mnar	user	row_pooled	llama-3.1-8b-instruct	llama4-maverick-17b-128e-instruct	aitchison_magnitude_r	pearson_r	130742	17703	825	0.1354040782610026	0.590509930768715	0.5705649711736017	0.6104483890764619	500	500	f4dfff463588ac5ae026c9a5714d6982ed65510e3f0ce476ecc721a02f2aa318
race	sentence	paper	global_complete_case_mnar	user	row_pooled	llama-3.1-8b-instruct	llama4-maverick-17b-128e-instruct	fisher_rao_magnitude_r	pearson_r	130742	17703	825	0.1354040782610026	0.41608537395393896	0.3921512951771022	0.44020114307154845	500	500	f4dfff463588ac5ae026c9a5714d6982ed65510e3f0ce476ecc721a02f2aa318
race	sentence	paper	global_complete_case_mnar	user	row_pooled	llama-3.1-8b-instruct	llama4-maverick-17b-128e-instruct	fisher_local_magnitude_r	pearson_r	130742	17703	825	0.1354040782610026	0.0929092265459009	0.05594912202488507	0.13388556089124254	500	500	f4dfff463588ac5ae026c9a5714d6982ed65510e3f0ce476ecc721a02f2aa318
race	sentence	paper	global_complete_case_mnar	user	prompt_equal	llama-3.1-8b-instruct	llama4-maverick-17b-128e-instruct	signed_frobenius_r	pearson_r	130742	17703	825	0.1354040782610026	0.4423836775357015	0.416227205582198	0.47053640237625216	500	500	f4dfff463588ac5ae026c9a5714d6982ed65510e3f0ce476ecc721a02f2aa318
race	sentence	paper	global_complete_case_mnar	user	prompt_equal	llama-3.1-8b-instruct	llama4-maverick-17b-128e-instruct	direction_cosine	mean_cosine	130742	17703	825	0.1354040782610026	0.1489173387270011	0.13568635523117842	0.1615109221185392	500	500	f4dfff463588ac5ae026c9a5714d6982ed65510e3f0ce476ecc721a02f2aa318
race	sentence	paper	global_complete_case_mnar	user	prompt_equal	llama-3.1-8b-instruct	llama4-maverick-17b-128e-instruct	linear_cka	cka	130742	17703	825	0.1354040782610026	0.20079593165457532	0.17715973544877933	0.22978243746914867	500	500	f4dfff463588ac5ae026c9a5714d6982ed65510e3f0ce476ecc721a02f2aa318
race	sentence	paper	global_complete_case_mnar	user	prompt_equal	llama-3.1-8b-instruct	llama4-maverick-17b-128e-instruct	aitchison_magnitude_r	pearson_r	130742	17703	825	0.1354040782610026	0.5924722831852357	0.5698467442068192	0.6188588441238645	500	500	f4dfff463588ac5ae026c9a5714d6982ed65510e3f0ce476ecc721a02f2aa318
race	sentence	paper	global_complete_case_mnar	user	prompt_equal	llama-3.1-8b-instruct	llama4-maverick-17b-128e-instruct	fisher_rao_magnitude_r	pearson_r	130742	17703	825	0.1354040782610026	0.43535868192027316	0.4089468979674771	0.4614545256712072	500	500	f4dfff463588ac5ae026c9a5714d6982ed65510e3f0ce476ecc721a02f2aa318
race	sentence	paper	global_complete_case_mnar	user	prompt_equal	llama-3.1-8b-instruct	llama4-maverick-17b-128e-instruct	fisher_local_magnitude_r	pearson_r	130742	17703	825	0.1354040782610026	0.08281978661672292	0.04340351063265955	0.12228932021956611	500	500	f4dfff463588ac5ae026c9a5714d6982ed65510e3f0ce476ecc721a02f2aa318
race	sentence	paper	global_complete_case_mnar	prediction	row_pooled	llama-3.1-8b-instruct	gpt-4o	signed_frobenius_r	pearson_r	4934	825	825	0.16720713417105795	0.6271069945312515	0.6000698006837937	0.6525888426613377	500	500	bb39c2d2fc4a8ec99452fbbab44f2b1aedd932bc8338ac64de82b714d19ca319
race	sentence	paper	global_complete_case_mnar	prediction	row_pooled	llama-3.1-8b-instruct	gpt-4o	direction_cosine	mean_cosine	4934	825	825	0.16720713417105795	0.5723642721274322	0.5403277258140057	0.6005132739779974	500	500	bb39c2d2fc4a8ec99452fbbab44f2b1aedd932bc8338ac64de82b714d19ca319
race	sentence	paper	global_complete_case_mnar	prediction	row_pooled	llama-3.1-8b-instruct	gpt-4o	linear_cka	cka	4934	825	825	0.16720713417105795	0.391829403393624	0.35786048603292514	0.4276941818161911	500	500	bb39c2d2fc4a8ec99452fbbab44f2b1aedd932bc8338ac64de82b714d19ca319
race	sentence	paper	global_complete_case_mnar	all	row_pooled	llama-3.1-8b-instruct	gpt-4o	signed_frobenius_r	pearson_r	145544	18639	825	0.1280643654152696	0.4051627801081045	0.3845316117896687	0.4253594074622261	500	500	51385ad7fc65412a0b97abc35d2d48f0037ab21f612a40fbcc1920f35d7c578e
race	sentence	paper	global_complete_case_mnar	all	row_pooled	llama-3.1-8b-instruct	gpt-4o	direction_cosine	mean_cosine	145544	18639	825	0.1280643654152696	0.13733203178155282	0.12320858429930623	0.15099939547960847	500	500	51385ad7fc65412a0b97abc35d2d48f0037ab21f612a40fbcc1920f35d7c578e
race	sentence	paper	global_complete_case_mnar	all	row_pooled	llama-3.1-8b-instruct	gpt-4o	linear_cka	cka	145544	18639	825	0.1280643654152696	0.16803060731536826	0.15106533151864301	0.18689939615863987	500	500	51385ad7fc65412a0b97abc35d2d48f0037ab21f612a40fbcc1920f35d7c578e
race	sentence	paper	global_complete_case_mnar	all	row_pooled	llama-3.1-8b-instruct	gpt-4o	aitchison_magnitude_r	pearson_r	145544	18639	825	0.1280643654152696	0.5543371659259194	0.5372639654724579	0.5732244690970523	500	500	51385ad7fc65412a0b97abc35d2d48f0037ab21f612a40fbcc1920f35d7c578e
race	sentence	paper	global_complete_case_mnar	all	row_pooled	llama-3.1-8b-instruct	gpt-4o	fisher_rao_magnitude_r	pearson_r	145544	18639	825	0.1280643654152696	0.39217576775421265	0.3662869659995329	0.4218776376874254	500	500	51385ad7fc65412a0b97abc35d2d48f0037ab21f612a40fbcc1920f35d7c578e
race	sentence	paper	global_complete_case_mnar	all	row_pooled	llama-3.1-8b-instruct	gpt-4o	fisher_local_magnitude_r	pearson_r	145544	18639	825	0.1280643654152696	0.09587421540871778	0.06091409418420597	0.1358416753811614	500	500	51385ad7fc65412a0b97abc35d2d48f0037ab21f612a40fbcc1920f35d7c578e
race	sentence	paper	global_complete_case_mnar	all	prompt_equal	llama-3.1-8b-instruct	gpt-4o	signed_frobenius_r	pearson_r	145544	18639	825	0.1280643654152696	0.43911224251103365	0.4157973968717061	0.4625346059803131	500	500	51385ad7fc65412a0b97abc35d2d48f0037ab21f612a40fbcc1920f35d7c578e
race	sentence	paper	global_complete_case_mnar	all	prompt_equal	llama-3.1-8b-instruct	gpt-4o	direction_cosine	mean_cosine	145544	18639	825	0.1280643654152696	0.15993959790424767	0.1460017188188553	0.17366221372095186	500	500	51385ad7fc65412a0b97abc35d2d48f0037ab21f612a40fbcc1920f35d7c578e
race	sentence	paper	global_complete_case_mnar	all	prompt_equal	llama-3.1-8b-instruct	gpt-4o	linear_cka	cka	145544	18639	825	0.1280643654152696	0.19976223996608278	0.17884643402320774	0.2244720258678467	500	500	51385ad7fc65412a0b97abc35d2d48f0037ab21f612a40fbcc1920f35d7c578e
race	sentence	paper	global_complete_case_mnar	all	prompt_equal	llama-3.1-8b-instruct	gpt-4o	aitchison_magnitude_r	pearson_r	145544	18639	825	0.1280643654152696	0.5745768814253509	0.5557587951504132	0.5953991459971402	500	500	51385ad7fc65412a0b97abc35d2d48f0037ab21f612a40fbcc1920f35d7c578e
race	sentence	paper	global_complete_case_mnar	all	prompt_equal	llama-3.1-8b-instruct	gpt-4o	fisher_rao_magnitude_r	pearson_r	145544	18639	825	0.1280643654152696	0.42203170273639856	0.3928915347790856	0.45286017585248717	500	500	51385ad7fc65412a0b97abc35d2d48f0037ab21f612a40fbcc1920f35d7c578e
race	sentence	paper	global_complete_case_mnar	all	prompt_equal	llama-3.1-8b-instruct	gpt-4o	fisher_local_magnitude_r	pearson_r	145544	18639	825	0.1280643654152696	0.10411867788613731	0.06470932582874925	0.15369825018441943	500	500	51385ad7fc65412a0b97abc35d2d48f0037ab21f612a40fbcc1920f35d7c578e
race	sentence	paper	global_complete_case_mnar	system	row_pooled	llama-3.1-8b-instruct	gpt-4o	signed_frobenius_r	pearson_r	14802	936	592	0.06323469801378193	-0.037354920891681374	-0.07631586892494119	0.0008562054589147108	500	500	3bab359b248413ff4b82309794d35425270ef3b1017c60cd7de1b91b484ad9f9
race	sentence	paper	global_complete_case_mnar	system	row_pooled	llama-3.1-8b-instruct	gpt-4o	direction_cosine	mean_cosine	14802	936	592	0.06323469801378193	-0.026749304704575396	-0.06200452585650357	0.01028855933668414	500	500	3bab359b248413ff4b82309794d35425270ef3b1017c60cd7de1b91b484ad9f9
race	sentence	paper	global_complete_case_mnar	system	row_pooled	llama-3.1-8b-instruct	gpt-4o	linear_cka	cka	14802	936	592	0.06323469801378193	0.005280331863016331	0.002869429553788757	0.015347374126254866	500	500	3bab359b248413ff4b82309794d35425270ef3b1017c60cd7de1b91b484ad9f9
race	sentence	paper	global_complete_case_mnar	system	row_pooled	llama-3.1-8b-instruct	gpt-4o	aitchison_magnitude_r	pearson_r	14802	936	592	0.06323469801378193	0.03281697585944853	-0.024233264892160603	0.09512872223817487	500	500	3bab359b248413ff4b82309794d35425270ef3b1017c60cd7de1b91b484ad9f9
race	sentence	paper	global_complete_case_mnar	system	row_pooled	llama-3.1-8b-instruct	gpt-4o	fisher_rao_magnitude_r	pearson_r	14802	936	592	0.06323469801378193	-0.01212520008156928	-0.06177481727449595	0.039173470458177345	500	500	3bab359b248413ff4b82309794d35425270ef3b1017c60cd7de1b91b484ad9f9
race	sentence	paper	global_complete_case_mnar	system	row_pooled	llama-3.1-8b-instruct	gpt-4o	fisher_local_magnitude_r	pearson_r	14802	936	592	0.06323469801378193	0.00620415278640146	-0.053632994699719654	0.07686234505112588	500	500	3bab359b248413ff4b82309794d35425270ef3b1017c60cd7de1b91b484ad9f9
race	sentence	paper	global_complete_case_mnar	system	prompt_equal	llama-3.1-8b-instruct	gpt-4o	signed_frobenius_r	pearson_r	14802	936	592	0.06323469801378193	-0.026867423175805694	-0.06877600111362053	0.016136415703768864	500	500	3bab359b248413ff4b82309794d35425270ef3b1017c60cd7de1b91b484ad9f9
race	sentence	paper	global_complete_case_mnar	system	prompt_equal	llama-3.1-8b-instruct	gpt-4o	direction_cosine	mean_cosine	14802	936	592	0.06323469801378193	-0.017048798355426217	-0.056915187486436127	0.024213296614978334	500	500	3bab359b248413ff4b82309794d35425270ef3b1017c60cd7de1b91b484ad9f9
race	sentence	paper	global_complete_case_mnar	system	prompt_equal	llama-3.1-8b-instruct	gpt-4o	linear_cka	cka	14802	936	592	0.06323469801378193	0.003777656214409695	0.002267667219269212	0.015562392498010313	500	500	3bab359b248413ff4b82309794d35425270ef3b1017c60cd7de1b91b484ad9f9
race	sentence	paper	global_complete_case_mnar	system	prompt_equal	llama-3.1-8b-instruct	gpt-4o	aitchison_magnitude_r	pearson_r	14802	936	592	0.06323469801378193	0.03706788828549988	-0.03023675728978902	0.10564155012169672	500	500	3bab359b248413ff4b82309794d35425270ef3b1017c60cd7de1b91b484ad9f9
race	sentence	paper	global_complete_case_mnar	system	prompt_equal	llama-3.1-8b-instruct	gpt-4o	fisher_rao_magnitude_r	pearson_r	14802	936	592	0.06323469801378193	0.013925665264158041	-0.04405892444569188	0.07201751315223857	500	500	3bab359b248413ff4b82309794d35425270ef3b1017c60cd7de1b91b484ad9f9
race	sentence	paper	global_complete_case_mnar	system	prompt_equal	llama-3.1-8b-instruct	gpt-4o	fisher_local_magnitude_r	pearson_r	14802	936	592	0.06323469801378193	0.020013018427069918	-0.03530650551529718	0.08381830936489834	500	500	3bab359b248413ff4b82309794d35425270ef3b1017c60cd7de1b91b484ad9f9
race	sentence	paper	global_complete_case_mnar	user	row_pooled	llama-3.1-8b-instruct	gpt-4o	signed_frobenius_r	pearson_r	130742	17703	825	0.1354040782610026	0.41203893529525765	0.3923860282307005	0.43503755906298064	500	500	f4dfff463588ac5ae026c9a5714d6982ed65510e3f0ce476ecc721a02f2aa318
race	sentence	paper	global_complete_case_mnar	user	row_pooled	llama-3.1-8b-instruct	gpt-4o	direction_cosine	mean_cosine	130742	17703	825	0.1354040782610026	0.14600740493587788	0.13221291092719498	0.16114883346521414	500	500	f4dfff463588ac5ae026c9a5714d6982ed65510e3f0ce476ecc721a02f2aa318
race	sentence	paper	global_complete_case_mnar	user	row_pooled	llama-3.1-8b-instruct	gpt-4o	linear_cka	cka	130742	17703	825	0.1354040782610026	0.17378040001472903	0.1574846107404662	0.1936508060533902	500	500	f4dfff463588ac5ae026c9a5714d6982ed65510e3f0ce476ecc721a02f2aa318
race	sentence	paper	global_complete_case_mnar	user	row_pooled	llama-3.1-8b-instruct	gpt-4o	aitchison_magnitude_r	pearson_r	130742	17703	825	0.1354040782610026	0.5582938494891508	0.5397338364018626	0.5759968246218584	500	500	f4dfff463588ac5ae026c9a5714d6982ed65510e3f0ce476ecc721a02f2aa318
race	sentence	paper	global_complete_case_mnar	user	row_pooled	llama-3.1-8b-instruct	gpt-4o	fisher_rao_magnitude_r	pearson_r	130742	17703	825	0.1354040782610026	0.39764098621293203	0.3719518488744133	0.4236936695463704	500	500	f4dfff463588ac5ae026c9a5714d6982ed65510e3f0ce476ecc721a02f2aa318
race	sentence	paper	global_complete_case_mnar	user	row_pooled	llama-3.1-8b-instruct	gpt-4o	fisher_local_magnitude_r	pearson_r	130742	17703	825	0.1354040782610026	0.09822717249153556	0.060975060515950454	0.14182008633270454	500	500	f4dfff463588ac5ae026c9a5714d6982ed65510e3f0ce476ecc721a02f2aa318
race	sentence	paper	global_complete_case_mnar	user	prompt_equal	llama-3.1-8b-instruct	gpt-4o	signed_frobenius_r	pearson_r	130742	17703	825	0.1354040782610026	0.4425833198561975	0.4196943768226111	0.46655037387871306	500	500	f4dfff463588ac5ae026c9a5714d6982ed65510e3f0ce476ecc721a02f2aa318
race	sentence	paper	global_complete_case_mnar	user	prompt_equal	llama-3.1-8b-instruct	gpt-4o	direction_cosine	mean_cosine	130742	17703	825	0.1354040782610026	0.1691967129988972	0.15585309128318506	0.1852358910235825	500	500	f4dfff463588ac5ae026c9a5714d6982ed65510e3f0ce476ecc721a02f2aa318
race	sentence	paper	global_complete_case_mnar	user	prompt_equal	llama-3.1-8b-instruct	gpt-4o	linear_cka	cka	130742	17703	825	0.1354040782610026	0.20261691928099526	0.18115086667395308	0.22567661556477955	500	500	f4dfff463588ac5ae026c9a5714d6982ed65510e3f0ce476ecc721a02f2aa318
race	sentence	paper	global_complete_case_mnar	user	prompt_equal	llama-3.1-8b-instruct	gpt-4o	aitchison_magnitude_r	pearson_r	130742	17703	825	0.1354040782610026	0.5739513571848709	0.5521630989037887	0.5936679075243512	500	500	f4dfff463588ac5ae026c9a5714d6982ed65510e3f0ce476ecc721a02f2aa318
race	sentence	paper	global_complete_case_mnar	user	prompt_equal	llama-3.1-8b-instruct	gpt-4o	fisher_rao_magnitude_r	pearson_r	130742	17703	825	0.1354040782610026	0.42349897347089666	0.39520067711298196	0.44906334724919805	500	500	f4dfff463588ac5ae026c9a5714d6982ed65510e3f0ce476ecc721a02f2aa318
race	sentence	paper	global_complete_case_mnar	user	prompt_equal	llama-3.1-8b-instruct	gpt-4o	fisher_local_magnitude_r	pearson_r	130742	17703	825	0.1354040782610026	0.10710377517184015	0.06508089401496699	0.1516550442687368	500	500	f4dfff463588ac5ae026c9a5714d6982ed65510e3f0ce476ecc721a02f2aa318
race	sentence	paper	global_complete_case_mnar	prediction	row_pooled	llama-3.1-8b-instruct	gpt-4-1	signed_frobenius_r	pearson_r	4934	825	825	0.16720713417105795	0.6279452123372817	0.6026157538277023	0.6506375338117835	500	500	bb39c2d2fc4a8ec99452fbbab44f2b1aedd932bc8338ac64de82b714d19ca319
race	sentence	paper	global_complete_case_mnar	prediction	row_pooled	llama-3.1-8b-instruct	gpt-4-1	direction_cosine	mean_cosine	4934	825	825	0.16720713417105795	0.5975021513642249	0.5662417710650135	0.6290943127877107	500	500	bb39c2d2fc4a8ec99452fbbab44f2b1aedd932bc8338ac64de82b714d19ca319
race	sentence	paper	global_complete_case_mnar	prediction	row_pooled	llama-3.1-8b-instruct	gpt-4-1	linear_cka	cka	4934	825	825	0.16720713417105795	0.3976452745223931	0.3670793891372963	0.4304737840613229	500	500	bb39c2d2fc4a8ec99452fbbab44f2b1aedd932bc8338ac64de82b714d19ca319
race	sentence	paper	global_complete_case_mnar	all	row_pooled	llama-3.1-8b-instruct	gpt-4-1	signed_frobenius_r	pearson_r	145544	18639	825	0.1280643654152696	0.4275327705198523	0.40662110943792257	0.44735636499840337	500	500	51385ad7fc65412a0b97abc35d2d48f0037ab21f612a40fbcc1920f35d7c578e
race	sentence	paper	global_complete_case_mnar	all	row_pooled	llama-3.1-8b-instruct	gpt-4-1	direction_cosine	mean_cosine	145544	18639	825	0.1280643654152696	0.14413534601194947	0.13037713060102982	0.15804522859128198	500	500	51385ad7fc65412a0b97abc35d2d48f0037ab21f612a40fbcc1920f35d7c578e
race	sentence	paper	global_complete_case_mnar	all	row_pooled	llama-3.1-8b-instruct	gpt-4-1	linear_cka	cka	145544	18639	825	0.1280643654152696	0.18797304558674577	0.16965541556149583	0.2082064348258835	500	500	51385ad7fc65412a0b97abc35d2d48f0037ab21f612a40fbcc1920f35d7c578e
race	sentence	paper	global_complete_case_mnar	all	row_pooled	llama-3.1-8b-instruct	gpt-4-1	aitchison_magnitude_r	pearson_r	145544	18639	825	0.1280643654152696	0.5475551591869131	0.5270755205469723	0.5658720247919758	500	500	51385ad7fc65412a0b97abc35d2d48f0037ab21f612a40fbcc1920f35d7c578e
race	sentence	paper	global_complete_case_mnar	all	row_pooled	llama-3.1-8b-instruct	gpt-4-1	fisher_rao_magnitude_r	pearson_r	145544	18639	825	0.1280643654152696	0.37860551440577933	0.3540350263703983	0.4056337100016926	500	500	51385ad7fc65412a0b97abc35d2d48f0037ab21f612a40fbcc1920f35d7c578e
race	sentence	paper	global_complete_case_mnar	all	row_pooled	llama-3.1-8b-instruct	gpt-4-1	fisher_local_magnitude_r	pearson_r	145544	18639	825	0.1280643654152696	0.11986525561568366	0.08415920233678294	0.15596034190278538	500	500	51385ad7fc65412a0b97abc35d2d48f0037ab21f612a40fbcc1920f35d7c578e
race	sentence	paper	global_complete_case_mnar	all	prompt_equal	llama-3.1-8b-instruct	gpt-4-1	signed_frobenius_r	pearson_r	145544	18639	825	0.1280643654152696	0.45995313095302015	0.4385179804801083	0.48302567112724476	500	500	51385ad7fc65412a0b97abc35d2d48f0037ab21f612a40fbcc1920f35d7c578e
race	sentence	paper	global_complete_case_mnar	all	prompt_equal	llama-3.1-8b-instruct	gpt-4-1	direction_cosine	mean_cosine	145544	18639	825	0.1280643654152696	0.16198298085820287	0.1479076316064914	0.17665252675753784	500	500	51385ad7fc65412a0b97abc35d2d48f0037ab21f612a40fbcc1920f35d7c578e
race	sentence	paper	global_complete_case_mnar	all	prompt_equal	llama-3.1-8b-instruct	gpt-4-1	linear_cka	cka	145544	18639	825	0.1280643654152696	0.21741131060677057	0.1977717412912554	0.24200629339477484	500	500	51385ad7fc65412a0b97abc35d2d48f0037ab21f612a40fbcc1920f35d7c578e
race	sentence	paper	global_complete_case_mnar	all	prompt_equal	llama-3.1-8b-instruct	gpt-4-1	aitchison_magnitude_r	pearson_r	145544	18639	825	0.1280643654152696	0.5624275859878161	0.5387310974095405	0.5848006171338082	500	500	51385ad7fc65412a0b97abc35d2d48f0037ab21f612a40fbcc1920f35d7c578e
race	sentence	paper	global_complete_case_mnar	all	prompt_equal	llama-3.1-8b-instruct	gpt-4-1	fisher_rao_magnitude_r	pearson_r	145544	18639	825	0.1280643654152696	0.4069083162336239	0.37901417726573655	0.4364131831417632	500	500	51385ad7fc65412a0b97abc35d2d48f0037ab21f612a40fbcc1920f35d7c578e
race	sentence	paper	global_complete_case_mnar	all	prompt_equal	llama-3.1-8b-instruct	gpt-4-1	fisher_local_magnitude_r	pearson_r	145544	18639	825	0.1280643654152696	0.12125763165254433	0.08115395296947729	0.16432912484830786	500	500	51385ad7fc65412a0b97abc35d2d48f0037ab21f612a40fbcc1920f35d7c578e
race	sentence	paper	global_complete_case_mnar	system	row_pooled	llama-3.1-8b-instruct	gpt-4-1	signed_frobenius_r	pearson_r	14802	936	592	0.06323469801378193	0.0007382800126747808	-0.036935704402271376	0.034343521948857	500	500	3bab359b248413ff4b82309794d35425270ef3b1017c60cd7de1b91b484ad9f9
race	sentence	paper	global_complete_case_mnar	system	row_pooled	llama-3.1-8b-instruct	gpt-4-1	direction_cosine	mean_cosine	14802	936	592	0.06323469801378193	0.027683934067751968	-0.007918817588652514	0.06591021830796874	500	500	3bab359b248413ff4b82309794d35425270ef3b1017c60cd7de1b91b484ad9f9
race	sentence	paper	global_complete_case_mnar	system	row_pooled	llama-3.1-8b-instruct	gpt-4-1	linear_cka	cka	14802	936	592	0.06323469801378193	0.0033165954788476827	0.0019380425074996402	0.011638004812903835	500	500	3bab359b248413ff4b82309794d35425270ef3b1017c60cd7de1b91b484ad9f9
race	sentence	paper	global_complete_case_mnar	system	row_pooled	llama-3.1-8b-instruct	gpt-4-1	aitchison_magnitude_r	pearson_r	14802	936	592	0.06323469801378193	0.014789825296592918	-0.049019130372058156	0.07668645160459779	500	500	3bab359b248413ff4b82309794d35425270ef3b1017c60cd7de1b91b484ad9f9
race	sentence	paper	global_complete_case_mnar	system	row_pooled	llama-3.1-8b-instruct	gpt-4-1	fisher_rao_magnitude_r	pearson_r	14802	936	592	0.06323469801378193	0.04932046563472808	-0.013891553082892886	0.12008948366919128	500	500	3bab359b248413ff4b82309794d35425270ef3b1017c60cd7de1b91b484ad9f9
race	sentence	paper	global_complete_case_mnar	system	row_pooled	llama-3.1-8b-instruct	gpt-4-1	fisher_local_magnitude_r	pearson_r	14802	936	592	0.06323469801378193	0.025315940084279596	-0.02617671443786576	0.08999079521820949	500	500	3bab359b248413ff4b82309794d35425270ef3b1017c60cd7de1b91b484ad9f9
race	sentence	paper	global_complete_case_mnar	system	prompt_equal	llama-3.1-8b-instruct	gpt-4-1	signed_frobenius_r	pearson_r	14802	936	592	0.06323469801378193	0.0071570848981896695	-0.03479202391456131	0.04534404389214453	500	500	3bab359b248413ff4b82309794d35425270ef3b1017c60cd7de1b91b484ad9f9
race	sentence	paper	global_complete_case_mnar	system	prompt_equal	llama-3.1-8b-instruct	gpt-4-1	direction_cosine	mean_cosine	14802	936	592	0.06323469801378193	0.03894747195920086	0.0030959601792880016	0.0789951035443867	500	500	3bab359b248413ff4b82309794d35425270ef3b1017c60cd7de1b91b484ad9f9
race	sentence	paper	global_complete_case_mnar	system	prompt_equal	llama-3.1-8b-instruct	gpt-4-1	linear_cka	cka	14802	936	592	0.06323469801378193	0.0035501985520769767	0.002032584693875738	0.012163925951751708	500	500	3bab359b248413ff4b82309794d35425270ef3b1017c60cd7de1b91b484ad9f9
race	sentence	paper	global_complete_case_mnar	system	prompt_equal	llama-3.1-8b-instruct	gpt-4-1	aitchison_magnitude_r	pearson_r	14802	936	592	0.06323469801378193	0.00971618511588259	-0.0554088096169643	0.07303381043143074	500	500	3bab359b248413ff4b82309794d35425270ef3b1017c60cd7de1b91b484ad9f9
race	sentence	paper	global_complete_case_mnar	system	prompt_equal	llama-3.1-8b-instruct	gpt-4-1	fisher_rao_magnitude_r	pearson_r	14802	936	592	0.06323469801378193	0.044145978662347596	-0.019266689642248723	0.11245850396591711	500	500	3bab359b248413ff4b82309794d35425270ef3b1017c60cd7de1b91b484ad9f9
race	sentence	paper	global_complete_case_mnar	system	prompt_equal	llama-3.1-8b-instruct	gpt-4-1	fisher_local_magnitude_r	pearson_r	14802	936	592	0.06323469801378193	0.027656200899625713	-0.02276383372688807	0.09158595142246172	500	500	3bab359b248413ff4b82309794d35425270ef3b1017c60cd7de1b91b484ad9f9
race	sentence	paper	global_complete_case_mnar	user	row_pooled	llama-3.1-8b-instruct	gpt-4-1	signed_frobenius_r	pearson_r	130742	17703	825	0.1354040782610026	0.43349154733129935	0.41187273222743653	0.45458481902574016	500	500	f4dfff463588ac5ae026c9a5714d6982ed65510e3f0ce476ecc721a02f2aa318
race	sentence	paper	global_complete_case_mnar	user	row_pooled	llama-3.1-8b-instruct	gpt-4-1	direction_cosine	mean_cosine	130742	17703	825	0.1354040782610026	0.15029241100544039	0.13732903974545543	0.16458504541521737	500	500	f4dfff463588ac5ae026c9a5714d6982ed65510e3f0ce476ecc721a02f2aa318
race	sentence	paper	global_complete_case_mnar	user	row_pooled	llama-3.1-8b-instruct	gpt-4-1	linear_cka	cka	130742	17703	825	0.1354040782610026	0.19303073960678185	0.17427151167244606	0.214503539612986	500	500	f4dfff463588ac5ae026c9a5714d6982ed65510e3f0ce476ecc721a02f2aa318
race	sentence	paper	global_complete_case_mnar	user	row_pooled	llama-3.1-8b-instruct	gpt-4-1	aitchison_magnitude_r	pearson_r	130742	17703	825	0.1354040782610026	0.5507773547597393	0.5311314050672544	0.571803349311969	500	500	f4dfff463588ac5ae026c9a5714d6982ed65510e3f0ce476ecc721a02f2aa318
race	sentence	paper	global_complete_case_mnar	user	row_pooled	llama-3.1-8b-instruct	gpt-4-1	fisher_rao_magnitude_r	pearson_r	130742	17703	825	0.1354040782610026	0.38249223817912864	0.3566547628423833	0.40932115719437034	500	500	f4dfff463588ac5ae026c9a5714d6982ed65510e3f0ce476ecc721a02f2aa318
race	sentence	paper	global_complete_case_mnar	user	row_pooled	llama-3.1-8b-instruct	gpt-4-1	fisher_local_magnitude_r	pearson_r	130742	17703	825	0.1354040782610026	0.1212957394138088	0.08570009968723664	0.16562906304511626	500	500	f4dfff463588ac5ae026c9a5714d6982ed65510e3f0ce476ecc721a02f2aa318
race	sentence	paper	global_complete_case_mnar	user	prompt_equal	llama-3.1-8b-instruct	gpt-4-1	signed_frobenius_r	pearson_r	130742	17703	825	0.1354040782610026	0.46249615149319157	0.4382656501790139	0.4861173610247112	500	500	f4dfff463588ac5ae026c9a5714d6982ed65510e3f0ce476ecc721a02f2aa318
race	sentence	paper	global_complete_case_mnar	user	prompt_equal	llama-3.1-8b-instruct	gpt-4-1	direction_cosine	mean_cosine	130742	17703	825	0.1354040782610026	0.16820422794134995	0.15530031551850665	0.18339671470029412	500	500	f4dfff463588ac5ae026c9a5714d6982ed65510e3f0ce476ecc721a02f2aa318
race	sentence	paper	global_complete_case_mnar	user	prompt_equal	llama-3.1-8b-instruct	gpt-4-1	linear_cka	cka	130742	17703	825	0.1354040782610026	0.21937940661264269	0.19615221179502165	0.2450593592511617	500	500	f4dfff463588ac5ae026c9a5714d6982ed65510e3f0ce476ecc721a02f2aa318
race	sentence	paper	global_complete_case_mnar	user	prompt_equal	llama-3.1-8b-instruct	gpt-4-1	aitchison_magnitude_r	pearson_r	130742	17703	825	0.1354040782610026	0.5617316296448247	0.5379540682169501	0.5859739809205747	500	500	f4dfff463588ac5ae026c9a5714d6982ed65510e3f0ce476ecc721a02f2aa318
race	sentence	paper	global_complete_case_mnar	user	prompt_equal	llama-3.1-8b-instruct	gpt-4-1	fisher_rao_magnitude_r	pearson_r	130742	17703	825	0.1354040782610026	0.4059082023592797	0.3767569661512249	0.4343844074013097	500	500	f4dfff463588ac5ae026c9a5714d6982ed65510e3f0ce476ecc721a02f2aa318
race	sentence	paper	global_complete_case_mnar	user	prompt_equal	llama-3.1-8b-instruct	gpt-4-1	fisher_local_magnitude_r	pearson_r	130742	17703	825	0.1354040782610026	0.12435222054081099	0.08316780542280848	0.1775900639234034	500	500	f4dfff463588ac5ae026c9a5714d6982ed65510e3f0ce476ecc721a02f2aa318
race	sentence	paper	global_complete_case_mnar	prediction	row_pooled	llama-3.1-8b-instruct	gemini-2-5-flash-lite-vertex	signed_frobenius_r	pearson_r	4934	825	825	0.16720713417105795	0.607426257901259	0.5807661305973398	0.6354376158534727	500	500	bb39c2d2fc4a8ec99452fbbab44f2b1aedd932bc8338ac64de82b714d19ca319
race	sentence	paper	global_complete_case_mnar	prediction	row_pooled	llama-3.1-8b-instruct	gemini-2-5-flash-lite-vertex	direction_cosine	mean_cosine	4934	825	825	0.16720713417105795	0.5885708080375515	0.5591886282257718	0.6182365955647112	500	500	bb39c2d2fc4a8ec99452fbbab44f2b1aedd932bc8338ac64de82b714d19ca319
race	sentence	paper	global_complete_case_mnar	prediction	row_pooled	llama-3.1-8b-instruct	gemini-2-5-flash-lite-vertex	linear_cka	cka	4934	825	825	0.16720713417105795	0.3657948024523549	0.33486264954347233	0.40326850023954414	500	500	bb39c2d2fc4a8ec99452fbbab44f2b1aedd932bc8338ac64de82b714d19ca319
race	sentence	paper	global_complete_case_mnar	all	row_pooled	llama-3.1-8b-instruct	gemini-2-5-flash-lite-vertex	signed_frobenius_r	pearson_r	145544	18639	825	0.1280643654152696	0.3094529449934293	0.2856261802253449	0.33257535578375275	500	500	51385ad7fc65412a0b97abc35d2d48f0037ab21f612a40fbcc1920f35d7c578e
race	sentence	paper	global_complete_case_mnar	all	row_pooled	llama-3.1-8b-instruct	gemini-2-5-flash-lite-vertex	direction_cosine	mean_cosine	145544	18639	825	0.1280643654152696	0.1340346991718269	0.11971048352581398	0.14861253897742643	500	500	51385ad7fc65412a0b97abc35d2d48f0037ab21f612a40fbcc1920f35d7c578e
race	sentence	paper	global_complete_case_mnar	all	row_pooled	llama-3.1-8b-instruct	gemini-2-5-flash-lite-vertex	linear_cka	cka	145544	18639	825	0.1280643654152696	0.09637974489851409	0.08257620433440521	0.11136755426249885	500	500	51385ad7fc65412a0b97abc35d2d48f0037ab21f612a40fbcc1920f35d7c578e
race	sentence	paper	global_complete_case_mnar	all	row_pooled	llama-3.1-8b-instruct	gemini-2-5-flash-lite-vertex	aitchison_magnitude_r	pearson_r	145544	18639	825	0.1280643654152696	0.36717519429970774	0.3328041751148578	0.39812537171564233	500	500	51385ad7fc65412a0b97abc35d2d48f0037ab21f612a40fbcc1920f35d7c578e
race	sentence	paper	global_complete_case_mnar	all	row_pooled	llama-3.1-8b-instruct	gemini-2-5-flash-lite-vertex	fisher_rao_magnitude_r	pearson_r	145544	18639	825	0.1280643654152696	0.33658584227006655	0.3104864895864323	0.36234532389419355	500	500	51385ad7fc65412a0b97abc35d2d48f0037ab21f612a40fbcc1920f35d7c578e
race	sentence	paper	global_complete_case_mnar	all	row_pooled	llama-3.1-8b-instruct	gemini-2-5-flash-lite-vertex	fisher_local_magnitude_r	pearson_r	145544	18639	825	0.1280643654152696	0.11072324274473798	0.07456615267828026	0.14681141328864236	500	500	51385ad7fc65412a0b97abc35d2d48f0037ab21f612a40fbcc1920f35d7c578e
race	sentence	paper	global_complete_case_mnar	all	prompt_equal	llama-3.1-8b-instruct	gemini-2-5-flash-lite-vertex	signed_frobenius_r	pearson_r	145544	18639	825	0.1280643654152696	0.34586218191545043	0.31970016425138476	0.3721063879095654	500	500	51385ad7fc65412a0b97abc35d2d48f0037ab21f612a40fbcc1920f35d7c578e
race	sentence	paper	global_complete_case_mnar	all	prompt_equal	llama-3.1-8b-instruct	gemini-2-5-flash-lite-vertex	direction_cosine	mean_cosine	145544	18639	825	0.1280643654152696	0.15366424274807075	0.1392821760084546	0.1685440396268001	500	500	51385ad7fc65412a0b97abc35d2d48f0037ab21f612a40fbcc1920f35d7c578e
race	sentence	paper	global_complete_case_mnar	all	prompt_equal	llama-3.1-8b-instruct	gemini-2-5-flash-lite-vertex	linear_cka	cka	145544	18639	825	0.1280643654152696	0.12104759268172238	0.10377066580133829	0.14037154957117084	500	500	51385ad7fc65412a0b97abc35d2d48f0037ab21f612a40fbcc1920f35d7c578e
race	sentence	paper	global_complete_case_mnar	all	prompt_equal	llama-3.1-8b-instruct	gemini-2-5-flash-lite-vertex	aitchison_magnitude_r	pearson_r	145544	18639	825	0.1280643654152696	0.40001484591997	0.36777119493612315	0.4319147120729496	500	500	51385ad7fc65412a0b97abc35d2d48f0037ab21f612a40fbcc1920f35d7c578e
race	sentence	paper	global_complete_case_mnar	all	prompt_equal	llama-3.1-8b-instruct	gemini-2-5-flash-lite-vertex	fisher_rao_magnitude_r	pearson_r	145544	18639	825	0.1280643654152696	0.3554002355155374	0.32928727564973287	0.3832546500291897	500	500	51385ad7fc65412a0b97abc35d2d48f0037ab21f612a40fbcc1920f35d7c578e
race	sentence	paper	global_complete_case_mnar	all	prompt_equal	llama-3.1-8b-instruct	gemini-2-5-flash-lite-vertex	fisher_local_magnitude_r	pearson_r	145544	18639	825	0.1280643654152696	0.13221531958796012	0.09175159206439869	0.17718238131135738	500	500	51385ad7fc65412a0b97abc35d2d48f0037ab21f612a40fbcc1920f35d7c578e
race	sentence	paper	global_complete_case_mnar	system	row_pooled	llama-3.1-8b-instruct	gemini-2-5-flash-lite-vertex	signed_frobenius_r	pearson_r	14802	936	592	0.06323469801378193	0.03078105543816242	-0.018845950686377785	0.07798426562137455	500	500	3bab359b248413ff4b82309794d35425270ef3b1017c60cd7de1b91b484ad9f9
race	sentence	paper	global_complete_case_mnar	system	row_pooled	llama-3.1-8b-instruct	gemini-2-5-flash-lite-vertex	direction_cosine	mean_cosine	14802	936	592	0.06323469801378193	0.054864151351790916	0.019236271072693514	0.08696581476869736	500	500	3bab359b248413ff4b82309794d35425270ef3b1017c60cd7de1b91b484ad9f9
race	sentence	paper	global_complete_case_mnar	system	row_pooled	llama-3.1-8b-instruct	gemini-2-5-flash-lite-vertex	linear_cka	cka	14802	936	592	0.06323469801378193	0.009028320779696505	0.0056691448833073145	0.02041850468384966	500	500	3bab359b248413ff4b82309794d35425270ef3b1017c60cd7de1b91b484ad9f9
race	sentence	paper	global_complete_case_mnar	system	row_pooled	llama-3.1-8b-instruct	gemini-2-5-flash-lite-vertex	aitchison_magnitude_r	pearson_r	14802	936	592	0.06323469801378193	0.07775192183573754	0.010575898127769937	0.15275822341610823	500	500	3bab359b248413ff4b82309794d35425270ef3b1017c60cd7de1b91b484ad9f9
race	sentence	paper	global_complete_case_mnar	system	row_pooled	llama-3.1-8b-instruct	gemini-2-5-flash-lite-vertex	fisher_rao_magnitude_r	pearson_r	14802	936	592	0.06323469801378193	0.07144364240374325	0.004825732554149732	0.13783920344970155	500	500	3bab359b248413ff4b82309794d35425270ef3b1017c60cd7de1b91b484ad9f9
race	sentence	paper	global_complete_case_mnar	system	row_pooled	llama-3.1-8b-instruct	gemini-2-5-flash-lite-vertex	fisher_local_magnitude_r	pearson_r	14802	936	592	0.06323469801378193	0.06555793665803278	-0.037621193900482686	0.17837601950769735	500	500	3bab359b248413ff4b82309794d35425270ef3b1017c60cd7de1b91b484ad9f9
race	sentence	paper	global_complete_case_mnar	system	prompt_equal	llama-3.1-8b-instruct	gemini-2-5-flash-lite-vertex	signed_frobenius_r	pearson_r	14802	936	592	0.06323469801378193	0.03607143419432296	-0.011711915808904724	0.0778713657991218	500	500	3bab359b248413ff4b82309794d35425270ef3b1017c60cd7de1b91b484ad9f9
race	sentence	paper	global_complete_case_mnar	system	prompt_equal	llama-3.1-8b-instruct	gemini-2-5-flash-lite-vertex	direction_cosine	mean_cosine	14802	936	592	0.06323469801378193	0.06774649833625743	0.029699872904722816	0.10250759439947435	500	500	3bab359b248413ff4b82309794d35425270ef3b1017c60cd7de1b91b484ad9f9
race	sentence	paper	global_complete_case_mnar	system	prompt_equal	llama-3.1-8b-instruct	gemini-2-5-flash-lite-vertex	linear_cka	cka	14802	936	592	0.06323469801378193	0.008445313615975582	0.005140674250098559	0.01854276804987614	500	500	3bab359b248413ff4b82309794d35425270ef3b1017c60cd7de1b91b484ad9f9
race	sentence	paper	global_complete_case_mnar	system	prompt_equal	llama-3.1-8b-instruct	gemini-2-5-flash-lite-vertex	aitchison_magnitude_r	pearson_r	14802	936	592	0.06323469801378193	0.06392517291693513	-0.0026433797509152223	0.1337070018812517	500	500	3bab359b248413ff4b82309794d35425270ef3b1017c60cd7de1b91b484ad9f9
race	sentence	paper	global_complete_case_mnar	system	prompt_equal	llama-3.1-8b-instruct	gemini-2-5-flash-lite-vertex	fisher_rao_magnitude_r	pearson_r	14802	936	592	0.06323469801378193	0.07000894781370078	0.004820695731780622	0.14369812973713653	500	500	3bab359b248413ff4b82309794d35425270ef3b1017c60cd7de1b91b484ad9f9
race	sentence	paper	global_complete_case_mnar	system	prompt_equal	llama-3.1-8b-instruct	gemini-2-5-flash-lite-vertex	fisher_local_magnitude_r	pearson_r	14802	936	592	0.06323469801378193	0.06677316379323787	-0.024437267612538616	0.17335373501894683	500	500	3bab359b248413ff4b82309794d35425270ef3b1017c60cd7de1b91b484ad9f9
race	sentence	paper	global_complete_case_mnar	user	row_pooled	llama-3.1-8b-instruct	gemini-2-5-flash-lite-vertex	signed_frobenius_r	pearson_r	130742	17703	825	0.1354040782610026	0.316565711314078	0.29186956541514325	0.34266468326574306	500	500	f4dfff463588ac5ae026c9a5714d6982ed65510e3f0ce476ecc721a02f2aa318
race	sentence	paper	global_complete_case_mnar	user	row_pooled	llama-3.1-8b-instruct	gemini-2-5-flash-lite-vertex	direction_cosine	mean_cosine	130742	17703	825	0.1354040782610026	0.13822063560969358	0.12311345177363671	0.15308101214045722	500	500	f4dfff463588ac5ae026c9a5714d6982ed65510e3f0ce476ecc721a02f2aa318
race	sentence	paper	global_complete_case_mnar	user	row_pooled	llama-3.1-8b-instruct	gemini-2-5-flash-lite-vertex	linear_cka	cka	130742	17703	825	0.1354040782610026	0.10068236766433009	0.0853411311868568	0.11798809296519254	500	500	f4dfff463588ac5ae026c9a5714d6982ed65510e3f0ce476ecc721a02f2aa318
race	sentence	paper	global_complete_case_mnar	user	row_pooled	llama-3.1-8b-instruct	gemini-2-5-flash-lite-vertex	aitchison_magnitude_r	pearson_r	130742	17703	825	0.1354040782610026	0.3721426790669971	0.33440311488827607	0.40433404894709546	500	500	f4dfff463588ac5ae026c9a5714d6982ed65510e3f0ce476ecc721a02f2aa318
race	sentence	paper	global_complete_case_mnar	user	row_pooled	llama-3.1-8b-instruct	gemini-2-5-flash-lite-vertex	fisher_rao_magnitude_r	pearson_r	130742	17703	825	0.1354040782610026	0.3399115581571929	0.313242172823711	0.36763814576096854	500	500	f4dfff463588ac5ae026c9a5714d6982ed65510e3f0ce476ecc721a02f2aa318
race	sentence	paper	global_complete_case_mnar	user	row_pooled	llama-3.1-8b-instruct	gemini-2-5-flash-lite-vertex	fisher_local_magnitude_r	pearson_r	130742	17703	825	0.1354040782610026	0.11195923175580379	0.07769602057946146	0.15255644754816888	500	500	f4dfff463588ac5ae026c9a5714d6982ed65510e3f0ce476ecc721a02f2aa318
race	sentence	paper	global_complete_case_mnar	user	prompt_equal	llama-3.1-8b-instruct	gemini-2-5-flash-lite-vertex	signed_frobenius_r	pearson_r	130742	17703	825	0.1354040782610026	0.35075999402475216	0.323791586208227	0.3793209785335488	500	500	f4dfff463588ac5ae026c9a5714d6982ed65510e3f0ce476ecc721a02f2aa318
race	sentence	paper	global_complete_case_mnar	user	prompt_equal	llama-3.1-8b-instruct	gemini-2-5-flash-lite-vertex	direction_cosine	mean_cosine	130742	17703	825	0.1354040782610026	0.15832045745631762	0.14387793083171108	0.17319085869306872	500	500	f4dfff463588ac5ae026c9a5714d6982ed65510e3f0ce476ecc721a02f2aa318
race	sentence	paper	global_complete_case_mnar	user	prompt_equal	llama-3.1-8b-instruct	gemini-2-5-flash-lite-vertex	linear_cka	cka	130742	17703	825	0.1354040782610026	0.12429074008141379	0.10657301303606775	0.14648757193566972	500	500	f4dfff463588ac5ae026c9a5714d6982ed65510e3f0ce476ecc721a02f2aa318
race	sentence	paper	global_complete_case_mnar	user	prompt_equal	llama-3.1-8b-instruct	gemini-2-5-flash-lite-vertex	aitchison_magnitude_r	pearson_r	130742	17703	825	0.1354040782610026	0.4019949412586101	0.3667571798753357	0.43354663759893586	500	500	f4dfff463588ac5ae026c9a5714d6982ed65510e3f0ce476ecc721a02f2aa318
race	sentence	paper	global_complete_case_mnar	user	prompt_equal	llama-3.1-8b-instruct	gemini-2-5-flash-lite-vertex	fisher_rao_magnitude_r	pearson_r	130742	17703	825	0.1354040782610026	0.3568237332064131	0.3289562849710173	0.3886584696976265	500	500	f4dfff463588ac5ae026c9a5714d6982ed65510e3f0ce476ecc721a02f2aa318
race	sentence	paper	global_complete_case_mnar	user	prompt_equal	llama-3.1-8b-instruct	gemini-2-5-flash-lite-vertex	fisher_local_magnitude_r	pearson_r	130742	17703	825	0.1354040782610026	0.13379695692143423	0.09184848089233258	0.18985925619270844	500	500	f4dfff463588ac5ae026c9a5714d6982ed65510e3f0ce476ecc721a02f2aa318
race	sentence	paper	global_complete_case_mnar	prediction	row_pooled	qwen2.5-7b-instruct	qwen2.5-14b-instruct	signed_frobenius_r	pearson_r	4934	825	825	0.16720713417105795	0.8198198873822363	0.8022635808648718	0.8359658252665373	500	500	bb39c2d2fc4a8ec99452fbbab44f2b1aedd932bc8338ac64de82b714d19ca319
race	sentence	paper	global_complete_case_mnar	prediction	row_pooled	qwen2.5-7b-instruct	qwen2.5-14b-instruct	direction_cosine	mean_cosine	4934	825	825	0.16720713417105795	0.7718288739176974	0.7477328461061755	0.795601393586254	500	500	bb39c2d2fc4a8ec99452fbbab44f2b1aedd932bc8338ac64de82b714d19ca319
race	sentence	paper	global_complete_case_mnar	prediction	row_pooled	qwen2.5-7b-instruct	qwen2.5-14b-instruct	linear_cka	cka	4934	825	825	0.16720713417105795	0.669359096097135	0.6415816303929903	0.6965652625229709	500	500	bb39c2d2fc4a8ec99452fbbab44f2b1aedd932bc8338ac64de82b714d19ca319
race	sentence	paper	global_complete_case_mnar	all	row_pooled	qwen2.5-7b-instruct	qwen2.5-14b-instruct	signed_frobenius_r	pearson_r	145544	18639	825	0.1280643654152696	0.6287689325632503	0.6105102126104196	0.6458228533302126	500	500	51385ad7fc65412a0b97abc35d2d48f0037ab21f612a40fbcc1920f35d7c578e
race	sentence	paper	global_complete_case_mnar	all	row_pooled	qwen2.5-7b-instruct	qwen2.5-14b-instruct	direction_cosine	mean_cosine	145544	18639	825	0.1280643654152696	0.28657758931032856	0.2726704764288594	0.30034273506769443	500	500	51385ad7fc65412a0b97abc35d2d48f0037ab21f612a40fbcc1920f35d7c578e
race	sentence	paper	global_complete_case_mnar	all	row_pooled	qwen2.5-7b-instruct	qwen2.5-14b-instruct	linear_cka	cka	145544	18639	825	0.1280643654152696	0.3998197502718718	0.3769854901114938	0.42258859701921797	500	500	51385ad7fc65412a0b97abc35d2d48f0037ab21f612a40fbcc1920f35d7c578e
race	sentence	paper	global_complete_case_mnar	all	row_pooled	qwen2.5-7b-instruct	qwen2.5-14b-instruct	aitchison_magnitude_r	pearson_r	145544	18639	825	0.1280643654152696	0.7478075375047253	0.734066938292601	0.7611795071924283	500	500	51385ad7fc65412a0b97abc35d2d48f0037ab21f612a40fbcc1920f35d7c578e
race	sentence	paper	global_complete_case_mnar	all	row_pooled	qwen2.5-7b-instruct	qwen2.5-14b-instruct	fisher_rao_magnitude_r	pearson_r	145544	18639	825	0.1280643654152696	0.503630804990088	0.47746482744081037	0.5285706131294111	500	500	51385ad7fc65412a0b97abc35d2d48f0037ab21f612a40fbcc1920f35d7c578e
race	sentence	paper	global_complete_case_mnar	all	row_pooled	qwen2.5-7b-instruct	qwen2.5-14b-instruct	fisher_local_magnitude_r	pearson_r	145544	18639	825	0.1280643654152696	0.07787442642171001	0.04140293167677243	0.11970490350972914	500	500	51385ad7fc65412a0b97abc35d2d48f0037ab21f612a40fbcc1920f35d7c578e
race	sentence	paper	global_complete_case_mnar	all	prompt_equal	qwen2.5-7b-instruct	qwen2.5-14b-instruct	signed_frobenius_r	pearson_r	145544	18639	825	0.1280643654152696	0.6482888251958608	0.628753787546323	0.6666895054426917	500	500	51385ad7fc65412a0b97abc35d2d48f0037ab21f612a40fbcc1920f35d7c578e
race	sentence	paper	global_complete_case_mnar	all	prompt_equal	qwen2.5-7b-instruct	qwen2.5-14b-instruct	direction_cosine	mean_cosine	145544	18639	825	0.1280643654152696	0.3118273494407865	0.29632192016888403	0.3273152928389637	500	500	51385ad7fc65412a0b97abc35d2d48f0037ab21f612a40fbcc1920f35d7c578e
race	sentence	paper	global_complete_case_mnar	all	prompt_equal	qwen2.5-7b-instruct	qwen2.5-14b-instruct	linear_cka	cka	145544	18639	825	0.1280643654152696	0.42537256599395973	0.4013352710369834	0.4502753454542279	500	500	51385ad7fc65412a0b97abc35d2d48f0037ab21f612a40fbcc1920f35d7c578e
race	sentence	paper	global_complete_case_mnar	all	prompt_equal	qwen2.5-7b-instruct	qwen2.5-14b-instruct	aitchison_magnitude_r	pearson_r	145544	18639	825	0.1280643654152696	0.7519513459208975	0.7369281910730314	0.7665234187278296	500	500	51385ad7fc65412a0b97abc35d2d48f0037ab21f612a40fbcc1920f35d7c578e
race	sentence	paper	global_complete_case_mnar	all	prompt_equal	qwen2.5-7b-instruct	qwen2.5-14b-instruct	fisher_rao_magnitude_r	pearson_r	145544	18639	825	0.1280643654152696	0.5206927436504432	0.4939545212880106	0.5462210682354134	500	500	51385ad7fc65412a0b97abc35d2d48f0037ab21f612a40fbcc1920f35d7c578e
race	sentence	paper	global_complete_case_mnar	all	prompt_equal	qwen2.5-7b-instruct	qwen2.5-14b-instruct	fisher_local_magnitude_r	pearson_r	145544	18639	825	0.1280643654152696	0.07461641026487724	0.039417624402752524	0.1137740170116656	500	500	51385ad7fc65412a0b97abc35d2d48f0037ab21f612a40fbcc1920f35d7c578e
race	sentence	paper	global_complete_case_mnar	system	row_pooled	qwen2.5-7b-instruct	qwen2.5-14b-instruct	signed_frobenius_r	pearson_r	14802	936	592	0.06323469801378193	0.22948059379876937	0.1935328330742311	0.27300664090110066	500	500	3bab359b248413ff4b82309794d35425270ef3b1017c60cd7de1b91b484ad9f9
race	sentence	paper	global_complete_case_mnar	system	row_pooled	qwen2.5-7b-instruct	qwen2.5-14b-instruct	direction_cosine	mean_cosine	14802	936	592	0.06323469801378193	0.2887037555824555	0.24836833450775195	0.3304903445839864	500	500	3bab359b248413ff4b82309794d35425270ef3b1017c60cd7de1b91b484ad9f9
race	sentence	paper	global_complete_case_mnar	system	row_pooled	qwen2.5-7b-instruct	qwen2.5-14b-instruct	linear_cka	cka	14802	936	592	0.06323469801378193	0.05584135461985361	0.04086018465415738	0.08168736035021515	500	500	3bab359b248413ff4b82309794d35425270ef3b1017c60cd7de1b91b484ad9f9
race	sentence	paper	global_complete_case_mnar	system	row_pooled	qwen2.5-7b-instruct	qwen2.5-14b-instruct	aitchison_magnitude_r	pearson_r	14802	936	592	0.06323469801378193	0.2471092644792926	0.18912197967277444	0.30253201347567815	500	500	3bab359b248413ff4b82309794d35425270ef3b1017c60cd7de1b91b484ad9f9
race	sentence	paper	global_complete_case_mnar	system	row_pooled	qwen2.5-7b-instruct	qwen2.5-14b-instruct	fisher_rao_magnitude_r	pearson_r	14802	936	592	0.06323469801378193	0.0011859350155453377	-0.05504400229437875	0.0793402694907846	500	500	3bab359b248413ff4b82309794d35425270ef3b1017c60cd7de1b91b484ad9f9
race	sentence	paper	global_complete_case_mnar	system	row_pooled	qwen2.5-7b-instruct	qwen2.5-14b-instruct	fisher_local_magnitude_r	pearson_r	14802	936	592	0.06323469801378193	-0.030335483313606807	-0.06709605613255086	0.016351423219448415	500	500	3bab359b248413ff4b82309794d35425270ef3b1017c60cd7de1b91b484ad9f9
race	sentence	paper	global_complete_case_mnar	system	prompt_equal	qwen2.5-7b-instruct	qwen2.5-14b-instruct	signed_frobenius_r	pearson_r	14802	936	592	0.06323469801378193	0.2418015366842518	0.20506164364844595	0.28333215869184336	500	500	3bab359b248413ff4b82309794d35425270ef3b1017c60cd7de1b91b484ad9f9
race	sentence	paper	global_complete_case_mnar	system	prompt_equal	qwen2.5-7b-instruct	qwen2.5-14b-instruct	direction_cosine	mean_cosine	14802	936	592	0.06323469801378193	0.3035681847211566	0.266914912017919	0.34607261445113213	500	500	3bab359b248413ff4b82309794d35425270ef3b1017c60cd7de1b91b484ad9f9
race	sentence	paper	global_complete_case_mnar	system	prompt_equal	qwen2.5-7b-instruct	qwen2.5-14b-instruct	linear_cka	cka	14802	936	592	0.06323469801378193	0.06182886421830294	0.04630926119024772	0.0890495578548056	500	500	3bab359b248413ff4b82309794d35425270ef3b1017c60cd7de1b91b484ad9f9
race	sentence	paper	global_complete_case_mnar	system	prompt_equal	qwen2.5-7b-instruct	qwen2.5-14b-instruct	aitchison_magnitude_r	pearson_r	14802	936	592	0.06323469801378193	0.23931218951079453	0.18096533655489339	0.30049644267265424	500	500	3bab359b248413ff4b82309794d35425270ef3b1017c60cd7de1b91b484ad9f9
race	sentence	paper	global_complete_case_mnar	system	prompt_equal	qwen2.5-7b-instruct	qwen2.5-14b-instruct	fisher_rao_magnitude_r	pearson_r	14802	936	592	0.06323469801378193	0.006365403955267731	-0.04989805562702045	0.07840634192196237	500	500	3bab359b248413ff4b82309794d35425270ef3b1017c60cd7de1b91b484ad9f9
race	sentence	paper	global_complete_case_mnar	system	prompt_equal	qwen2.5-7b-instruct	qwen2.5-14b-instruct	fisher_local_magnitude_r	pearson_r	14802	936	592	0.06323469801378193	-0.021982498223368757	-0.05920552528861053	0.023179618331958862	500	500	3bab359b248413ff4b82309794d35425270ef3b1017c60cd7de1b91b484ad9f9
race	sentence	paper	global_complete_case_mnar	user	row_pooled	qwen2.5-7b-instruct	qwen2.5-14b-instruct	signed_frobenius_r	pearson_r	130742	17703	825	0.1354040782610026	0.6318669512605483	0.6142211164388289	0.650344284811963	500	500	f4dfff463588ac5ae026c9a5714d6982ed65510e3f0ce476ecc721a02f2aa318
race	sentence	paper	global_complete_case_mnar	user	row_pooled	qwen2.5-7b-instruct	qwen2.5-14b-instruct	direction_cosine	mean_cosine	130742	17703	825	0.1354040782610026	0.2864651738083961	0.27348299308207796	0.30046148102433057	500	500	f4dfff463588ac5ae026c9a5714d6982ed65510e3f0ce476ecc721a02f2aa318
race	sentence	paper	global_complete_case_mnar	user	row_pooled	qwen2.5-7b-instruct	qwen2.5-14b-instruct	linear_cka	cka	130742	17703	825	0.1354040782610026	0.4036438576311048	0.38164554080652174	0.4291219108315259	500	500	f4dfff463588ac5ae026c9a5714d6982ed65510e3f0ce476ecc721a02f2aa318
race	sentence	paper	global_complete_case_mnar	user	row_pooled	qwen2.5-7b-instruct	qwen2.5-14b-instruct	aitchison_magnitude_r	pearson_r	130742	17703	825	0.1354040782610026	0.7476645640222496	0.7335534696182751	0.7620630745193019	500	500	f4dfff463588ac5ae026c9a5714d6982ed65510e3f0ce476ecc721a02f2aa318
race	sentence	paper	global_complete_case_mnar	user	row_pooled	qwen2.5-7b-instruct	qwen2.5-14b-instruct	fisher_rao_magnitude_r	pearson_r	130742	17703	825	0.1354040782610026	0.5057147075963877	0.4782672853398455	0.5338021205018852	500	500	f4dfff463588ac5ae026c9a5714d6982ed65510e3f0ce476ecc721a02f2aa318
race	sentence	paper	global_complete_case_mnar	user	row_pooled	qwen2.5-7b-instruct	qwen2.5-14b-instruct	fisher_local_magnitude_r	pearson_r	130742	17703	825	0.1354040782610026	0.07835752068410186	0.039959190542234624	0.12136392455147418	500	500	f4dfff463588ac5ae026c9a5714d6982ed65510e3f0ce476ecc721a02f2aa318
race	sentence	paper	global_complete_case_mnar	user	prompt_equal	qwen2.5-7b-instruct	qwen2.5-14b-instruct	signed_frobenius_r	pearson_r	130742	17703	825	0.1354040782610026	0.6485621943407361	0.6310070026529857	0.6690639598744839	500	500	f4dfff463588ac5ae026c9a5714d6982ed65510e3f0ce476ecc721a02f2aa318
race	sentence	paper	global_complete_case_mnar	user	prompt_equal	qwen2.5-7b-instruct	qwen2.5-14b-instruct	direction_cosine	mean_cosine	130742	17703	825	0.1354040782610026	0.3121381242388841	0.2975281733243366	0.32682324268457635	500	500	f4dfff463588ac5ae026c9a5714d6982ed65510e3f0ce476ecc721a02f2aa318
race	sentence	paper	global_complete_case_mnar	user	prompt_equal	qwen2.5-7b-instruct	qwen2.5-14b-instruct	linear_cka	cka	130742	17703	825	0.1354040782610026	0.42562462550364943	0.402968620760896	0.45267311689429096	500	500	f4dfff463588ac5ae026c9a5714d6982ed65510e3f0ce476ecc721a02f2aa318
race	sentence	paper	global_complete_case_mnar	user	prompt_equal	qwen2.5-7b-instruct	qwen2.5-14b-instruct	aitchison_magnitude_r	pearson_r	130742	17703	825	0.1354040782610026	0.7488948047501117	0.733710509371534	0.7635288939379206	500	500	f4dfff463588ac5ae026c9a5714d6982ed65510e3f0ce476ecc721a02f2aa318
race	sentence	paper	global_complete_case_mnar	user	prompt_equal	qwen2.5-7b-instruct	qwen2.5-14b-instruct	fisher_rao_magnitude_r	pearson_r	130742	17703	825	0.1354040782610026	0.5195126137510567	0.4914284759622727	0.5498016986311386	500	500	f4dfff463588ac5ae026c9a5714d6982ed65510e3f0ce476ecc721a02f2aa318
race	sentence	paper	global_complete_case_mnar	user	prompt_equal	qwen2.5-7b-instruct	qwen2.5-14b-instruct	fisher_local_magnitude_r	pearson_r	130742	17703	825	0.1354040782610026	0.07321609092766661	0.03608847050913617	0.11167809973481388	500	500	f4dfff463588ac5ae026c9a5714d6982ed65510e3f0ce476ecc721a02f2aa318
race	sentence	paper	global_complete_case_mnar	prediction	row_pooled	qwen2.5-7b-instruct	llama3.1-70b-instruct	signed_frobenius_r	pearson_r	4934	825	825	0.16720713417105795	0.7657546946248819	0.7450460958106232	0.7852275966619313	500	500	bb39c2d2fc4a8ec99452fbbab44f2b1aedd932bc8338ac64de82b714d19ca319
race	sentence	paper	global_complete_case_mnar	prediction	row_pooled	qwen2.5-7b-instruct	llama3.1-70b-instruct	direction_cosine	mean_cosine	4934	825	825	0.16720713417105795	0.6952320983181988	0.6681552478274864	0.7193407316753376	500	500	bb39c2d2fc4a8ec99452fbbab44f2b1aedd932bc8338ac64de82b714d19ca319
race	sentence	paper	global_complete_case_mnar	prediction	row_pooled	qwen2.5-7b-instruct	llama3.1-70b-instruct	linear_cka	cka	4934	825	825	0.16720713417105795	0.5812122822727553	0.5496701735800583	0.6140863055521855	500	500	bb39c2d2fc4a8ec99452fbbab44f2b1aedd932bc8338ac64de82b714d19ca319
race	sentence	paper	global_complete_case_mnar	all	row_pooled	qwen2.5-7b-instruct	llama3.1-70b-instruct	signed_frobenius_r	pearson_r	145544	18639	825	0.1280643654152696	0.603719606350598	0.5854286787540411	0.6234032535150343	500	500	51385ad7fc65412a0b97abc35d2d48f0037ab21f612a40fbcc1920f35d7c578e
race	sentence	paper	global_complete_case_mnar	all	row_pooled	qwen2.5-7b-instruct	llama3.1-70b-instruct	direction_cosine	mean_cosine	145544	18639	825	0.1280643654152696	0.24463998041117763	0.23200070204506795	0.25721540066701076	500	500	51385ad7fc65412a0b97abc35d2d48f0037ab21f612a40fbcc1920f35d7c578e
race	sentence	paper	global_complete_case_mnar	all	row_pooled	qwen2.5-7b-instruct	llama3.1-70b-instruct	linear_cka	cka	145544	18639	825	0.1280643654152696	0.36784101569571453	0.3444227829624837	0.3933239694997055	500	500	51385ad7fc65412a0b97abc35d2d48f0037ab21f612a40fbcc1920f35d7c578e
race	sentence	paper	global_complete_case_mnar	all	row_pooled	qwen2.5-7b-instruct	llama3.1-70b-instruct	aitchison_magnitude_r	pearson_r	145544	18639	825	0.1280643654152696	0.7302154821351028	0.7177002586266082	0.744664693322883	500	500	51385ad7fc65412a0b97abc35d2d48f0037ab21f612a40fbcc1920f35d7c578e
race	sentence	paper	global_complete_case_mnar	all	row_pooled	qwen2.5-7b-instruct	llama3.1-70b-instruct	fisher_rao_magnitude_r	pearson_r	145544	18639	825	0.1280643654152696	0.5530577279976593	0.5297706731199344	0.5785951405975112	500	500	51385ad7fc65412a0b97abc35d2d48f0037ab21f612a40fbcc1920f35d7c578e
race	sentence	paper	global_complete_case_mnar	all	row_pooled	qwen2.5-7b-instruct	llama3.1-70b-instruct	fisher_local_magnitude_r	pearson_r	145544	18639	825	0.1280643654152696	0.19918435390553807	0.16409110696251472	0.23610966052601146	500	500	51385ad7fc65412a0b97abc35d2d48f0037ab21f612a40fbcc1920f35d7c578e
race	sentence	paper	global_complete_case_mnar	all	prompt_equal	qwen2.5-7b-instruct	llama3.1-70b-instruct	signed_frobenius_r	pearson_r	145544	18639	825	0.1280643654152696	0.6328161442438963	0.6136440732006861	0.6518119478414164	500	500	51385ad7fc65412a0b97abc35d2d48f0037ab21f612a40fbcc1920f35d7c578e
race	sentence	paper	global_complete_case_mnar	all	prompt_equal	qwen2.5-7b-instruct	llama3.1-70b-instruct	direction_cosine	mean_cosine	145544	18639	825	0.1280643654152696	0.27481973771066603	0.26085664727934715	0.2880313425057816	500	500	51385ad7fc65412a0b97abc35d2d48f0037ab21f612a40fbcc1920f35d7c578e
race	sentence	paper	global_complete_case_mnar	all	prompt_equal	qwen2.5-7b-instruct	llama3.1-70b-instruct	linear_cka	cka	145544	18639	825	0.1280643654152696	0.406078884741692	0.381619701533714	0.431660173319884	500	500	51385ad7fc65412a0b97abc35d2d48f0037ab21f612a40fbcc1920f35d7c578e
race	sentence	paper	global_complete_case_mnar	all	prompt_equal	qwen2.5-7b-instruct	llama3.1-70b-instruct	aitchison_magnitude_r	pearson_r	145544	18639	825	0.1280643654152696	0.7427466855531668	0.7283310006795337	0.757660963325875	500	500	51385ad7fc65412a0b97abc35d2d48f0037ab21f612a40fbcc1920f35d7c578e
race	sentence	paper	global_complete_case_mnar	all	prompt_equal	qwen2.5-7b-instruct	llama3.1-70b-instruct	fisher_rao_magnitude_r	pearson_r	145544	18639	825	0.1280643654152696	0.5827422734004908	0.5572569482549328	0.6053186105794217	500	500	51385ad7fc65412a0b97abc35d2d48f0037ab21f612a40fbcc1920f35d7c578e
race	sentence	paper	global_complete_case_mnar	all	prompt_equal	qwen2.5-7b-instruct	llama3.1-70b-instruct	fisher_local_magnitude_r	pearson_r	145544	18639	825	0.1280643654152696	0.20584567161732445	0.1704998985717156	0.2403092559095482	500	500	51385ad7fc65412a0b97abc35d2d48f0037ab21f612a40fbcc1920f35d7c578e
race	sentence	paper	global_complete_case_mnar	system	row_pooled	qwen2.5-7b-instruct	llama3.1-70b-instruct	signed_frobenius_r	pearson_r	14802	936	592	0.06323469801378193	0.07907616966170222	0.025801680269609398	0.13259608389269287	500	500	3bab359b248413ff4b82309794d35425270ef3b1017c60cd7de1b91b484ad9f9
race	sentence	paper	global_complete_case_mnar	system	row_pooled	qwen2.5-7b-instruct	llama3.1-70b-instruct	direction_cosine	mean_cosine	14802	936	592	0.06323469801378193	0.11640892594118589	0.07813387482440738	0.15238693271702877	500	500	3bab359b248413ff4b82309794d35425270ef3b1017c60cd7de1b91b484ad9f9
race	sentence	paper	global_complete_case_mnar	system	row_pooled	qwen2.5-7b-instruct	llama3.1-70b-instruct	linear_cka	cka	14802	936	592	0.06323469801378193	0.009644543888708904	0.00521154609100584	0.02726832083564974	500	500	3bab359b248413ff4b82309794d35425270ef3b1017c60cd7de1b91b484ad9f9
race	sentence	paper	global_complete_case_mnar	system	row_pooled	qwen2.5-7b-instruct	llama3.1-70b-instruct	aitchison_magnitude_r	pearson_r	14802	936	592	0.06323469801378193	0.41114038604731895	0.3467720527398929	0.46406830740468474	500	500	3bab359b248413ff4b82309794d35425270ef3b1017c60cd7de1b91b484ad9f9
race	sentence	paper	global_complete_case_mnar	system	row_pooled	qwen2.5-7b-instruct	llama3.1-70b-instruct	fisher_rao_magnitude_r	pearson_r	14802	936	592	0.06323469801378193	0.22198376441789205	0.11220971994088255	0.3230944217664787	500	500	3bab359b248413ff4b82309794d35425270ef3b1017c60cd7de1b91b484ad9f9
race	sentence	paper	global_complete_case_mnar	system	row_pooled	qwen2.5-7b-instruct	llama3.1-70b-instruct	fisher_local_magnitude_r	pearson_r	14802	936	592	0.06323469801378193	0.12231125984534438	0.045344414734487366	0.19503262270852811	500	500	3bab359b248413ff4b82309794d35425270ef3b1017c60cd7de1b91b484ad9f9
race	sentence	paper	global_complete_case_mnar	system	prompt_equal	qwen2.5-7b-instruct	llama3.1-70b-instruct	signed_frobenius_r	pearson_r	14802	936	592	0.06323469801378193	0.09117647221617776	0.03968004144478795	0.14077623809664908	500	500	3bab359b248413ff4b82309794d35425270ef3b1017c60cd7de1b91b484ad9f9
race	sentence	paper	global_complete_case_mnar	system	prompt_equal	qwen2.5-7b-instruct	llama3.1-70b-instruct	direction_cosine	mean_cosine	14802	936	592	0.06323469801378193	0.12778254456213806	0.08726542456450456	0.16436026635164094	500	500	3bab359b248413ff4b82309794d35425270ef3b1017c60cd7de1b91b484ad9f9
race	sentence	paper	global_complete_case_mnar	system	prompt_equal	qwen2.5-7b-instruct	llama3.1-70b-instruct	linear_cka	cka	14802	936	592	0.06323469801378193	0.011927825699986995	0.005568650381986399	0.031967164538330976	500	500	3bab359b248413ff4b82309794d35425270ef3b1017c60cd7de1b91b484ad9f9
race	sentence	paper	global_complete_case_mnar	system	prompt_equal	qwen2.5-7b-instruct	llama3.1-70b-instruct	aitchison_magnitude_r	pearson_r	14802	936	592	0.06323469801378193	0.40781818142805315	0.33399926923660866	0.4624084582533088	500	500	3bab359b248413ff4b82309794d35425270ef3b1017c60cd7de1b91b484ad9f9
race	sentence	paper	global_complete_case_mnar	system	prompt_equal	qwen2.5-7b-instruct	llama3.1-70b-instruct	fisher_rao_magnitude_r	pearson_r	14802	936	592	0.06323469801378193	0.22186561902453952	0.119243338341119	0.3122436379811058	500	500	3bab359b248413ff4b82309794d35425270ef3b1017c60cd7de1b91b484ad9f9
race	sentence	paper	global_complete_case_mnar	system	prompt_equal	qwen2.5-7b-instruct	llama3.1-70b-instruct	fisher_local_magnitude_r	pearson_r	14802	936	592	0.06323469801378193	0.1277948650142829	0.05846419894063843	0.20170535773569045	500	500	3bab359b248413ff4b82309794d35425270ef3b1017c60cd7de1b91b484ad9f9
race	sentence	paper	global_complete_case_mnar	user	row_pooled	qwen2.5-7b-instruct	llama3.1-70b-instruct	signed_frobenius_r	pearson_r	130742	17703	825	0.1354040782610026	0.6074216896410292	0.5893446114501927	0.6256411176541659	500	500	f4dfff463588ac5ae026c9a5714d6982ed65510e3f0ce476ecc721a02f2aa318
race	sentence	paper	global_complete_case_mnar	user	row_pooled	qwen2.5-7b-instruct	llama3.1-70b-instruct	direction_cosine	mean_cosine	130742	17703	825	0.1354040782610026	0.25142216196646455	0.23872280736353316	0.26458612432152945	500	500	f4dfff463588ac5ae026c9a5714d6982ed65510e3f0ce476ecc721a02f2aa318
race	sentence	paper	global_complete_case_mnar	user	row_pooled	qwen2.5-7b-instruct	llama3.1-70b-instruct	linear_cka	cka	130742	17703	825	0.1354040782610026	0.37215427490489816	0.35056939682063354	0.3965123526998837	500	500	f4dfff463588ac5ae026c9a5714d6982ed65510e3f0ce476ecc721a02f2aa318
race	sentence	paper	global_complete_case_mnar	user	row_pooled	qwen2.5-7b-instruct	llama3.1-70b-instruct	aitchison_magnitude_r	pearson_r	130742	17703	825	0.1354040782610026	0.729155808414618	0.7164939083194664	0.742244266556878	500	500	f4dfff463588ac5ae026c9a5714d6982ed65510e3f0ce476ecc721a02f2aa318
race	sentence	paper	global_complete_case_mnar	user	row_pooled	qwen2.5-7b-instruct	llama3.1-70b-instruct	fisher_rao_magnitude_r	pearson_r	130742	17703	825	0.1354040782610026	0.5528780473184882	0.5292395202733629	0.5758813430125869	500	500	f4dfff463588ac5ae026c9a5714d6982ed65510e3f0ce476ecc721a02f2aa318
race	sentence	paper	global_complete_case_mnar	user	row_pooled	qwen2.5-7b-instruct	llama3.1-70b-instruct	fisher_local_magnitude_r	pearson_r	130742	17703	825	0.1354040782610026	0.19837471677164306	0.16203055098612856	0.23710946166908076	500	500	f4dfff463588ac5ae026c9a5714d6982ed65510e3f0ce476ecc721a02f2aa318
race	sentence	paper	global_complete_case_mnar	user	prompt_equal	qwen2.5-7b-instruct	llama3.1-70b-instruct	signed_frobenius_r	pearson_r	130742	17703	825	0.1354040782610026	0.6335954769804325	0.6148521523773349	0.6537688036589877	500	500	f4dfff463588ac5ae026c9a5714d6982ed65510e3f0ce476ecc721a02f2aa318
race	sentence	paper	global_complete_case_mnar	user	prompt_equal	qwen2.5-7b-instruct	llama3.1-70b-instruct	direction_cosine	mean_cosine	130742	17703	825	0.1354040782610026	0.28183329773038174	0.2684876747684247	0.2955265543146604	500	500	f4dfff463588ac5ae026c9a5714d6982ed65510e3f0ce476ecc721a02f2aa318
race	sentence	paper	global_complete_case_mnar	user	prompt_equal	qwen2.5-7b-instruct	llama3.1-70b-instruct	linear_cka	cka	130742	17703	825	0.1354040782610026	0.40695001228189703	0.3821164674736914	0.4331695724722728	500	500	f4dfff463588ac5ae026c9a5714d6982ed65510e3f0ce476ecc721a02f2aa318
race	sentence	paper	global_complete_case_mnar	user	prompt_equal	qwen2.5-7b-instruct	llama3.1-70b-instruct	aitchison_magnitude_r	pearson_r	130742	17703	825	0.1354040782610026	0.7390772547738139	0.7247599497080184	0.7532790781183886	500	500	f4dfff463588ac5ae026c9a5714d6982ed65510e3f0ce476ecc721a02f2aa318
race	sentence	paper	global_complete_case_mnar	user	prompt_equal	qwen2.5-7b-instruct	llama3.1-70b-instruct	fisher_rao_magnitude_r	pearson_r	130742	17703	825	0.1354040782610026	0.5791918002974317	0.5544135168080824	0.6034485227132868	500	500	f4dfff463588ac5ae026c9a5714d6982ed65510e3f0ce476ecc721a02f2aa318
race	sentence	paper	global_complete_case_mnar	user	prompt_equal	qwen2.5-7b-instruct	llama3.1-70b-instruct	fisher_local_magnitude_r	pearson_r	130742	17703	825	0.1354040782610026	0.20354742884924085	0.16547396630128414	0.24177709500890698	500	500	f4dfff463588ac5ae026c9a5714d6982ed65510e3f0ce476ecc721a02f2aa318
race	sentence	paper	global_complete_case_mnar	prediction	row_pooled	qwen2.5-7b-instruct	llama3.3-70b-instruct	signed_frobenius_r	pearson_r	4934	825	825	0.16720713417105795	0.7446257653873852	0.7214758480717144	0.766446642903582	500	500	bb39c2d2fc4a8ec99452fbbab44f2b1aedd932bc8338ac64de82b714d19ca319
race	sentence	paper	global_complete_case_mnar	prediction	row_pooled	qwen2.5-7b-instruct	llama3.3-70b-instruct	direction_cosine	mean_cosine	4934	825	825	0.16720713417105795	0.7023074640718134	0.677259702969192	0.7279306267697019	500	500	bb39c2d2fc4a8ec99452fbbab44f2b1aedd932bc8338ac64de82b714d19ca319
race	sentence	paper	global_complete_case_mnar	prediction	row_pooled	qwen2.5-7b-instruct	llama3.3-70b-instruct	linear_cka	cka	4934	825	825	0.16720713417105795	0.5499188587693586	0.5169236305729217	0.5844738437365345	500	500	bb39c2d2fc4a8ec99452fbbab44f2b1aedd932bc8338ac64de82b714d19ca319
race	sentence	paper	global_complete_case_mnar	all	row_pooled	qwen2.5-7b-instruct	llama3.3-70b-instruct	signed_frobenius_r	pearson_r	145544	18639	825	0.1280643654152696	0.5759346640562765	0.555809891339849	0.594538976234257	500	500	51385ad7fc65412a0b97abc35d2d48f0037ab21f612a40fbcc1920f35d7c578e
race	sentence	paper	global_complete_case_mnar	all	row_pooled	qwen2.5-7b-instruct	llama3.3-70b-instruct	direction_cosine	mean_cosine	145544	18639	825	0.1280643654152696	0.22991535739176278	0.21627238187977574	0.24431761258320064	500	500	51385ad7fc65412a0b97abc35d2d48f0037ab21f612a40fbcc1920f35d7c578e
race	sentence	paper	global_complete_case_mnar	all	row_pooled	qwen2.5-7b-instruct	llama3.3-70b-instruct	linear_cka	cka	145544	18639	825	0.1280643654152696	0.33736655967751245	0.3142097157015898	0.3597318652404804	500	500	51385ad7fc65412a0b97abc35d2d48f0037ab21f612a40fbcc1920f35d7c578e
race	sentence	paper	global_complete_case_mnar	all	row_pooled	qwen2.5-7b-instruct	llama3.3-70b-instruct	aitchison_magnitude_r	pearson_r	145544	18639	825	0.1280643654152696	0.714754861288075	0.6985007297300269	0.729226420900869	500	500	51385ad7fc65412a0b97abc35d2d48f0037ab21f612a40fbcc1920f35d7c578e
race	sentence	paper	global_complete_case_mnar	all	row_pooled	qwen2.5-7b-instruct	llama3.3-70b-instruct	fisher_rao_magnitude_r	pearson_r	145544	18639	825	0.1280643654152696	0.4785984831479888	0.4500329722908477	0.5041074909297402	500	500	51385ad7fc65412a0b97abc35d2d48f0037ab21f612a40fbcc1920f35d7c578e
race	sentence	paper	global_complete_case_mnar	all	row_pooled	qwen2.5-7b-instruct	llama3.3-70b-instruct	fisher_local_magnitude_r	pearson_r	145544	18639	825	0.1280643654152696	0.10800316848093056	0.07025430175383122	0.15780803929337703	500	500	51385ad7fc65412a0b97abc35d2d48f0037ab21f612a40fbcc1920f35d7c578e
race	sentence	paper	global_complete_case_mnar	all	prompt_equal	qwen2.5-7b-instruct	llama3.3-70b-instruct	signed_frobenius_r	pearson_r	145544	18639	825	0.1280643654152696	0.6092399427704135	0.5869685660187783	0.6273842727523927	500	500	51385ad7fc65412a0b97abc35d2d48f0037ab21f612a40fbcc1920f35d7c578e
race	sentence	paper	global_complete_case_mnar	all	prompt_equal	qwen2.5-7b-instruct	llama3.3-70b-instruct	direction_cosine	mean_cosine	145544	18639	825	0.1280643654152696	0.2529278321211654	0.23994912921937742	0.26665021825487384	500	500	51385ad7fc65412a0b97abc35d2d48f0037ab21f612a40fbcc1920f35d7c578e
race	sentence	paper	global_complete_case_mnar	all	prompt_equal	qwen2.5-7b-instruct	llama3.3-70b-instruct	linear_cka	cka	145544	18639	825	0.1280643654152696	0.3795138035685217	0.35239622938072535	0.40484769699417483	500	500	51385ad7fc65412a0b97abc35d2d48f0037ab21f612a40fbcc1920f35d7c578e
race	sentence	paper	global_complete_case_mnar	all	prompt_equal	qwen2.5-7b-instruct	llama3.3-70b-instruct	aitchison_magnitude_r	pearson_r	145544	18639	825	0.1280643654152696	0.7333571516949167	0.7162145723108535	0.7492060308588135	500	500	51385ad7fc65412a0b97abc35d2d48f0037ab21f612a40fbcc1920f35d7c578e
race	sentence	paper	global_complete_case_mnar	all	prompt_equal	qwen2.5-7b-instruct	llama3.3-70b-instruct	fisher_rao_magnitude_r	pearson_r	145544	18639	825	0.1280643654152696	0.511580590545821	0.483773480491687	0.5372068002797323	500	500	51385ad7fc65412a0b97abc35d2d48f0037ab21f612a40fbcc1920f35d7c578e
race	sentence	paper	global_complete_case_mnar	all	prompt_equal	qwen2.5-7b-instruct	llama3.3-70b-instruct	fisher_local_magnitude_r	pearson_r	145544	18639	825	0.1280643654152696	0.11959851907615335	0.0766765223536795	0.17283224344179177	500	500	51385ad7fc65412a0b97abc35d2d48f0037ab21f612a40fbcc1920f35d7c578e
race	sentence	paper	global_complete_case_mnar	system	row_pooled	qwen2.5-7b-instruct	llama3.3-70b-instruct	signed_frobenius_r	pearson_r	14802	936	592	0.06323469801378193	-0.040363597040886254	-0.08241933773033977	0.002504030093831892	500	500	3bab359b248413ff4b82309794d35425270ef3b1017c60cd7de1b91b484ad9f9
race	sentence	paper	global_complete_case_mnar	system	row_pooled	qwen2.5-7b-instruct	llama3.3-70b-instruct	direction_cosine	mean_cosine	14802	936	592	0.06323469801378193	-0.060410177090562386	-0.09771126686197994	-0.02428443609461183	500	500	3bab359b248413ff4b82309794d35425270ef3b1017c60cd7de1b91b484ad9f9
race	sentence	paper	global_complete_case_mnar	system	row_pooled	qwen2.5-7b-instruct	llama3.3-70b-instruct	linear_cka	cka	14802	936	592	0.06323469801378193	0.023223769749385673	0.01571506372631327	0.04179869246612404	500	500	3bab359b248413ff4b82309794d35425270ef3b1017c60cd7de1b91b484ad9f9
race	sentence	paper	global_complete_case_mnar	system	row_pooled	qwen2.5-7b-instruct	llama3.3-70b-instruct	aitchison_magnitude_r	pearson_r	14802	936	592	0.06323469801378193	0.2687055803296187	0.21849300560526327	0.32165047965335264	500	500	3bab359b248413ff4b82309794d35425270ef3b1017c60cd7de1b91b484ad9f9
race	sentence	paper	global_complete_case_mnar	system	row_pooled	qwen2.5-7b-instruct	llama3.3-70b-instruct	fisher_rao_magnitude_r	pearson_r	14802	936	592	0.06323469801378193	0.09151783252427886	0.0208537927569618	0.1744222665979756	500	500	3bab359b248413ff4b82309794d35425270ef3b1017c60cd7de1b91b484ad9f9
race	sentence	paper	global_complete_case_mnar	system	row_pooled	qwen2.5-7b-instruct	llama3.3-70b-instruct	fisher_local_magnitude_r	pearson_r	14802	936	592	0.06323469801378193	0.05958298292408633	-0.012590072055443834	0.15978531197670676	500	500	3bab359b248413ff4b82309794d35425270ef3b1017c60cd7de1b91b484ad9f9
race	sentence	paper	global_complete_case_mnar	system	prompt_equal	qwen2.5-7b-instruct	llama3.3-70b-instruct	signed_frobenius_r	pearson_r	14802	936	592	0.06323469801378193	-0.038347804373299675	-0.0773779556510613	0.00023102951119078843	500	500	3bab359b248413ff4b82309794d35425270ef3b1017c60cd7de1b91b484ad9f9
race	sentence	paper	global_complete_case_mnar	system	prompt_equal	qwen2.5-7b-instruct	llama3.3-70b-instruct	direction_cosine	mean_cosine	14802	936	592	0.06323469801378193	-0.0587683052541896	-0.09713888486352719	-0.019712468393113657	500	500	3bab359b248413ff4b82309794d35425270ef3b1017c60cd7de1b91b484ad9f9
race	sentence	paper	global_complete_case_mnar	system	prompt_equal	qwen2.5-7b-instruct	llama3.3-70b-instruct	linear_cka	cka	14802	936	592	0.06323469801378193	0.02300710403715065	0.01612637589196041	0.04168945280031164	500	500	3bab359b248413ff4b82309794d35425270ef3b1017c60cd7de1b91b484ad9f9
race	sentence	paper	global_complete_case_mnar	system	prompt_equal	qwen2.5-7b-instruct	llama3.3-70b-instruct	aitchison_magnitude_r	pearson_r	14802	936	592	0.06323469801378193	0.2602469091544864	0.20459224176770935	0.3195654177125945	500	500	3bab359b248413ff4b82309794d35425270ef3b1017c60cd7de1b91b484ad9f9
race	sentence	paper	global_complete_case_mnar	system	prompt_equal	qwen2.5-7b-instruct	llama3.3-70b-instruct	fisher_rao_magnitude_r	pearson_r	14802	936	592	0.06323469801378193	0.08044484494469731	0.019134376598552945	0.1558650569414452	500	500	3bab359b248413ff4b82309794d35425270ef3b1017c60cd7de1b91b484ad9f9
race	sentence	paper	global_complete_case_mnar	system	prompt_equal	qwen2.5-7b-instruct	llama3.3-70b-instruct	fisher_local_magnitude_r	pearson_r	14802	936	592	0.06323469801378193	0.06458001988432784	-0.007562159431917145	0.15765094984806508	500	500	3bab359b248413ff4b82309794d35425270ef3b1017c60cd7de1b91b484ad9f9
race	sentence	paper	global_complete_case_mnar	user	row_pooled	qwen2.5-7b-instruct	llama3.3-70b-instruct	signed_frobenius_r	pearson_r	130742	17703	825	0.1354040782610026	0.5799336098445156	0.5582615873175572	0.6017852017345704	500	500	f4dfff463588ac5ae026c9a5714d6982ed65510e3f0ce476ecc721a02f2aa318
race	sentence	paper	global_complete_case_mnar	user	row_pooled	qwen2.5-7b-instruct	llama3.3-70b-instruct	direction_cosine	mean_cosine	130742	17703	825	0.1354040782610026	0.24528205611803827	0.23229659361726143	0.25981266269400966	500	500	f4dfff463588ac5ae026c9a5714d6982ed65510e3f0ce476ecc721a02f2aa318
race	sentence	paper	global_complete_case_mnar	user	row_pooled	qwen2.5-7b-instruct	llama3.3-70b-instruct	linear_cka	cka	130742	17703	825	0.1354040782610026	0.34181401151253965	0.3162610188145169	0.3696431323546714	500	500	f4dfff463588ac5ae026c9a5714d6982ed65510e3f0ce476ecc721a02f2aa318
race	sentence	paper	global_complete_case_mnar	user	row_pooled	qwen2.5-7b-instruct	llama3.3-70b-instruct	aitchison_magnitude_r	pearson_r	130742	17703	825	0.1354040782610026	0.7137593694843624	0.6961679899584045	0.7306013075606873	500	500	f4dfff463588ac5ae026c9a5714d6982ed65510e3f0ce476ecc721a02f2aa318
race	sentence	paper	global_complete_case_mnar	user	row_pooled	qwen2.5-7b-instruct	llama3.3-70b-instruct	fisher_rao_magnitude_r	pearson_r	130742	17703	825	0.1354040782610026	0.47898184518212616	0.44940643356775967	0.5063836321622025	500	500	f4dfff463588ac5ae026c9a5714d6982ed65510e3f0ce476ecc721a02f2aa318
race	sentence	paper	global_complete_case_mnar	user	row_pooled	qwen2.5-7b-instruct	llama3.3-70b-instruct	fisher_local_magnitude_r	pearson_r	130742	17703	825	0.1354040782610026	0.10751630154371584	0.07032199556026685	0.15758991790603175	500	500	f4dfff463588ac5ae026c9a5714d6982ed65510e3f0ce476ecc721a02f2aa318
race	sentence	paper	global_complete_case_mnar	user	prompt_equal	qwen2.5-7b-instruct	llama3.3-70b-instruct	signed_frobenius_r	pearson_r	130742	17703	825	0.1354040782610026	0.6099592988514768	0.5879389942062251	0.6307393107452551	500	500	f4dfff463588ac5ae026c9a5714d6982ed65510e3f0ce476ecc721a02f2aa318
race	sentence	paper	global_complete_case_mnar	user	prompt_equal	qwen2.5-7b-instruct	llama3.3-70b-instruct	direction_cosine	mean_cosine	130742	17703	825	0.1354040782610026	0.2683170026645787	0.2547367811964915	0.2821598295743927	500	500	f4dfff463588ac5ae026c9a5714d6982ed65510e3f0ce476ecc721a02f2aa318
race	sentence	paper	global_complete_case_mnar	user	prompt_equal	qwen2.5-7b-instruct	llama3.3-70b-instruct	linear_cka	cka	130742	17703	825	0.1354040782610026	0.3801858210163426	0.3524030479355814	0.40790704503777514	500	500	f4dfff463588ac5ae026c9a5714d6982ed65510e3f0ce476ecc721a02f2aa318
race	sentence	paper	global_complete_case_mnar	user	prompt_equal	qwen2.5-7b-instruct	llama3.3-70b-instruct	aitchison_magnitude_r	pearson_r	130742	17703	825	0.1354040782610026	0.729685032691957	0.7118784688888862	0.7467048790141556	500	500	f4dfff463588ac5ae026c9a5714d6982ed65510e3f0ce476ecc721a02f2aa318
race	sentence	paper	global_complete_case_mnar	user	prompt_equal	qwen2.5-7b-instruct	llama3.3-70b-instruct	fisher_rao_magnitude_r	pearson_r	130742	17703	825	0.1354040782610026	0.5088893041513599	0.4807871230873064	0.5359267953983374	500	500	f4dfff463588ac5ae026c9a5714d6982ed65510e3f0ce476ecc721a02f2aa318
race	sentence	paper	global_complete_case_mnar	user	prompt_equal	qwen2.5-7b-instruct	llama3.3-70b-instruct	fisher_local_magnitude_r	pearson_r	130742	17703	825	0.1354040782610026	0.11855207436852434	0.07401414573596536	0.17197782107135895	500	500	f4dfff463588ac5ae026c9a5714d6982ed65510e3f0ce476ecc721a02f2aa318
race	sentence	paper	global_complete_case_mnar	prediction	row_pooled	qwen2.5-7b-instruct	llama4-maverick-17b-128e-instruct	signed_frobenius_r	pearson_r	4934	825	825	0.16720713417105795	0.7350098816904541	0.7136766317916714	0.75502628667244	500	500	bb39c2d2fc4a8ec99452fbbab44f2b1aedd932bc8338ac64de82b714d19ca319
race	sentence	paper	global_complete_case_mnar	prediction	row_pooled	qwen2.5-7b-instruct	llama4-maverick-17b-128e-instruct	direction_cosine	mean_cosine	4934	825	825	0.16720713417105795	0.6765516566034148	0.6483289432347662	0.7008559058449146	500	500	bb39c2d2fc4a8ec99452fbbab44f2b1aedd932bc8338ac64de82b714d19ca319
race	sentence	paper	global_complete_case_mnar	prediction	row_pooled	qwen2.5-7b-instruct	llama4-maverick-17b-128e-instruct	linear_cka	cka	4934	825	825	0.16720713417105795	0.5431597948591942	0.5121736949351751	0.5745375670844833	500	500	bb39c2d2fc4a8ec99452fbbab44f2b1aedd932bc8338ac64de82b714d19ca319
race	sentence	paper	global_complete_case_mnar	all	row_pooled	qwen2.5-7b-instruct	llama4-maverick-17b-128e-instruct	signed_frobenius_r	pearson_r	145544	18639	825	0.1280643654152696	0.5183267501567966	0.49719681067353916	0.5398759676326009	500	500	51385ad7fc65412a0b97abc35d2d48f0037ab21f612a40fbcc1920f35d7c578e
race	sentence	paper	global_complete_case_mnar	all	row_pooled	qwen2.5-7b-instruct	llama4-maverick-17b-128e-instruct	direction_cosine	mean_cosine	145544	18639	825	0.1280643654152696	0.18045488539799906	0.16835413594943602	0.1918495784499186	500	500	51385ad7fc65412a0b97abc35d2d48f0037ab21f612a40fbcc1920f35d7c578e
race	sentence	paper	global_complete_case_mnar	all	row_pooled	qwen2.5-7b-instruct	llama4-maverick-17b-128e-instruct	linear_cka	cka	145544	18639	825	0.1280643654152696	0.274757651026134	0.25254384111921724	0.29778740782151963	500	500	51385ad7fc65412a0b97abc35d2d48f0037ab21f612a40fbcc1920f35d7c578e
race	sentence	paper	global_complete_case_mnar	all	row_pooled	qwen2.5-7b-instruct	llama4-maverick-17b-128e-instruct	aitchison_magnitude_r	pearson_r	145544	18639	825	0.1280643654152696	0.6840972114631731	0.6690853168720368	0.6995247871252992	500	500	51385ad7fc65412a0b97abc35d2d48f0037ab21f612a40fbcc1920f35d7c578e
race	sentence	paper	global_complete_case_mnar	all	row_pooled	qwen2.5-7b-instruct	llama4-maverick-17b-128e-instruct	fisher_rao_magnitude_r	pearson_r	145544	18639	825	0.1280643654152696	0.42668107461642807	0.40238170967995895	0.45349937545408003	500	500	51385ad7fc65412a0b97abc35d2d48f0037ab21f612a40fbcc1920f35d7c578e
race	sentence	paper	global_complete_case_mnar	all	row_pooled	qwen2.5-7b-instruct	llama4-maverick-17b-128e-instruct	fisher_local_magnitude_r	pearson_r	145544	18639	825	0.1280643654152696	0.1151445860234307	0.06827124544105445	0.1652726187019835	500	500	51385ad7fc65412a0b97abc35d2d48f0037ab21f612a40fbcc1920f35d7c578e
race	sentence	paper	global_complete_case_mnar	all	prompt_equal	qwen2.5-7b-instruct	llama4-maverick-17b-128e-instruct	signed_frobenius_r	pearson_r	145544	18639	825	0.1280643654152696	0.5545006548397964	0.5316534226628892	0.5772281523704123	500	500	51385ad7fc65412a0b97abc35d2d48f0037ab21f612a40fbcc1920f35d7c578e
race	sentence	paper	global_complete_case_mnar	all	prompt_equal	qwen2.5-7b-instruct	llama4-maverick-17b-128e-instruct	direction_cosine	mean_cosine	145544	18639	825	0.1280643654152696	0.20845299629385092	0.19589985879138397	0.22170805426637946	500	500	51385ad7fc65412a0b97abc35d2d48f0037ab21f612a40fbcc1920f35d7c578e
race	sentence	paper	global_complete_case_mnar	all	prompt_equal	qwen2.5-7b-instruct	llama4-maverick-17b-128e-instruct	linear_cka	cka	145544	18639	825	0.1280643654152696	0.3158329766358975	0.2911876154686064	0.3440750682760678	500	500	51385ad7fc65412a0b97abc35d2d48f0037ab21f612a40fbcc1920f35d7c578e
race	sentence	paper	global_complete_case_mnar	all	prompt_equal	qwen2.5-7b-instruct	llama4-maverick-17b-128e-instruct	aitchison_magnitude_r	pearson_r	145544	18639	825	0.1280643654152696	0.7014352403248053	0.685549187424097	0.7184860660807068	500	500	51385ad7fc65412a0b97abc35d2d48f0037ab21f612a40fbcc1920f35d7c578e
race	sentence	paper	global_complete_case_mnar	all	prompt_equal	qwen2.5-7b-instruct	llama4-maverick-17b-128e-instruct	fisher_rao_magnitude_r	pearson_r	145544	18639	825	0.1280643654152696	0.45123255398057743	0.42559703039259916	0.47976263443130823	500	500	51385ad7fc65412a0b97abc35d2d48f0037ab21f612a40fbcc1920f35d7c578e
race	sentence	paper	global_complete_case_mnar	all	prompt_equal	qwen2.5-7b-instruct	llama4-maverick-17b-128e-instruct	fisher_local_magnitude_r	pearson_r	145544	18639	825	0.1280643654152696	0.10879363650898481	0.06611369999539171	0.157022716795913	500	500	51385ad7fc65412a0b97abc35d2d48f0037ab21f612a40fbcc1920f35d7c578e
race	sentence	paper	global_complete_case_mnar	system	row_pooled	qwen2.5-7b-instruct	llama4-maverick-17b-128e-instruct	signed_frobenius_r	pearson_r	14802	936	592	0.06323469801378193	0.11987430233575115	0.07376337144940481	0.1576427819060697	500	500	3bab359b248413ff4b82309794d35425270ef3b1017c60cd7de1b91b484ad9f9
race	sentence	paper	global_complete_case_mnar	system	row_pooled	qwen2.5-7b-instruct	llama4-maverick-17b-128e-instruct	direction_cosine	mean_cosine	14802	936	592	0.06323469801378193	-0.030680691488890573	-0.07303468191204358	0.006757917268863352	500	500	3bab359b248413ff4b82309794d35425270ef3b1017c60cd7de1b91b484ad9f9
race	sentence	paper	global_complete_case_mnar	system	row_pooled	qwen2.5-7b-instruct	llama4-maverick-17b-128e-instruct	linear_cka	cka	14802	936	592	0.06323469801378193	0.024095052082183953	0.015360124491996209	0.04048459844078061	500	500	3bab359b248413ff4b82309794d35425270ef3b1017c60cd7de1b91b484ad9f9
race	sentence	paper	global_complete_case_mnar	system	row_pooled	qwen2.5-7b-instruct	llama4-maverick-17b-128e-instruct	aitchison_magnitude_r	pearson_r	14802	936	592	0.06323469801378193	0.27284176439708435	0.2177195414322683	0.32114161061373236	500	500	3bab359b248413ff4b82309794d35425270ef3b1017c60cd7de1b91b484ad9f9
race	sentence	paper	global_complete_case_mnar	system	row_pooled	qwen2.5-7b-instruct	llama4-maverick-17b-128e-instruct	fisher_rao_magnitude_r	pearson_r	14802	936	592	0.06323469801378193	0.11987759325655968	0.04322098554812935	0.19318282333134928	500	500	3bab359b248413ff4b82309794d35425270ef3b1017c60cd7de1b91b484ad9f9
race	sentence	paper	global_complete_case_mnar	system	row_pooled	qwen2.5-7b-instruct	llama4-maverick-17b-128e-instruct	fisher_local_magnitude_r	pearson_r	14802	936	592	0.06323469801378193	0.204038573977649	0.09760495071697382	0.29687021478315584	500	500	3bab359b248413ff4b82309794d35425270ef3b1017c60cd7de1b91b484ad9f9
race	sentence	paper	global_complete_case_mnar	system	prompt_equal	qwen2.5-7b-instruct	llama4-maverick-17b-128e-instruct	signed_frobenius_r	pearson_r	14802	936	592	0.06323469801378193	0.10814124917157701	0.061034847969751525	0.14766261935068445	500	500	3bab359b248413ff4b82309794d35425270ef3b1017c60cd7de1b91b484ad9f9
race	sentence	paper	global_complete_case_mnar	system	prompt_equal	qwen2.5-7b-instruct	llama4-maverick-17b-128e-instruct	direction_cosine	mean_cosine	14802	936	592	0.06323469801378193	-0.053358344856566306	-0.09569096860237747	-0.010865479619091541	500	500	3bab359b248413ff4b82309794d35425270ef3b1017c60cd7de1b91b484ad9f9
race	sentence	paper	global_complete_case_mnar	system	prompt_equal	qwen2.5-7b-instruct	llama4-maverick-17b-128e-instruct	linear_cka	cka	14802	936	592	0.06323469801378193	0.019633594824496396	0.012366757431736842	0.03581828278131401	500	500	3bab359b248413ff4b82309794d35425270ef3b1017c60cd7de1b91b484ad9f9
race	sentence	paper	global_complete_case_mnar	system	prompt_equal	qwen2.5-7b-instruct	llama4-maverick-17b-128e-instruct	aitchison_magnitude_r	pearson_r	14802	936	592	0.06323469801378193	0.28975118559642704	0.23081092194996297	0.3419939708771762	500	500	3bab359b248413ff4b82309794d35425270ef3b1017c60cd7de1b91b484ad9f9
race	sentence	paper	global_complete_case_mnar	system	prompt_equal	qwen2.5-7b-instruct	llama4-maverick-17b-128e-instruct	fisher_rao_magnitude_r	pearson_r	14802	936	592	0.06323469801378193	0.1268263507138249	0.05063473567719685	0.20414794319499655	500	500	3bab359b248413ff4b82309794d35425270ef3b1017c60cd7de1b91b484ad9f9
race	sentence	paper	global_complete_case_mnar	system	prompt_equal	qwen2.5-7b-instruct	llama4-maverick-17b-128e-instruct	fisher_local_magnitude_r	pearson_r	14802	936	592	0.06323469801378193	0.19568372603738435	0.09524160561140745	0.29275489281778644	500	500	3bab359b248413ff4b82309794d35425270ef3b1017c60cd7de1b91b484ad9f9
race	sentence	paper	global_complete_case_mnar	user	row_pooled	qwen2.5-7b-instruct	llama4-maverick-17b-128e-instruct	signed_frobenius_r	pearson_r	130742	17703	825	0.1354040782610026	0.5227316291632917	0.5017625177597216	0.5436331052841155	500	500	f4dfff463588ac5ae026c9a5714d6982ed65510e3f0ce476ecc721a02f2aa318
race	sentence	paper	global_complete_case_mnar	user	row_pooled	qwen2.5-7b-instruct	llama4-maverick-17b-128e-instruct	direction_cosine	mean_cosine	130742	17703	825	0.1354040782610026	0.19162633254136416	0.1778114152699543	0.207654023982955	500	500	f4dfff463588ac5ae026c9a5714d6982ed65510e3f0ce476ecc721a02f2aa318
race	sentence	paper	global_complete_case_mnar	user	row_pooled	qwen2.5-7b-instruct	llama4-maverick-17b-128e-instruct	linear_cka	cka	130742	17703	825	0.1354040782610026	0.27942218315171086	0.2561331220733082	0.3020114622100472	500	500	f4dfff463588ac5ae026c9a5714d6982ed65510e3f0ce476ecc721a02f2aa318
race	sentence	paper	global_complete_case_mnar	user	row_pooled	qwen2.5-7b-instruct	llama4-maverick-17b-128e-instruct	aitchison_magnitude_r	pearson_r	130742	17703	825	0.1354040782610026	0.684558624673724	0.6705689439677567	0.6997770723202758	500	500	f4dfff463588ac5ae026c9a5714d6982ed65510e3f0ce476ecc721a02f2aa318
race	sentence	paper	global_complete_case_mnar	user	row_pooled	qwen2.5-7b-instruct	llama4-maverick-17b-128e-instruct	fisher_rao_magnitude_r	pearson_r	130742	17703	825	0.1354040782610026	0.4283993839834988	0.401327474497629	0.45427652440646143	500	500	f4dfff463588ac5ae026c9a5714d6982ed65510e3f0ce476ecc721a02f2aa318
race	sentence	paper	global_complete_case_mnar	user	row_pooled	qwen2.5-7b-instruct	llama4-maverick-17b-128e-instruct	fisher_local_magnitude_r	pearson_r	130742	17703	825	0.1354040782610026	0.11375478303443584	0.06435403196973363	0.16880212775177023	500	500	f4dfff463588ac5ae026c9a5714d6982ed65510e3f0ce476ecc721a02f2aa318
race	sentence	paper	global_complete_case_mnar	user	prompt_equal	qwen2.5-7b-instruct	llama4-maverick-17b-128e-instruct	signed_frobenius_r	pearson_r	130742	17703	825	0.1354040782610026	0.5550059112236163	0.5310464465726927	0.5776858736430561	500	500	f4dfff463588ac5ae026c9a5714d6982ed65510e3f0ce476ecc721a02f2aa318
race	sentence	paper	global_complete_case_mnar	user	prompt_equal	qwen2.5-7b-instruct	llama4-maverick-17b-128e-instruct	direction_cosine	mean_cosine	130742	17703	825	0.1354040782610026	0.22118780492486698	0.20610451694191267	0.23808472401532776	500	500	f4dfff463588ac5ae026c9a5714d6982ed65510e3f0ce476ecc721a02f2aa318
race	sentence	paper	global_complete_case_mnar	user	prompt_equal	qwen2.5-7b-instruct	llama4-maverick-17b-128e-instruct	linear_cka	cka	130742	17703	825	0.1354040782610026	0.3163094228697168	0.28978744563059355	0.3424831059444113	500	500	f4dfff463588ac5ae026c9a5714d6982ed65510e3f0ce476ecc721a02f2aa318
race	sentence	paper	global_complete_case_mnar	user	prompt_equal	qwen2.5-7b-instruct	llama4-maverick-17b-128e-instruct	aitchison_magnitude_r	pearson_r	130742	17703	825	0.1354040782610026	0.6988552849763118	0.6825459756298885	0.7145167889053781	500	500	f4dfff463588ac5ae026c9a5714d6982ed65510e3f0ce476ecc721a02f2aa318
race	sentence	paper	global_complete_case_mnar	user	prompt_equal	qwen2.5-7b-instruct	llama4-maverick-17b-128e-instruct	fisher_rao_magnitude_r	pearson_r	130742	17703	825	0.1354040782610026	0.449657961570088	0.42373368934096195	0.4752631382450624	500	500	f4dfff463588ac5ae026c9a5714d6982ed65510e3f0ce476ecc721a02f2aa318
race	sentence	paper	global_complete_case_mnar	user	prompt_equal	qwen2.5-7b-instruct	llama4-maverick-17b-128e-instruct	fisher_local_magnitude_r	pearson_r	130742	17703	825	0.1354040782610026	0.10961506218482557	0.06104608456692021	0.16525224759853763	500	500	f4dfff463588ac5ae026c9a5714d6982ed65510e3f0ce476ecc721a02f2aa318
race	sentence	paper	global_complete_case_mnar	prediction	row_pooled	qwen2.5-7b-instruct	gpt-4o	signed_frobenius_r	pearson_r	4934	825	825	0.16720713417105795	0.7531482753899429	0.7315195428748071	0.7740189859239877	500	500	bb39c2d2fc4a8ec99452fbbab44f2b1aedd932bc8338ac64de82b714d19ca319
race	sentence	paper	global_complete_case_mnar	prediction	row_pooled	qwen2.5-7b-instruct	gpt-4o	direction_cosine	mean_cosine	4934	825	825	0.16720713417105795	0.695790059712348	0.6671530760554468	0.723106642725326	500	500	bb39c2d2fc4a8ec99452fbbab44f2b1aedd932bc8338ac64de82b714d19ca319
race	sentence	paper	global_complete_case_mnar	prediction	row_pooled	qwen2.5-7b-instruct	gpt-4o	linear_cka	cka	4934	825	825	0.16720713417105795	0.5686140094118608	0.5378129104011956	0.6031790652377954	500	500	bb39c2d2fc4a8ec99452fbbab44f2b1aedd932bc8338ac64de82b714d19ca319
race	sentence	paper	global_complete_case_mnar	all	row_pooled	qwen2.5-7b-instruct	gpt-4o	signed_frobenius_r	pearson_r	145544	18639	825	0.1280643654152696	0.4957968045038049	0.47634952431601346	0.5154338072292322	500	500	51385ad7fc65412a0b97abc35d2d48f0037ab21f612a40fbcc1920f35d7c578e
race	sentence	paper	global_complete_case_mnar	all	row_pooled	qwen2.5-7b-instruct	gpt-4o	direction_cosine	mean_cosine	145544	18639	825	0.1280643654152696	0.1811348980331459	0.16732782167655855	0.1953304672692741	500	500	51385ad7fc65412a0b97abc35d2d48f0037ab21f612a40fbcc1920f35d7c578e
race	sentence	paper	global_complete_case_mnar	all	row_pooled	qwen2.5-7b-instruct	gpt-4o	linear_cka	cka	145544	18639	825	0.1280643654152696	0.2501360599426531	0.23251803518372094	0.27073181640161575	500	500	51385ad7fc65412a0b97abc35d2d48f0037ab21f612a40fbcc1920f35d7c578e
race	sentence	paper	global_complete_case_mnar	all	row_pooled	qwen2.5-7b-instruct	gpt-4o	aitchison_magnitude_r	pearson_r	145544	18639	825	0.1280643654152696	0.649157788943077	0.6317381229124214	0.6650947406946022	500	500	51385ad7fc65412a0b97abc35d2d48f0037ab21f612a40fbcc1920f35d7c578e
race	sentence	paper	global_complete_case_mnar	all	row_pooled	qwen2.5-7b-instruct	gpt-4o	fisher_rao_magnitude_r	pearson_r	145544	18639	825	0.1280643654152696	0.42026319025951087	0.39303431907192077	0.44898086018023015	500	500	51385ad7fc65412a0b97abc35d2d48f0037ab21f612a40fbcc1920f35d7c578e
race	sentence	paper	global_complete_case_mnar	all	row_pooled	qwen2.5-7b-instruct	gpt-4o	fisher_local_magnitude_r	pearson_r	145544	18639	825	0.1280643654152696	0.1384219602830707	0.07894463317424529	0.20302452869868223	500	500	51385ad7fc65412a0b97abc35d2d48f0037ab21f612a40fbcc1920f35d7c578e
race	sentence	paper	global_complete_case_mnar	all	prompt_equal	qwen2.5-7b-instruct	gpt-4o	signed_frobenius_r	pearson_r	145544	18639	825	0.1280643654152696	0.5333018115480844	0.5121376164164135	0.5550714613710893	500	500	51385ad7fc65412a0b97abc35d2d48f0037ab21f612a40fbcc1920f35d7c578e
race	sentence	paper	global_complete_case_mnar	all	prompt_equal	qwen2.5-7b-instruct	gpt-4o	direction_cosine	mean_cosine	145544	18639	825	0.1280643654152696	0.2144315093322104	0.20106346827981386	0.22781541313416348	500	500	51385ad7fc65412a0b97abc35d2d48f0037ab21f612a40fbcc1920f35d7c578e
race	sentence	paper	global_complete_case_mnar	all	prompt_equal	qwen2.5-7b-instruct	gpt-4o	linear_cka	cka	145544	18639	825	0.1280643654152696	0.289531021652258	0.26769034550655596	0.3141873218379372	500	500	51385ad7fc65412a0b97abc35d2d48f0037ab21f612a40fbcc1920f35d7c578e
race	sentence	paper	global_complete_case_mnar	all	prompt_equal	qwen2.5-7b-instruct	gpt-4o	aitchison_magnitude_r	pearson_r	145544	18639	825	0.1280643654152696	0.6721979163990102	0.654576968668431	0.6901094705642512	500	500	51385ad7fc65412a0b97abc35d2d48f0037ab21f612a40fbcc1920f35d7c578e
race	sentence	paper	global_complete_case_mnar	all	prompt_equal	qwen2.5-7b-instruct	gpt-4o	fisher_rao_magnitude_r	pearson_r	145544	18639	825	0.1280643654152696	0.45723924449268366	0.4287615727775331	0.48670197695272804	500	500	51385ad7fc65412a0b97abc35d2d48f0037ab21f612a40fbcc1920f35d7c578e
race	sentence	paper	global_complete_case_mnar	all	prompt_equal	qwen2.5-7b-instruct	gpt-4o	fisher_local_magnitude_r	pearson_r	145544	18639	825	0.1280643654152696	0.14346102336451305	0.0836063343079042	0.20408226347208	500	500	51385ad7fc65412a0b97abc35d2d48f0037ab21f612a40fbcc1920f35d7c578e
race	sentence	paper	global_complete_case_mnar	system	row_pooled	qwen2.5-7b-instruct	gpt-4o	signed_frobenius_r	pearson_r	14802	936	592	0.06323469801378193	-0.0008122501417518424	-0.044465333864803454	0.04398878071612114	500	500	3bab359b248413ff4b82309794d35425270ef3b1017c60cd7de1b91b484ad9f9
race	sentence	paper	global_complete_case_mnar	system	row_pooled	qwen2.5-7b-instruct	gpt-4o	direction_cosine	mean_cosine	14802	936	592	0.06323469801378193	-0.011839416979127024	-0.055686597623058096	0.03555291155461815	500	500	3bab359b248413ff4b82309794d35425270ef3b1017c60cd7de1b91b484ad9f9
race	sentence	paper	global_complete_case_mnar	system	row_pooled	qwen2.5-7b-instruct	gpt-4o	linear_cka	cka	14802	936	592	0.06323469801378193	0.004638455905631331	0.0030152384980896424	0.01644313464023445	500	500	3bab359b248413ff4b82309794d35425270ef3b1017c60cd7de1b91b484ad9f9
race	sentence	paper	global_complete_case_mnar	system	row_pooled	qwen2.5-7b-instruct	gpt-4o	aitchison_magnitude_r	pearson_r	14802	936	592	0.06323469801378193	0.0460317156399552	-0.014084441133437726	0.11185245823525916	500	500	3bab359b248413ff4b82309794d35425270ef3b1017c60cd7de1b91b484ad9f9
race	sentence	paper	global_complete_case_mnar	system	row_pooled	qwen2.5-7b-instruct	gpt-4o	fisher_rao_magnitude_r	pearson_r	14802	936	592	0.06323469801378193	0.0896955452602909	0.033363172896788876	0.1556466432803824	500	500	3bab359b248413ff4b82309794d35425270ef3b1017c60cd7de1b91b484ad9f9
race	sentence	paper	global_complete_case_mnar	system	row_pooled	qwen2.5-7b-instruct	gpt-4o	fisher_local_magnitude_r	pearson_r	14802	936	592	0.06323469801378193	0.10301559809587128	0.029139897220535334	0.2014623171072997	500	500	3bab359b248413ff4b82309794d35425270ef3b1017c60cd7de1b91b484ad9f9
race	sentence	paper	global_complete_case_mnar	system	prompt_equal	qwen2.5-7b-instruct	gpt-4o	signed_frobenius_r	pearson_r	14802	936	592	0.06323469801378193	0.007059987398061975	-0.03797911237365926	0.05397297556503118	500	500	3bab359b248413ff4b82309794d35425270ef3b1017c60cd7de1b91b484ad9f9
race	sentence	paper	global_complete_case_mnar	system	prompt_equal	qwen2.5-7b-instruct	gpt-4o	direction_cosine	mean_cosine	14802	936	592	0.06323469801378193	-0.01562710430348754	-0.05879761184946645	0.03326688653424391	500	500	3bab359b248413ff4b82309794d35425270ef3b1017c60cd7de1b91b484ad9f9
race	sentence	paper	global_complete_case_mnar	system	prompt_equal	qwen2.5-7b-instruct	gpt-4o	linear_cka	cka	14802	936	592	0.06323469801378193	0.003373810571544718	0.0023064115655548425	0.014619145058640419	500	500	3bab359b248413ff4b82309794d35425270ef3b1017c60cd7de1b91b484ad9f9
race	sentence	paper	global_complete_case_mnar	system	prompt_equal	qwen2.5-7b-instruct	gpt-4o	aitchison_magnitude_r	pearson_r	14802	936	592	0.06323469801378193	0.03982813289733294	-0.022326837026644245	0.10638872968844718	500	500	3bab359b248413ff4b82309794d35425270ef3b1017c60cd7de1b91b484ad9f9
race	sentence	paper	global_complete_case_mnar	system	prompt_equal	qwen2.5-7b-instruct	gpt-4o	fisher_rao_magnitude_r	pearson_r	14802	936	592	0.06323469801378193	0.10413287819751539	0.04728883710857028	0.1729561602313501	500	500	3bab359b248413ff4b82309794d35425270ef3b1017c60cd7de1b91b484ad9f9
race	sentence	paper	global_complete_case_mnar	system	prompt_equal	qwen2.5-7b-instruct	gpt-4o	fisher_local_magnitude_r	pearson_r	14802	936	592	0.06323469801378193	0.10250144197558499	0.035736535835295555	0.19125005876180035	500	500	3bab359b248413ff4b82309794d35425270ef3b1017c60cd7de1b91b484ad9f9
race	sentence	paper	global_complete_case_mnar	user	row_pooled	qwen2.5-7b-instruct	gpt-4o	signed_frobenius_r	pearson_r	130742	17703	825	0.1354040782610026	0.5029524009077794	0.4819442409828437	0.5239023631895675	500	500	f4dfff463588ac5ae026c9a5714d6982ed65510e3f0ce476ecc721a02f2aa318
race	sentence	paper	global_complete_case_mnar	user	row_pooled	qwen2.5-7b-instruct	gpt-4o	direction_cosine	mean_cosine	130742	17703	825	0.1354040782610026	0.19133791214665702	0.17611981108819932	0.20480625725758617	500	500	f4dfff463588ac5ae026c9a5714d6982ed65510e3f0ce476ecc721a02f2aa318
race	sentence	paper	global_complete_case_mnar	user	row_pooled	qwen2.5-7b-instruct	gpt-4o	linear_cka	cka	130742	17703	825	0.1354040782610026	0.2572875143824288	0.23624843368811524	0.28122214407814766	500	500	f4dfff463588ac5ae026c9a5714d6982ed65510e3f0ce476ecc721a02f2aa318
race	sentence	paper	global_complete_case_mnar	user	row_pooled	qwen2.5-7b-instruct	gpt-4o	aitchison_magnitude_r	pearson_r	130742	17703	825	0.1354040782610026	0.6522654354439065	0.6355734069194653	0.6709192884914097	500	500	f4dfff463588ac5ae026c9a5714d6982ed65510e3f0ce476ecc721a02f2aa318
race	sentence	paper	global_complete_case_mnar	user	row_pooled	qwen2.5-7b-instruct	gpt-4o	fisher_rao_magnitude_r	pearson_r	130742	17703	825	0.1354040782610026	0.42444437412737207	0.39636276722046543	0.45209050620324254	500	500	f4dfff463588ac5ae026c9a5714d6982ed65510e3f0ce476ecc721a02f2aa318
race	sentence	paper	global_complete_case_mnar	user	row_pooled	qwen2.5-7b-instruct	gpt-4o	fisher_local_magnitude_r	pearson_r	130742	17703	825	0.1354040782610026	0.13967224142448773	0.08055605068948475	0.19749410488800745	500	500	f4dfff463588ac5ae026c9a5714d6982ed65510e3f0ce476ecc721a02f2aa318
race	sentence	paper	global_complete_case_mnar	user	prompt_equal	qwen2.5-7b-instruct	gpt-4o	signed_frobenius_r	pearson_r	130742	17703	825	0.1354040782610026	0.5366259439077343	0.5146856752202246	0.5594979999746871	500	500	f4dfff463588ac5ae026c9a5714d6982ed65510e3f0ce476ecc721a02f2aa318
race	sentence	paper	global_complete_case_mnar	user	prompt_equal	qwen2.5-7b-instruct	gpt-4o	direction_cosine	mean_cosine	130742	17703	825	0.1354040782610026	0.22593467438353854	0.21108349350959588	0.23870239049250921	500	500	f4dfff463588ac5ae026c9a5714d6982ed65510e3f0ce476ecc721a02f2aa318
race	sentence	paper	global_complete_case_mnar	user	prompt_equal	qwen2.5-7b-instruct	gpt-4o	linear_cka	cka	130742	17703	825	0.1354040782610026	0.29319662176394207	0.27010335808937747	0.320375067007763	500	500	f4dfff463588ac5ae026c9a5714d6982ed65510e3f0ce476ecc721a02f2aa318
race	sentence	paper	global_complete_case_mnar	user	prompt_equal	qwen2.5-7b-instruct	gpt-4o	aitchison_magnitude_r	pearson_r	130742	17703	825	0.1354040782610026	0.6711294176105234	0.6533391235608386	0.6898265914465571	500	500	f4dfff463588ac5ae026c9a5714d6982ed65510e3f0ce476ecc721a02f2aa318
race	sentence	paper	global_complete_case_mnar	user	prompt_equal	qwen2.5-7b-instruct	gpt-4o	fisher_rao_magnitude_r	pearson_r	130742	17703	825	0.1354040782610026	0.4563128580206169	0.4282960718397629	0.48349968427359596	500	500	f4dfff463588ac5ae026c9a5714d6982ed65510e3f0ce476ecc721a02f2aa318
race	sentence	paper	global_complete_case_mnar	user	prompt_equal	qwen2.5-7b-instruct	gpt-4o	fisher_local_magnitude_r	pearson_r	130742	17703	825	0.1354040782610026	0.14379188371740725	0.09172558987694297	0.20180497992484359	500	500	f4dfff463588ac5ae026c9a5714d6982ed65510e3f0ce476ecc721a02f2aa318
race	sentence	paper	global_complete_case_mnar	prediction	row_pooled	qwen2.5-7b-instruct	gpt-4-1	signed_frobenius_r	pearson_r	4934	825	825	0.16720713417105795	0.7587347850338164	0.7378548729806268	0.7770751410471981	500	500	bb39c2d2fc4a8ec99452fbbab44f2b1aedd932bc8338ac64de82b714d19ca319
race	sentence	paper	global_complete_case_mnar	prediction	row_pooled	qwen2.5-7b-instruct	gpt-4-1	direction_cosine	mean_cosine	4934	825	825	0.16720713417105795	0.7213645200908647	0.6927143067985979	0.7426870958673746	500	500	bb39c2d2fc4a8ec99452fbbab44f2b1aedd932bc8338ac64de82b714d19ca319
race	sentence	paper	global_complete_case_mnar	prediction	row_pooled	qwen2.5-7b-instruct	gpt-4-1	linear_cka	cka	4934	825	825	0.16720713417105795	0.5735325404761521	0.5425032299528866	0.6046961666926517	500	500	bb39c2d2fc4a8ec99452fbbab44f2b1aedd932bc8338ac64de82b714d19ca319
race	sentence	paper	global_complete_case_mnar	all	row_pooled	qwen2.5-7b-instruct	gpt-4-1	signed_frobenius_r	pearson_r	145544	18639	825	0.1280643654152696	0.5345765250707915	0.5156930933869427	0.5527016084531764	500	500	51385ad7fc65412a0b97abc35d2d48f0037ab21f612a40fbcc1920f35d7c578e
race	sentence	paper	global_complete_case_mnar	all	row_pooled	qwen2.5-7b-instruct	gpt-4-1	direction_cosine	mean_cosine	145544	18639	825	0.1280643654152696	0.20678730841345502	0.19265972337490114	0.22040876299575027	500	500	51385ad7fc65412a0b97abc35d2d48f0037ab21f612a40fbcc1920f35d7c578e
race	sentence	paper	global_complete_case_mnar	all	row_pooled	qwen2.5-7b-instruct	gpt-4-1	linear_cka	cka	145544	18639	825	0.1280643654152696	0.28651094241682323	0.2661094706475935	0.3070281192452871	500	500	51385ad7fc65412a0b97abc35d2d48f0037ab21f612a40fbcc1920f35d7c578e
race	sentence	paper	global_complete_case_mnar	all	row_pooled	qwen2.5-7b-instruct	gpt-4-1	aitchison_magnitude_r	pearson_r	145544	18639	825	0.1280643654152696	0.6713028795129082	0.6550982827234193	0.68699545688788	500	500	51385ad7fc65412a0b97abc35d2d48f0037ab21f612a40fbcc1920f35d7c578e
race	sentence	paper	global_complete_case_mnar	all	row_pooled	qwen2.5-7b-instruct	gpt-4-1	fisher_rao_magnitude_r	pearson_r	145544	18639	825	0.1280643654152696	0.43356588050844413	0.4048982152639476	0.4631226553100391	500	500	51385ad7fc65412a0b97abc35d2d48f0037ab21f612a40fbcc1920f35d7c578e
race	sentence	paper	global_complete_case_mnar	all	row_pooled	qwen2.5-7b-instruct	gpt-4-1	fisher_local_magnitude_r	pearson_r	145544	18639	825	0.1280643654152696	0.10434509418571168	0.05600436614354125	0.1602163873219247	500	500	51385ad7fc65412a0b97abc35d2d48f0037ab21f612a40fbcc1920f35d7c578e
race	sentence	paper	global_complete_case_mnar	all	prompt_equal	qwen2.5-7b-instruct	gpt-4-1	signed_frobenius_r	pearson_r	145544	18639	825	0.1280643654152696	0.5695554492681839	0.5482717011285623	0.5891867487909034	500	500	51385ad7fc65412a0b97abc35d2d48f0037ab21f612a40fbcc1920f35d7c578e
race	sentence	paper	global_complete_case_mnar	all	prompt_equal	qwen2.5-7b-instruct	gpt-4-1	direction_cosine	mean_cosine	145544	18639	825	0.1280643654152696	0.23431152521279416	0.2209047627535821	0.24795253690053612	500	500	51385ad7fc65412a0b97abc35d2d48f0037ab21f612a40fbcc1920f35d7c578e
race	sentence	paper	global_complete_case_mnar	all	prompt_equal	qwen2.5-7b-instruct	gpt-4-1	linear_cka	cka	145544	18639	825	0.1280643654152696	0.32524273624764233	0.30130861430008654	0.34882517126974455	500	500	51385ad7fc65412a0b97abc35d2d48f0037ab21f612a40fbcc1920f35d7c578e
race	sentence	paper	global_complete_case_mnar	all	prompt_equal	qwen2.5-7b-instruct	gpt-4-1	aitchison_magnitude_r	pearson_r	145544	18639	825	0.1280643654152696	0.692708400861654	0.6746413873457258	0.7088058940291528	500	500	51385ad7fc65412a0b97abc35d2d48f0037ab21f612a40fbcc1920f35d7c578e
race	sentence	paper	global_complete_case_mnar	all	prompt_equal	qwen2.5-7b-instruct	gpt-4-1	fisher_rao_magnitude_r	pearson_r	145544	18639	825	0.1280643654152696	0.46781063304148146	0.43932727283765965	0.4960351017118409	500	500	51385ad7fc65412a0b97abc35d2d48f0037ab21f612a40fbcc1920f35d7c578e
race	sentence	paper	global_complete_case_mnar	all	prompt_equal	qwen2.5-7b-instruct	gpt-4-1	fisher_local_magnitude_r	pearson_r	145544	18639	825	0.1280643654152696	0.11018339929901376	0.06078399471586177	0.16972921252819945	500	500	51385ad7fc65412a0b97abc35d2d48f0037ab21f612a40fbcc1920f35d7c578e
race	sentence	paper	global_complete_case_mnar	system	row_pooled	qwen2.5-7b-instruct	gpt-4-1	signed_frobenius_r	pearson_r	14802	936	592	0.06323469801378193	0.010008714022452158	-0.029926812604713533	0.053131345226699975	500	500	3bab359b248413ff4b82309794d35425270ef3b1017c60cd7de1b91b484ad9f9
race	sentence	paper	global_complete_case_mnar	system	row_pooled	qwen2.5-7b-instruct	gpt-4-1	direction_cosine	mean_cosine	14802	936	592	0.06323469801378193	0.023226202817480335	-0.01401212086350576	0.06468125182196556	500	500	3bab359b248413ff4b82309794d35425270ef3b1017c60cd7de1b91b484ad9f9
race	sentence	paper	global_complete_case_mnar	system	row_pooled	qwen2.5-7b-instruct	gpt-4-1	linear_cka	cka	14802	936	592	0.06323469801378193	0.003047708195720018	0.002078176430429826	0.013385598751181206	500	500	3bab359b248413ff4b82309794d35425270ef3b1017c60cd7de1b91b484ad9f9
race	sentence	paper	global_complete_case_mnar	system	row_pooled	qwen2.5-7b-instruct	gpt-4-1	aitchison_magnitude_r	pearson_r	14802	936	592	0.06323469801378193	0.006474851139183714	-0.05007877820987825	0.06584887890006576	500	500	3bab359b248413ff4b82309794d35425270ef3b1017c60cd7de1b91b484ad9f9
race	sentence	paper	global_complete_case_mnar	system	row_pooled	qwen2.5-7b-instruct	gpt-4-1	fisher_rao_magnitude_r	pearson_r	14802	936	592	0.06323469801378193	0.037334028017832546	-0.014389968768808804	0.10761200242090777	500	500	3bab359b248413ff4b82309794d35425270ef3b1017c60cd7de1b91b484ad9f9
race	sentence	paper	global_complete_case_mnar	system	row_pooled	qwen2.5-7b-instruct	gpt-4-1	fisher_local_magnitude_r	pearson_r	14802	936	592	0.06323469801378193	0.05310601115930145	-0.007517024525638308	0.11823232555671978	500	500	3bab359b248413ff4b82309794d35425270ef3b1017c60cd7de1b91b484ad9f9
race	sentence	paper	global_complete_case_mnar	system	prompt_equal	qwen2.5-7b-instruct	gpt-4-1	signed_frobenius_r	pearson_r	14802	936	592	0.06323469801378193	0.017010840155151006	-0.024573804116927042	0.059862920120518325	500	500	3bab359b248413ff4b82309794d35425270ef3b1017c60cd7de1b91b484ad9f9
race	sentence	paper	global_complete_case_mnar	system	prompt_equal	qwen2.5-7b-instruct	gpt-4-1	direction_cosine	mean_cosine	14802	936	592	0.06323469801378193	0.024091064519673536	-0.015660737439223943	0.07179548611622164	500	500	3bab359b248413ff4b82309794d35425270ef3b1017c60cd7de1b91b484ad9f9
race	sentence	paper	global_complete_case_mnar	system	prompt_equal	qwen2.5-7b-instruct	gpt-4-1	linear_cka	cka	14802	936	592	0.06323469801378193	0.004286662632928335	0.002277351705470449	0.016078371676142927	500	500	3bab359b248413ff4b82309794d35425270ef3b1017c60cd7de1b91b484ad9f9
race	sentence	paper	global_complete_case_mnar	system	prompt_equal	qwen2.5-7b-instruct	gpt-4-1	aitchison_magnitude_r	pearson_r	14802	936	592	0.06323469801378193	-0.0009552346223991209	-0.05924355776220655	0.05908442490879837	500	500	3bab359b248413ff4b82309794d35425270ef3b1017c60cd7de1b91b484ad9f9
race	sentence	paper	global_complete_case_mnar	system	prompt_equal	qwen2.5-7b-instruct	gpt-4-1	fisher_rao_magnitude_r	pearson_r	14802	936	592	0.06323469801378193	0.0452952291751039	-0.00801431751900982	0.11175938600398211	500	500	3bab359b248413ff4b82309794d35425270ef3b1017c60cd7de1b91b484ad9f9
race	sentence	paper	global_complete_case_mnar	system	prompt_equal	qwen2.5-7b-instruct	gpt-4-1	fisher_local_magnitude_r	pearson_r	14802	936	592	0.06323469801378193	0.055383017651935394	-0.0021169109275883656	0.12624799376869256	500	500	3bab359b248413ff4b82309794d35425270ef3b1017c60cd7de1b91b484ad9f9
race	sentence	paper	global_complete_case_mnar	user	row_pooled	qwen2.5-7b-instruct	gpt-4-1	signed_frobenius_r	pearson_r	130742	17703	825	0.1354040782610026	0.5407790251358435	0.520842131304454	0.5601449534366824	500	500	f4dfff463588ac5ae026c9a5714d6982ed65510e3f0ce476ecc721a02f2aa318
race	sentence	paper	global_complete_case_mnar	user	row_pooled	qwen2.5-7b-instruct	gpt-4-1	direction_cosine	mean_cosine	130742	17703	825	0.1354040782610026	0.216492623605108	0.2028795394517591	0.2296365872864869	500	500	f4dfff463588ac5ae026c9a5714d6982ed65510e3f0ce476ecc721a02f2aa318
race	sentence	paper	global_complete_case_mnar	user	row_pooled	qwen2.5-7b-instruct	gpt-4-1	linear_cka	cka	130742	17703	825	0.1354040782610026	0.29316261531163323	0.2714675696252029	0.31458704776487223	500	500	f4dfff463588ac5ae026c9a5714d6982ed65510e3f0ce476ecc721a02f2aa318
race	sentence	paper	global_complete_case_mnar	user	row_pooled	qwen2.5-7b-instruct	gpt-4-1	aitchison_magnitude_r	pearson_r	130742	17703	825	0.1354040782610026	0.6738229331849878	0.6574210278405438	0.6922137735145895	500	500	f4dfff463588ac5ae026c9a5714d6982ed65510e3f0ce476ecc721a02f2aa318
race	sentence	paper	global_complete_case_mnar	user	row_pooled	qwen2.5-7b-instruct	gpt-4-1	fisher_rao_magnitude_r	pearson_r	130742	17703	825	0.1354040782610026	0.4384626042773199	0.4049148710434285	0.46950158769820766	500	500	f4dfff463588ac5ae026c9a5714d6982ed65510e3f0ce476ecc721a02f2aa318
race	sentence	paper	global_complete_case_mnar	user	row_pooled	qwen2.5-7b-instruct	gpt-4-1	fisher_local_magnitude_r	pearson_r	130742	17703	825	0.1354040782610026	0.10488039478211243	0.05545969518389473	0.16173460655788155	500	500	f4dfff463588ac5ae026c9a5714d6982ed65510e3f0ce476ecc721a02f2aa318
race	sentence	paper	global_complete_case_mnar	user	prompt_equal	qwen2.5-7b-instruct	gpt-4-1	signed_frobenius_r	pearson_r	130742	17703	825	0.1354040782610026	0.5722724731120973	0.5505489140957504	0.5940753439941554	500	500	f4dfff463588ac5ae026c9a5714d6982ed65510e3f0ce476ecc721a02f2aa318
race	sentence	paper	global_complete_case_mnar	user	prompt_equal	qwen2.5-7b-instruct	gpt-4-1	direction_cosine	mean_cosine	130742	17703	825	0.1354040782610026	0.2444937158034724	0.2304478219976508	0.2589469874653425	500	500	f4dfff463588ac5ae026c9a5714d6982ed65510e3f0ce476ecc721a02f2aa318
race	sentence	paper	global_complete_case_mnar	user	prompt_equal	qwen2.5-7b-instruct	gpt-4-1	linear_cka	cka	130742	17703	825	0.1354040782610026	0.3284346829190705	0.30430881445882907	0.354229213062889	500	500	f4dfff463588ac5ae026c9a5714d6982ed65510e3f0ce476ecc721a02f2aa318
race	sentence	paper	global_complete_case_mnar	user	prompt_equal	qwen2.5-7b-instruct	gpt-4-1	aitchison_magnitude_r	pearson_r	130742	17703	825	0.1354040782610026	0.6917939707728947	0.6748894593181568	0.7109510018554913	500	500	f4dfff463588ac5ae026c9a5714d6982ed65510e3f0ce476ecc721a02f2aa318
race	sentence	paper	global_complete_case_mnar	user	prompt_equal	qwen2.5-7b-instruct	gpt-4-1	fisher_rao_magnitude_r	pearson_r	130742	17703	825	0.1354040782610026	0.4674887014750198	0.43435758206870273	0.4990844633833389	500	500	f4dfff463588ac5ae026c9a5714d6982ed65510e3f0ce476ecc721a02f2aa318
race	sentence	paper	global_complete_case_mnar	user	prompt_equal	qwen2.5-7b-instruct	gpt-4-1	fisher_local_magnitude_r	pearson_r	130742	17703	825	0.1354040782610026	0.11057027172401955	0.05923115492563054	0.16425108995194274	500	500	f4dfff463588ac5ae026c9a5714d6982ed65510e3f0ce476ecc721a02f2aa318
race	sentence	paper	global_complete_case_mnar	prediction	row_pooled	qwen2.5-7b-instruct	gemini-2-5-flash-lite-vertex	signed_frobenius_r	pearson_r	4934	825	825	0.16720713417105795	0.7249243548625732	0.7002849983507663	0.7496912110409106	500	500	bb39c2d2fc4a8ec99452fbbab44f2b1aedd932bc8338ac64de82b714d19ca319
race	sentence	paper	global_complete_case_mnar	prediction	row_pooled	qwen2.5-7b-instruct	gemini-2-5-flash-lite-vertex	direction_cosine	mean_cosine	4934	825	825	0.16720713417105795	0.6570728944976543	0.6258568905476655	0.6876144964738425	500	500	bb39c2d2fc4a8ec99452fbbab44f2b1aedd932bc8338ac64de82b714d19ca319
race	sentence	paper	global_complete_case_mnar	prediction	row_pooled	qwen2.5-7b-instruct	gemini-2-5-flash-lite-vertex	linear_cka	cka	4934	825	825	0.16720713417105795	0.5329573624822117	0.49842942527457235	0.569278631853877	500	500	bb39c2d2fc4a8ec99452fbbab44f2b1aedd932bc8338ac64de82b714d19ca319
race	sentence	paper	global_complete_case_mnar	all	row_pooled	qwen2.5-7b-instruct	gemini-2-5-flash-lite-vertex	signed_frobenius_r	pearson_r	145544	18639	825	0.1280643654152696	0.378059981402649	0.35320920946562273	0.40708867001369775	500	500	51385ad7fc65412a0b97abc35d2d48f0037ab21f612a40fbcc1920f35d7c578e
race	sentence	paper	global_complete_case_mnar	all	row_pooled	qwen2.5-7b-instruct	gemini-2-5-flash-lite-vertex	direction_cosine	mean_cosine	145544	18639	825	0.1280643654152696	0.15560314958066487	0.14186933616253333	0.1689162882866417	500	500	51385ad7fc65412a0b97abc35d2d48f0037ab21f612a40fbcc1920f35d7c578e
race	sentence	paper	global_complete_case_mnar	all	row_pooled	qwen2.5-7b-instruct	gemini-2-5-flash-lite-vertex	linear_cka	cka	145544	18639	825	0.1280643654152696	0.14876958625139305	0.12971435629545064	0.17125036689176512	500	500	51385ad7fc65412a0b97abc35d2d48f0037ab21f612a40fbcc1920f35d7c578e
race	sentence	paper	global_complete_case_mnar	all	row_pooled	qwen2.5-7b-instruct	gemini-2-5-flash-lite-vertex	aitchison_magnitude_r	pearson_r	145544	18639	825	0.1280643654152696	0.4491859773804992	0.4101012189586609	0.48981672416267374	500	500	51385ad7fc65412a0b97abc35d2d48f0037ab21f612a40fbcc1920f35d7c578e
race	sentence	paper	global_complete_case_mnar	all	row_pooled	qwen2.5-7b-instruct	gemini-2-5-flash-lite-vertex	fisher_rao_magnitude_r	pearson_r	145544	18639	825	0.1280643654152696	0.3693925041627913	0.33917341500173226	0.40059710501691137	500	500	51385ad7fc65412a0b97abc35d2d48f0037ab21f612a40fbcc1920f35d7c578e
race	sentence	paper	global_complete_case_mnar	all	row_pooled	qwen2.5-7b-instruct	gemini-2-5-flash-lite-vertex	fisher_local_magnitude_r	pearson_r	145544	18639	825	0.1280643654152696	0.09326198100180765	0.061505181134556386	0.13069197518130488	500	500	51385ad7fc65412a0b97abc35d2d48f0037ab21f612a40fbcc1920f35d7c578e
race	sentence	paper	global_complete_case_mnar	all	prompt_equal	qwen2.5-7b-instruct	gemini-2-5-flash-lite-vertex	signed_frobenius_r	pearson_r	145544	18639	825	0.1280643654152696	0.42355916860058973	0.39710128070319106	0.4513198295365615	500	500	51385ad7fc65412a0b97abc35d2d48f0037ab21f612a40fbcc1920f35d7c578e
race	sentence	paper	global_complete_case_mnar	all	prompt_equal	qwen2.5-7b-instruct	gemini-2-5-flash-lite-vertex	direction_cosine	mean_cosine	145544	18639	825	0.1280643654152696	0.18430099675308445	0.17141719847501213	0.19971350966455778	500	500	51385ad7fc65412a0b97abc35d2d48f0037ab21f612a40fbcc1920f35d7c578e
race	sentence	paper	global_complete_case_mnar	all	prompt_equal	qwen2.5-7b-instruct	gemini-2-5-flash-lite-vertex	linear_cka	cka	145544	18639	825	0.1280643654152696	0.18645027033773723	0.16407646184903116	0.21266081561367964	500	500	51385ad7fc65412a0b97abc35d2d48f0037ab21f612a40fbcc1920f35d7c578e
race	sentence	paper	global_complete_case_mnar	all	prompt_equal	qwen2.5-7b-instruct	gemini-2-5-flash-lite-vertex	aitchison_magnitude_r	pearson_r	145544	18639	825	0.1280643654152696	0.4910710507652441	0.45548123945183044	0.5300148916790948	500	500	51385ad7fc65412a0b97abc35d2d48f0037ab21f612a40fbcc1920f35d7c578e
race	sentence	paper	global_complete_case_mnar	all	prompt_equal	qwen2.5-7b-instruct	gemini-2-5-flash-lite-vertex	fisher_rao_magnitude_r	pearson_r	145544	18639	825	0.1280643654152696	0.3979474324287015	0.3673580895555157	0.4284473310804475	500	500	51385ad7fc65412a0b97abc35d2d48f0037ab21f612a40fbcc1920f35d7c578e
race	sentence	paper	global_complete_case_mnar	all	prompt_equal	qwen2.5-7b-instruct	gemini-2-5-flash-lite-vertex	fisher_local_magnitude_r	pearson_r	145544	18639	825	0.1280643654152696	0.11554326939907865	0.07676800707150648	0.15494679309633777	500	500	51385ad7fc65412a0b97abc35d2d48f0037ab21f612a40fbcc1920f35d7c578e
race	sentence	paper	global_complete_case_mnar	system	row_pooled	qwen2.5-7b-instruct	gemini-2-5-flash-lite-vertex	signed_frobenius_r	pearson_r	14802	936	592	0.06323469801378193	0.016323879169239733	-0.03151238808650782	0.054909226800157696	500	500	3bab359b248413ff4b82309794d35425270ef3b1017c60cd7de1b91b484ad9f9
race	sentence	paper	global_complete_case_mnar	system	row_pooled	qwen2.5-7b-instruct	gemini-2-5-flash-lite-vertex	direction_cosine	mean_cosine	14802	936	592	0.06323469801378193	0.020325290181444355	-0.02145830153790143	0.05783234325910173	500	500	3bab359b248413ff4b82309794d35425270ef3b1017c60cd7de1b91b484ad9f9
race	sentence	paper	global_complete_case_mnar	system	row_pooled	qwen2.5-7b-instruct	gemini-2-5-flash-lite-vertex	linear_cka	cka	14802	936	592	0.06323469801378193	0.00415520141058266	0.002635141231687172	0.014605074470777597	500	500	3bab359b248413ff4b82309794d35425270ef3b1017c60cd7de1b91b484ad9f9
race	sentence	paper	global_complete_case_mnar	system	row_pooled	qwen2.5-7b-instruct	gemini-2-5-flash-lite-vertex	aitchison_magnitude_r	pearson_r	14802	936	592	0.06323469801378193	0.03444920571068392	-0.013273558519950688	0.08959999658876526	500	500	3bab359b248413ff4b82309794d35425270ef3b1017c60cd7de1b91b484ad9f9
race	sentence	paper	global_complete_case_mnar	system	row_pooled	qwen2.5-7b-instruct	gemini-2-5-flash-lite-vertex	fisher_rao_magnitude_r	pearson_r	14802	936	592	0.06323469801378193	0.017055732109809204	-0.039412433995091777	0.0855621663892335	500	500	3bab359b248413ff4b82309794d35425270ef3b1017c60cd7de1b91b484ad9f9
race	sentence	paper	global_complete_case_mnar	system	row_pooled	qwen2.5-7b-instruct	gemini-2-5-flash-lite-vertex	fisher_local_magnitude_r	pearson_r	14802	936	592	0.06323469801378193	-0.006822987722935171	-0.0461863233812511	0.05029905248540384	500	500	3bab359b248413ff4b82309794d35425270ef3b1017c60cd7de1b91b484ad9f9
race	sentence	paper	global_complete_case_mnar	system	prompt_equal	qwen2.5-7b-instruct	gemini-2-5-flash-lite-vertex	signed_frobenius_r	pearson_r	14802	936	592	0.06323469801378193	0.017912426535118143	-0.022958438463277782	0.05579841033855042	500	500	3bab359b248413ff4b82309794d35425270ef3b1017c60cd7de1b91b484ad9f9
race	sentence	paper	global_complete_case_mnar	system	prompt_equal	qwen2.5-7b-instruct	gemini-2-5-flash-lite-vertex	direction_cosine	mean_cosine	14802	936	592	0.06323469801378193	0.02479486469385235	-0.017679646777425947	0.0672053859448138	500	500	3bab359b248413ff4b82309794d35425270ef3b1017c60cd7de1b91b484ad9f9
race	sentence	paper	global_complete_case_mnar	system	prompt_equal	qwen2.5-7b-instruct	gemini-2-5-flash-lite-vertex	linear_cka	cka	14802	936	592	0.06323469801378193	0.0036908292022689313	0.0021854078957679072	0.013154541742634838	500	500	3bab359b248413ff4b82309794d35425270ef3b1017c60cd7de1b91b484ad9f9
race	sentence	paper	global_complete_case_mnar	system	prompt_equal	qwen2.5-7b-instruct	gemini-2-5-flash-lite-vertex	aitchison_magnitude_r	pearson_r	14802	936	592	0.06323469801378193	0.023605470061602383	-0.025452919338248333	0.08223127845897547	500	500	3bab359b248413ff4b82309794d35425270ef3b1017c60cd7de1b91b484ad9f9
race	sentence	paper	global_complete_case_mnar	system	prompt_equal	qwen2.5-7b-instruct	gemini-2-5-flash-lite-vertex	fisher_rao_magnitude_r	pearson_r	14802	936	592	0.06323469801378193	0.0206075185786608	-0.032886469220752605	0.0832208627208703	500	500	3bab359b248413ff4b82309794d35425270ef3b1017c60cd7de1b91b484ad9f9
race	sentence	paper	global_complete_case_mnar	system	prompt_equal	qwen2.5-7b-instruct	gemini-2-5-flash-lite-vertex	fisher_local_magnitude_r	pearson_r	14802	936	592	0.06323469801378193	-0.0017469090137443518	-0.04003229907026165	0.050488469665087694	500	500	3bab359b248413ff4b82309794d35425270ef3b1017c60cd7de1b91b484ad9f9
race	sentence	paper	global_complete_case_mnar	user	row_pooled	qwen2.5-7b-instruct	gemini-2-5-flash-lite-vertex	signed_frobenius_r	pearson_r	130742	17703	825	0.1354040782610026	0.38557985599353956	0.3598246982858893	0.4127099687928289	500	500	f4dfff463588ac5ae026c9a5714d6982ed65510e3f0ce476ecc721a02f2aa318
race	sentence	paper	global_complete_case_mnar	user	row_pooled	qwen2.5-7b-instruct	gemini-2-5-flash-lite-vertex	direction_cosine	mean_cosine	130742	17703	825	0.1354040782610026	0.1627556139312083	0.14970737552741906	0.17731321317700646	500	500	f4dfff463588ac5ae026c9a5714d6982ed65510e3f0ce476ecc721a02f2aa318
race	sentence	paper	global_complete_case_mnar	user	row_pooled	qwen2.5-7b-instruct	gemini-2-5-flash-lite-vertex	linear_cka	cka	130742	17703	825	0.1354040782610026	0.154559712654699	0.13517890047228429	0.17664467511583948	500	500	f4dfff463588ac5ae026c9a5714d6982ed65510e3f0ce476ecc721a02f2aa318
race	sentence	paper	global_complete_case_mnar	user	row_pooled	qwen2.5-7b-instruct	gemini-2-5-flash-lite-vertex	aitchison_magnitude_r	pearson_r	130742	17703	825	0.1354040782610026	0.4555898594168055	0.41761920973745065	0.49315522690643626	500	500	f4dfff463588ac5ae026c9a5714d6982ed65510e3f0ce476ecc721a02f2aa318
race	sentence	paper	global_complete_case_mnar	user	row_pooled	qwen2.5-7b-instruct	gemini-2-5-flash-lite-vertex	fisher_rao_magnitude_r	pearson_r	130742	17703	825	0.1354040782610026	0.37404427593660944	0.34673665000301074	0.4002031869664905	500	500	f4dfff463588ac5ae026c9a5714d6982ed65510e3f0ce476ecc721a02f2aa318
race	sentence	paper	global_complete_case_mnar	user	row_pooled	qwen2.5-7b-instruct	gemini-2-5-flash-lite-vertex	fisher_local_magnitude_r	pearson_r	130742	17703	825	0.1354040782610026	0.09565328174644473	0.05991464842197694	0.12992543664195658	500	500	f4dfff463588ac5ae026c9a5714d6982ed65510e3f0ce476ecc721a02f2aa318
race	sentence	paper	global_complete_case_mnar	user	prompt_equal	qwen2.5-7b-instruct	gemini-2-5-flash-lite-vertex	signed_frobenius_r	pearson_r	130742	17703	825	0.1354040782610026	0.4279956481333726	0.39954924755785887	0.45622966057321146	500	500	f4dfff463588ac5ae026c9a5714d6982ed65510e3f0ce476ecc721a02f2aa318
race	sentence	paper	global_complete_case_mnar	user	prompt_equal	qwen2.5-7b-instruct	gemini-2-5-flash-lite-vertex	direction_cosine	mean_cosine	130742	17703	825	0.1354040782610026	0.1920572312432708	0.1787321018506779	0.20578611354783147	500	500	f4dfff463588ac5ae026c9a5714d6982ed65510e3f0ce476ecc721a02f2aa318
race	sentence	paper	global_complete_case_mnar	user	prompt_equal	qwen2.5-7b-instruct	gemini-2-5-flash-lite-vertex	linear_cka	cka	130742	17703	825	0.1354040782610026	0.19034400255758277	0.16616498473108388	0.21665006265268763	500	500	f4dfff463588ac5ae026c9a5714d6982ed65510e3f0ce476ecc721a02f2aa318
race	sentence	paper	global_complete_case_mnar	user	prompt_equal	qwen2.5-7b-instruct	gemini-2-5-flash-lite-vertex	aitchison_magnitude_r	pearson_r	130742	17703	825	0.1354040782610026	0.4935812219759236	0.4574530844980839	0.5294204927968974	500	500	f4dfff463588ac5ae026c9a5714d6982ed65510e3f0ce476ecc721a02f2aa318
race	sentence	paper	global_complete_case_mnar	user	prompt_equal	qwen2.5-7b-instruct	gemini-2-5-flash-lite-vertex	fisher_rao_magnitude_r	pearson_r	130742	17703	825	0.1354040782610026	0.3993512783842635	0.37019242803116625	0.4251027316624176	500	500	f4dfff463588ac5ae026c9a5714d6982ed65510e3f0ce476ecc721a02f2aa318
race	sentence	paper	global_complete_case_mnar	user	prompt_equal	qwen2.5-7b-instruct	gemini-2-5-flash-lite-vertex	fisher_local_magnitude_r	pearson_r	130742	17703	825	0.1354040782610026	0.11632753664101804	0.07260519458307396	0.15773652135816754	500	500	f4dfff463588ac5ae026c9a5714d6982ed65510e3f0ce476ecc721a02f2aa318
race	sentence	paper	global_complete_case_mnar	prediction	row_pooled	qwen2.5-14b-instruct	llama3.1-70b-instruct	signed_frobenius_r	pearson_r	4934	825	825	0.16720713417105795	0.8188487826335534	0.8029303474593126	0.8326185793584507	500	500	bb39c2d2fc4a8ec99452fbbab44f2b1aedd932bc8338ac64de82b714d19ca319
race	sentence	paper	global_complete_case_mnar	prediction	row_pooled	qwen2.5-14b-instruct	llama3.1-70b-instruct	direction_cosine	mean_cosine	4934	825	825	0.16720713417105795	0.7430749088455699	0.7173204147271667	0.7663039386667068	500	500	bb39c2d2fc4a8ec99452fbbab44f2b1aedd932bc8338ac64de82b714d19ca319
race	sentence	paper	global_complete_case_mnar	prediction	row_pooled	qwen2.5-14b-instruct	llama3.1-70b-instruct	linear_cka	cka	4934	825	825	0.16720713417105795	0.6691193000992984	0.644015355383386	0.6931995883000941	500	500	bb39c2d2fc4a8ec99452fbbab44f2b1aedd932bc8338ac64de82b714d19ca319
race	sentence	paper	global_complete_case_mnar	all	row_pooled	qwen2.5-14b-instruct	llama3.1-70b-instruct	signed_frobenius_r	pearson_r	145544	18639	825	0.1280643654152696	0.6328484082448729	0.61799027890054	0.6491305906660697	500	500	51385ad7fc65412a0b97abc35d2d48f0037ab21f612a40fbcc1920f35d7c578e
race	sentence	paper	global_complete_case_mnar	all	row_pooled	qwen2.5-14b-instruct	llama3.1-70b-instruct	direction_cosine	mean_cosine	145544	18639	825	0.1280643654152696	0.26906943839500114	0.2574678994115114	0.28120550647983	500	500	51385ad7fc65412a0b97abc35d2d48f0037ab21f612a40fbcc1920f35d7c578e
race	sentence	paper	global_complete_case_mnar	all	row_pooled	qwen2.5-14b-instruct	llama3.1-70b-instruct	linear_cka	cka	145544	18639	825	0.1280643654152696	0.40074909708447165	0.3819396279480546	0.42233747729951227	500	500	51385ad7fc65412a0b97abc35d2d48f0037ab21f612a40fbcc1920f35d7c578e
race	sentence	paper	global_complete_case_mnar	all	row_pooled	qwen2.5-14b-instruct	llama3.1-70b-instruct	aitchison_magnitude_r	pearson_r	145544	18639	825	0.1280643654152696	0.743309012212097	0.731803640253952	0.7557583930878388	500	500	51385ad7fc65412a0b97abc35d2d48f0037ab21f612a40fbcc1920f35d7c578e
race	sentence	paper	global_complete_case_mnar	all	row_pooled	qwen2.5-14b-instruct	llama3.1-70b-instruct	fisher_rao_magnitude_r	pearson_r	145544	18639	825	0.1280643654152696	0.5567326167312329	0.5362270328357063	0.5793140193879284	500	500	51385ad7fc65412a0b97abc35d2d48f0037ab21f612a40fbcc1920f35d7c578e
race	sentence	paper	global_complete_case_mnar	all	row_pooled	qwen2.5-14b-instruct	llama3.1-70b-instruct	fisher_local_magnitude_r	pearson_r	145544	18639	825	0.1280643654152696	0.27681955277719106	0.2408970941344032	0.31945417185328334	500	500	51385ad7fc65412a0b97abc35d2d48f0037ab21f612a40fbcc1920f35d7c578e
race	sentence	paper	global_complete_case_mnar	all	prompt_equal	qwen2.5-14b-instruct	llama3.1-70b-instruct	signed_frobenius_r	pearson_r	145544	18639	825	0.1280643654152696	0.65927201194927	0.6443356996987016	0.6746299098858946	500	500	51385ad7fc65412a0b97abc35d2d48f0037ab21f612a40fbcc1920f35d7c578e
race	sentence	paper	global_complete_case_mnar	all	prompt_equal	qwen2.5-14b-instruct	llama3.1-70b-instruct	direction_cosine	mean_cosine	145544	18639	825	0.1280643654152696	0.29756208886370694	0.2850690259822196	0.3106347682275578	500	500	51385ad7fc65412a0b97abc35d2d48f0037ab21f612a40fbcc1920f35d7c578e
race	sentence	paper	global_complete_case_mnar	all	prompt_equal	qwen2.5-14b-instruct	llama3.1-70b-instruct	linear_cka	cka	145544	18639	825	0.1280643654152696	0.4343236109034976	0.41495588975145237	0.455729315676637	500	500	51385ad7fc65412a0b97abc35d2d48f0037ab21f612a40fbcc1920f35d7c578e
race	sentence	paper	global_complete_case_mnar	all	prompt_equal	qwen2.5-14b-instruct	llama3.1-70b-instruct	aitchison_magnitude_r	pearson_r	145544	18639	825	0.1280643654152696	0.7497224998652567	0.7378513770401566	0.7632502128449684	500	500	51385ad7fc65412a0b97abc35d2d48f0037ab21f612a40fbcc1920f35d7c578e
race	sentence	paper	global_complete_case_mnar	all	prompt_equal	qwen2.5-14b-instruct	llama3.1-70b-instruct	fisher_rao_magnitude_r	pearson_r	145544	18639	825	0.1280643654152696	0.5794514909167273	0.5571487027174329	0.6027235943780948	500	500	51385ad7fc65412a0b97abc35d2d48f0037ab21f612a40fbcc1920f35d7c578e
race	sentence	paper	global_complete_case_mnar	all	prompt_equal	qwen2.5-14b-instruct	llama3.1-70b-instruct	fisher_local_magnitude_r	pearson_r	145544	18639	825	0.1280643654152696	0.2708868511449069	0.23206499310200648	0.31217666609168737	500	500	51385ad7fc65412a0b97abc35d2d48f0037ab21f612a40fbcc1920f35d7c578e
race	sentence	paper	global_complete_case_mnar	system	row_pooled	qwen2.5-14b-instruct	llama3.1-70b-instruct	signed_frobenius_r	pearson_r	14802	936	592	0.06323469801378193	0.08525841910242704	0.03885260448545275	0.1268658205911914	500	500	3bab359b248413ff4b82309794d35425270ef3b1017c60cd7de1b91b484ad9f9
race	sentence	paper	global_complete_case_mnar	system	row_pooled	qwen2.5-14b-instruct	llama3.1-70b-instruct	direction_cosine	mean_cosine	14802	936	592	0.06323469801378193	0.10206170921687839	0.0645585531566324	0.13432223802633023	500	500	3bab359b248413ff4b82309794d35425270ef3b1017c60cd7de1b91b484ad9f9
race	sentence	paper	global_complete_case_mnar	system	row_pooled	qwen2.5-14b-instruct	llama3.1-70b-instruct	linear_cka	cka	14802	936	592	0.06323469801378193	0.011948506914312162	0.007916387486046199	0.025644229405217316	500	500	3bab359b248413ff4b82309794d35425270ef3b1017c60cd7de1b91b484ad9f9
race	sentence	paper	global_complete_case_mnar	system	row_pooled	qwen2.5-14b-instruct	llama3.1-70b-instruct	aitchison_magnitude_r	pearson_r	14802	936	592	0.06323469801378193	0.2185415399078428	0.14479744782802562	0.28563294133791517	500	500	3bab359b248413ff4b82309794d35425270ef3b1017c60cd7de1b91b484ad9f9
race	sentence	paper	global_complete_case_mnar	system	row_pooled	qwen2.5-14b-instruct	llama3.1-70b-instruct	fisher_rao_magnitude_r	pearson_r	14802	936	592	0.06323469801378193	0.12641407862717738	0.04449791673708962	0.20325090457571124	500	500	3bab359b248413ff4b82309794d35425270ef3b1017c60cd7de1b91b484ad9f9
race	sentence	paper	global_complete_case_mnar	system	row_pooled	qwen2.5-14b-instruct	llama3.1-70b-instruct	fisher_local_magnitude_r	pearson_r	14802	936	592	0.06323469801378193	0.10313429667273188	0.031068470879508026	0.17973657955852462	500	500	3bab359b248413ff4b82309794d35425270ef3b1017c60cd7de1b91b484ad9f9
race	sentence	paper	global_complete_case_mnar	system	prompt_equal	qwen2.5-14b-instruct	llama3.1-70b-instruct	signed_frobenius_r	pearson_r	14802	936	592	0.06323469801378193	0.08072956869654538	0.028166313209211532	0.12712129244687806	500	500	3bab359b248413ff4b82309794d35425270ef3b1017c60cd7de1b91b484ad9f9
race	sentence	paper	global_complete_case_mnar	system	prompt_equal	qwen2.5-14b-instruct	llama3.1-70b-instruct	direction_cosine	mean_cosine	14802	936	592	0.06323469801378193	0.10055034635337276	0.05724168022224868	0.13633472607996208	500	500	3bab359b248413ff4b82309794d35425270ef3b1017c60cd7de1b91b484ad9f9
race	sentence	paper	global_complete_case_mnar	system	prompt_equal	qwen2.5-14b-instruct	llama3.1-70b-instruct	linear_cka	cka	14802	936	592	0.06323469801378193	0.012407336969163832	0.008463882291703279	0.027592943397592055	500	500	3bab359b248413ff4b82309794d35425270ef3b1017c60cd7de1b91b484ad9f9
race	sentence	paper	global_complete_case_mnar	system	prompt_equal	qwen2.5-14b-instruct	llama3.1-70b-instruct	aitchison_magnitude_r	pearson_r	14802	936	592	0.06323469801378193	0.23317013744506007	0.1572660314011035	0.3136837050395711	500	500	3bab359b248413ff4b82309794d35425270ef3b1017c60cd7de1b91b484ad9f9
race	sentence	paper	global_complete_case_mnar	system	prompt_equal	qwen2.5-14b-instruct	llama3.1-70b-instruct	fisher_rao_magnitude_r	pearson_r	14802	936	592	0.06323469801378193	0.12307594509672387	0.04643471684336978	0.19103402563585128	500	500	3bab359b248413ff4b82309794d35425270ef3b1017c60cd7de1b91b484ad9f9
race	sentence	paper	global_complete_case_mnar	system	prompt_equal	qwen2.5-14b-instruct	llama3.1-70b-instruct	fisher_local_magnitude_r	pearson_r	14802	936	592	0.06323469801378193	0.10659899777779443	0.03279029755565793	0.18328147612519918	500	500	3bab359b248413ff4b82309794d35425270ef3b1017c60cd7de1b91b484ad9f9
race	sentence	paper	global_complete_case_mnar	user	row_pooled	qwen2.5-14b-instruct	llama3.1-70b-instruct	signed_frobenius_r	pearson_r	130742	17703	825	0.1354040782610026	0.6367605269925652	0.623619514364848	0.6537998794776543	500	500	f4dfff463588ac5ae026c9a5714d6982ed65510e3f0ce476ecc721a02f2aa318
race	sentence	paper	global_complete_case_mnar	user	row_pooled	qwen2.5-14b-instruct	llama3.1-70b-instruct	direction_cosine	mean_cosine	130742	17703	825	0.1354040782610026	0.27790253069938736	0.26477021728608297	0.29127756524842674	500	500	f4dfff463588ac5ae026c9a5714d6982ed65510e3f0ce476ecc721a02f2aa318
race	sentence	paper	global_complete_case_mnar	user	row_pooled	qwen2.5-14b-instruct	llama3.1-70b-instruct	linear_cka	cka	130742	17703	825	0.1354040782610026	0.4057397501177298	0.389267627129614	0.428229463565976	500	500	f4dfff463588ac5ae026c9a5714d6982ed65510e3f0ce476ecc721a02f2aa318
race	sentence	paper	global_complete_case_mnar	user	row_pooled	qwen2.5-14b-instruct	llama3.1-70b-instruct	aitchison_magnitude_r	pearson_r	130742	17703	825	0.1354040782610026	0.7427414617126018	0.7311558671148419	0.7552089703059266	500	500	f4dfff463588ac5ae026c9a5714d6982ed65510e3f0ce476ecc721a02f2aa318
race	sentence	paper	global_complete_case_mnar	user	row_pooled	qwen2.5-14b-instruct	llama3.1-70b-instruct	fisher_rao_magnitude_r	pearson_r	130742	17703	825	0.1354040782610026	0.55727562727313	0.533189056393429	0.5792098185651875	500	500	f4dfff463588ac5ae026c9a5714d6982ed65510e3f0ce476ecc721a02f2aa318
race	sentence	paper	global_complete_case_mnar	user	row_pooled	qwen2.5-14b-instruct	llama3.1-70b-instruct	fisher_local_magnitude_r	pearson_r	130742	17703	825	0.1354040782610026	0.277916773481976	0.23821628240962722	0.3188973946670109	500	500	f4dfff463588ac5ae026c9a5714d6982ed65510e3f0ce476ecc721a02f2aa318
race	sentence	paper	global_complete_case_mnar	user	prompt_equal	qwen2.5-14b-instruct	llama3.1-70b-instruct	signed_frobenius_r	pearson_r	130742	17703	825	0.1354040782610026	0.6605173809794581	0.6457183734192963	0.6773197857145818	500	500	f4dfff463588ac5ae026c9a5714d6982ed65510e3f0ce476ecc721a02f2aa318
race	sentence	paper	global_complete_case_mnar	user	prompt_equal	qwen2.5-14b-instruct	llama3.1-70b-instruct	direction_cosine	mean_cosine	130742	17703	825	0.1354040782610026	0.30702179764968757	0.2933834665126422	0.3215718398128164	500	500	f4dfff463588ac5ae026c9a5714d6982ed65510e3f0ce476ecc721a02f2aa318
race	sentence	paper	global_complete_case_mnar	user	prompt_equal	qwen2.5-14b-instruct	llama3.1-70b-instruct	linear_cka	cka	130742	17703	825	0.1354040782610026	0.4359991731452679	0.417435156767972	0.4581221983429751	500	500	f4dfff463588ac5ae026c9a5714d6982ed65510e3f0ce476ecc721a02f2aa318
race	sentence	paper	global_complete_case_mnar	user	prompt_equal	qwen2.5-14b-instruct	llama3.1-70b-instruct	aitchison_magnitude_r	pearson_r	130742	17703	825	0.1354040782610026	0.747173107382866	0.7352451925383885	0.7603903686194942	500	500	f4dfff463588ac5ae026c9a5714d6982ed65510e3f0ce476ecc721a02f2aa318
race	sentence	paper	global_complete_case_mnar	user	prompt_equal	qwen2.5-14b-instruct	llama3.1-70b-instruct	fisher_rao_magnitude_r	pearson_r	130742	17703	825	0.1354040782610026	0.5772493491448729	0.5524944221522659	0.6001082544425919	500	500	f4dfff463588ac5ae026c9a5714d6982ed65510e3f0ce476ecc721a02f2aa318
race	sentence	paper	global_complete_case_mnar	user	prompt_equal	qwen2.5-14b-instruct	llama3.1-70b-instruct	fisher_local_magnitude_r	pearson_r	130742	17703	825	0.1354040782610026	0.2737422361259276	0.23179264271108696	0.3142928599106826	500	500	f4dfff463588ac5ae026c9a5714d6982ed65510e3f0ce476ecc721a02f2aa318
race	sentence	paper	global_complete_case_mnar	prediction	row_pooled	qwen2.5-14b-instruct	llama3.3-70b-instruct	signed_frobenius_r	pearson_r	4934	825	825	0.16720713417105795	0.7980843598730225	0.7804157561634332	0.8149580463589813	500	500	bb39c2d2fc4a8ec99452fbbab44f2b1aedd932bc8338ac64de82b714d19ca319
race	sentence	paper	global_complete_case_mnar	prediction	row_pooled	qwen2.5-14b-instruct	llama3.3-70b-instruct	direction_cosine	mean_cosine	4934	825	825	0.16720713417105795	0.7560858431960479	0.7314271809028619	0.7785026318815741	500	500	bb39c2d2fc4a8ec99452fbbab44f2b1aedd932bc8338ac64de82b714d19ca319
race	sentence	paper	global_complete_case_mnar	prediction	row_pooled	qwen2.5-14b-instruct	llama3.3-70b-instruct	linear_cka	cka	4934	825	825	0.16720713417105795	0.6342359368027854	0.6074836611569836	0.6621027411279755	500	500	bb39c2d2fc4a8ec99452fbbab44f2b1aedd932bc8338ac64de82b714d19ca319
race	sentence	paper	global_complete_case_mnar	all	row_pooled	qwen2.5-14b-instruct	llama3.3-70b-instruct	signed_frobenius_r	pearson_r	145544	18639	825	0.1280643654152696	0.5969625695163328	0.5798298853091098	0.6139519071522154	500	500	51385ad7fc65412a0b97abc35d2d48f0037ab21f612a40fbcc1920f35d7c578e
race	sentence	paper	global_complete_case_mnar	all	row_pooled	qwen2.5-14b-instruct	llama3.3-70b-instruct	direction_cosine	mean_cosine	145544	18639	825	0.1280643654152696	0.2462345200332026	0.23286342909549385	0.2589311868765288	500	500	51385ad7fc65412a0b97abc35d2d48f0037ab21f612a40fbcc1920f35d7c578e
race	sentence	paper	global_complete_case_mnar	all	row_pooled	qwen2.5-14b-instruct	llama3.3-70b-instruct	linear_cka	cka	145544	18639	825	0.1280643654152696	0.36235188450370326	0.34187611930913914	0.3840478481280163	500	500	51385ad7fc65412a0b97abc35d2d48f0037ab21f612a40fbcc1920f35d7c578e
race	sentence	paper	global_complete_case_mnar	all	row_pooled	qwen2.5-14b-instruct	llama3.3-70b-instruct	aitchison_magnitude_r	pearson_r	145544	18639	825	0.1280643654152696	0.7286956367245331	0.7147244570602271	0.7422467580861494	500	500	51385ad7fc65412a0b97abc35d2d48f0037ab21f612a40fbcc1920f35d7c578e
race	sentence	paper	global_complete_case_mnar	all	row_pooled	qwen2.5-14b-instruct	llama3.3-70b-instruct	fisher_rao_magnitude_r	pearson_r	145544	18639	825	0.1280643654152696	0.48870669792215055	0.4639852224435833	0.5153387724372253	500	500	51385ad7fc65412a0b97abc35d2d48f0037ab21f612a40fbcc1920f35d7c578e
race	sentence	paper	global_complete_case_mnar	all	row_pooled	qwen2.5-14b-instruct	llama3.3-70b-instruct	fisher_local_magnitude_r	pearson_r	145544	18639	825	0.1280643654152696	0.15459460330427738	0.09960542560515848	0.21530404549404034	500	500	51385ad7fc65412a0b97abc35d2d48f0037ab21f612a40fbcc1920f35d7c578e
race	sentence	paper	global_complete_case_mnar	all	prompt_equal	qwen2.5-14b-instruct	llama3.3-70b-instruct	signed_frobenius_r	pearson_r	145544	18639	825	0.1280643654152696	0.6252806935050861	0.6061679482398806	0.6429841643847923	500	500	51385ad7fc65412a0b97abc35d2d48f0037ab21f612a40fbcc1920f35d7c578e
race	sentence	paper	global_complete_case_mnar	all	prompt_equal	qwen2.5-14b-instruct	llama3.3-70b-instruct	direction_cosine	mean_cosine	145544	18639	825	0.1280643654152696	0.2711524076735001	0.2577165380944717	0.28380532889845694	500	500	51385ad7fc65412a0b97abc35d2d48f0037ab21f612a40fbcc1920f35d7c578e
race	sentence	paper	global_complete_case_mnar	all	prompt_equal	qwen2.5-14b-instruct	llama3.3-70b-instruct	linear_cka	cka	145544	18639	825	0.1280643654152696	0.39754363731883785	0.37457591288390524	0.42057328266389615	500	500	51385ad7fc65412a0b97abc35d2d48f0037ab21f612a40fbcc1920f35d7c578e
race	sentence	paper	global_complete_case_mnar	all	prompt_equal	qwen2.5-14b-instruct	llama3.3-70b-instruct	aitchison_magnitude_r	pearson_r	145544	18639	825	0.1280643654152696	0.7376172193912773	0.722402970156071	0.7514563421472337	500	500	51385ad7fc65412a0b97abc35d2d48f0037ab21f612a40fbcc1920f35d7c578e
race	sentence	paper	global_complete_case_mnar	all	prompt_equal	qwen2.5-14b-instruct	llama3.3-70b-instruct	fisher_rao_magnitude_r	pearson_r	145544	18639	825	0.1280643654152696	0.513391880701471	0.4883754720998064	0.5386653259436773	500	500	51385ad7fc65412a0b97abc35d2d48f0037ab21f612a40fbcc1920f35d7c578e
race	sentence	paper	global_complete_case_mnar	all	prompt_equal	qwen2.5-14b-instruct	llama3.3-70b-instruct	fisher_local_magnitude_r	pearson_r	145544	18639	825	0.1280643654152696	0.12425787282974214	0.07884036073668371	0.1755045039185606	500	500	51385ad7fc65412a0b97abc35d2d48f0037ab21f612a40fbcc1920f35d7c578e
race	sentence	paper	global_complete_case_mnar	system	row_pooled	qwen2.5-14b-instruct	llama3.3-70b-instruct	signed_frobenius_r	pearson_r	14802	936	592	0.06323469801378193	0.05460440129702436	0.013359208736652828	0.09621166428603023	500	500	3bab359b248413ff4b82309794d35425270ef3b1017c60cd7de1b91b484ad9f9
race	sentence	paper	global_complete_case_mnar	system	row_pooled	qwen2.5-14b-instruct	llama3.3-70b-instruct	direction_cosine	mean_cosine	14802	936	592	0.06323469801378193	-0.011049115879650063	-0.04844180536776707	0.02357591638160567	500	500	3bab359b248413ff4b82309794d35425270ef3b1017c60cd7de1b91b484ad9f9
race	sentence	paper	global_complete_case_mnar	system	row_pooled	qwen2.5-14b-instruct	llama3.3-70b-instruct	linear_cka	cka	14802	936	592	0.06323469801378193	0.010442245613993985	0.0064484889333082385	0.024062676641994282	500	500	3bab359b248413ff4b82309794d35425270ef3b1017c60cd7de1b91b484ad9f9
race	sentence	paper	global_complete_case_mnar	system	row_pooled	qwen2.5-14b-instruct	llama3.3-70b-instruct	aitchison_magnitude_r	pearson_r	14802	936	592	0.06323469801378193	0.14592433249489797	0.07001319074245797	0.21799130407905773	500	500	3bab359b248413ff4b82309794d35425270ef3b1017c60cd7de1b91b484ad9f9
race	sentence	paper	global_complete_case_mnar	system	row_pooled	qwen2.5-14b-instruct	llama3.3-70b-instruct	fisher_rao_magnitude_r	pearson_r	14802	936	592	0.06323469801378193	0.1213820495817623	0.02621741672721898	0.21535844723558292	500	500	3bab359b248413ff4b82309794d35425270ef3b1017c60cd7de1b91b484ad9f9
race	sentence	paper	global_complete_case_mnar	system	row_pooled	qwen2.5-14b-instruct	llama3.3-70b-instruct	fisher_local_magnitude_r	pearson_r	14802	936	592	0.06323469801378193	0.09719298544756716	0.011143093809035493	0.201999545322187	500	500	3bab359b248413ff4b82309794d35425270ef3b1017c60cd7de1b91b484ad9f9
race	sentence	paper	global_complete_case_mnar	system	prompt_equal	qwen2.5-14b-instruct	llama3.3-70b-instruct	signed_frobenius_r	pearson_r	14802	936	592	0.06323469801378193	0.05475656987817054	0.01229133862658094	0.09735896849917429	500	500	3bab359b248413ff4b82309794d35425270ef3b1017c60cd7de1b91b484ad9f9
race	sentence	paper	global_complete_case_mnar	system	prompt_equal	qwen2.5-14b-instruct	llama3.3-70b-instruct	direction_cosine	mean_cosine	14802	936	592	0.06323469801378193	-0.027187237221138215	-0.06818988176221939	0.011729635837900597	500	500	3bab359b248413ff4b82309794d35425270ef3b1017c60cd7de1b91b484ad9f9
race	sentence	paper	global_complete_case_mnar	system	prompt_equal	qwen2.5-14b-instruct	llama3.3-70b-instruct	linear_cka	cka	14802	936	592	0.06323469801378193	0.010757966800192446	0.00601934590829324	0.027181668646500484	500	500	3bab359b248413ff4b82309794d35425270ef3b1017c60cd7de1b91b484ad9f9
race	sentence	paper	global_complete_case_mnar	system	prompt_equal	qwen2.5-14b-instruct	llama3.3-70b-instruct	aitchison_magnitude_r	pearson_r	14802	936	592	0.06323469801378193	0.15752214631062825	0.07454904881392713	0.23682810255647324	500	500	3bab359b248413ff4b82309794d35425270ef3b1017c60cd7de1b91b484ad9f9
race	sentence	paper	global_complete_case_mnar	system	prompt_equal	qwen2.5-14b-instruct	llama3.3-70b-instruct	fisher_rao_magnitude_r	pearson_r	14802	936	592	0.06323469801378193	0.10949313224497362	0.022153822681302216	0.19837520694749097	500	500	3bab359b248413ff4b82309794d35425270ef3b1017c60cd7de1b91b484ad9f9
race	sentence	paper	global_complete_case_mnar	system	prompt_equal	qwen2.5-14b-instruct	llama3.3-70b-instruct	fisher_local_magnitude_r	pearson_r	14802	936	592	0.06323469801378193	0.08428637194583401	0.008753925023076502	0.17719397808022996	500	500	3bab359b248413ff4b82309794d35425270ef3b1017c60cd7de1b91b484ad9f9
race	sentence	paper	global_complete_case_mnar	user	row_pooled	qwen2.5-14b-instruct	llama3.3-70b-instruct	signed_frobenius_r	pearson_r	130742	17703	825	0.1354040782610026	0.6008296820045698	0.5821951910420721	0.6184255373689506	500	500	f4dfff463588ac5ae026c9a5714d6982ed65510e3f0ce476ecc721a02f2aa318
race	sentence	paper	global_complete_case_mnar	user	row_pooled	qwen2.5-14b-instruct	llama3.3-70b-instruct	direction_cosine	mean_cosine	130742	17703	825	0.1354040782610026	0.25985233745089265	0.24584500649105742	0.27426817612032295	500	500	f4dfff463588ac5ae026c9a5714d6982ed65510e3f0ce476ecc721a02f2aa318
race	sentence	paper	global_complete_case_mnar	user	row_pooled	qwen2.5-14b-instruct	llama3.3-70b-instruct	linear_cka	cka	130742	17703	825	0.1354040782610026	0.3671189800190909	0.3439821502293152	0.3888176897481423	500	500	f4dfff463588ac5ae026c9a5714d6982ed65510e3f0ce476ecc721a02f2aa318
race	sentence	paper	global_complete_case_mnar	user	row_pooled	qwen2.5-14b-instruct	llama3.3-70b-instruct	aitchison_magnitude_r	pearson_r	130742	17703	825	0.1354040782610026	0.727861670771939	0.7139141545864346	0.7418914124982618	500	500	f4dfff463588ac5ae026c9a5714d6982ed65510e3f0ce476ecc721a02f2aa318
race	sentence	paper	global_complete_case_mnar	user	row_pooled	qwen2.5-14b-instruct	llama3.3-70b-instruct	fisher_rao_magnitude_r	pearson_r	130742	17703	825	0.1354040782610026	0.4890035536593621	0.4596933551876754	0.5164296411774599	500	500	f4dfff463588ac5ae026c9a5714d6982ed65510e3f0ce476ecc721a02f2aa318
race	sentence	paper	global_complete_case_mnar	user	row_pooled	qwen2.5-14b-instruct	llama3.3-70b-instruct	fisher_local_magnitude_r	pearson_r	130742	17703	825	0.1354040782610026	0.15463906846927225	0.0906875124340778	0.22091265136629945	500	500	f4dfff463588ac5ae026c9a5714d6982ed65510e3f0ce476ecc721a02f2aa318
race	sentence	paper	global_complete_case_mnar	user	prompt_equal	qwen2.5-14b-instruct	llama3.3-70b-instruct	signed_frobenius_r	pearson_r	130742	17703	825	0.1354040782610026	0.6265380426532446	0.6086012861921758	0.6450315792923343	500	500	f4dfff463588ac5ae026c9a5714d6982ed65510e3f0ce476ecc721a02f2aa318
race	sentence	paper	global_complete_case_mnar	user	prompt_equal	qwen2.5-14b-instruct	llama3.3-70b-instruct	direction_cosine	mean_cosine	130742	17703	825	0.1354040782610026	0.28582893626927	0.2728825104397123	0.30092548425722826	500	500	f4dfff463588ac5ae026c9a5714d6982ed65510e3f0ce476ecc721a02f2aa318
race	sentence	paper	global_complete_case_mnar	user	prompt_equal	qwen2.5-14b-instruct	llama3.3-70b-instruct	linear_cka	cka	130742	17703	825	0.1354040782610026	0.3992428342584064	0.3771879179635427	0.4235807949908241	500	500	f4dfff463588ac5ae026c9a5714d6982ed65510e3f0ce476ecc721a02f2aa318
race	sentence	paper	global_complete_case_mnar	user	prompt_equal	qwen2.5-14b-instruct	llama3.3-70b-instruct	aitchison_magnitude_r	pearson_r	130742	17703	825	0.1354040782610026	0.7348748542911875	0.7196595954889938	0.7504941966884269	500	500	f4dfff463588ac5ae026c9a5714d6982ed65510e3f0ce476ecc721a02f2aa318
race	sentence	paper	global_complete_case_mnar	user	prompt_equal	qwen2.5-14b-instruct	llama3.3-70b-instruct	fisher_rao_magnitude_r	pearson_r	130742	17703	825	0.1354040782610026	0.5110971868082013	0.4830273488617374	0.5380253129492895	500	500	f4dfff463588ac5ae026c9a5714d6982ed65510e3f0ce476ecc721a02f2aa318
race	sentence	paper	global_complete_case_mnar	user	prompt_equal	qwen2.5-14b-instruct	llama3.3-70b-instruct	fisher_local_magnitude_r	pearson_r	130742	17703	825	0.1354040782610026	0.12268239918471176	0.07035953584035905	0.18066181933459965	500	500	f4dfff463588ac5ae026c9a5714d6982ed65510e3f0ce476ecc721a02f2aa318
race	sentence	paper	global_complete_case_mnar	prediction	row_pooled	qwen2.5-14b-instruct	llama4-maverick-17b-128e-instruct	signed_frobenius_r	pearson_r	4934	825	825	0.16720713417105795	0.7860573617349931	0.7673852309619933	0.8026597685778842	500	500	bb39c2d2fc4a8ec99452fbbab44f2b1aedd932bc8338ac64de82b714d19ca319
race	sentence	paper	global_complete_case_mnar	prediction	row_pooled	qwen2.5-14b-instruct	llama4-maverick-17b-128e-instruct	direction_cosine	mean_cosine	4934	825	825	0.16720713417105795	0.7408473772790121	0.7148318033341005	0.765340094409977	500	500	bb39c2d2fc4a8ec99452fbbab44f2b1aedd932bc8338ac64de82b714d19ca319
race	sentence	paper	global_complete_case_mnar	prediction	row_pooled	qwen2.5-14b-instruct	llama4-maverick-17b-128e-instruct	linear_cka	cka	4934	825	825	0.16720713417105795	0.6172139207866235	0.5897027365948178	0.6452315731632272	500	500	bb39c2d2fc4a8ec99452fbbab44f2b1aedd932bc8338ac64de82b714d19ca319
race	sentence	paper	global_complete_case_mnar	all	row_pooled	qwen2.5-14b-instruct	llama4-maverick-17b-128e-instruct	signed_frobenius_r	pearson_r	145544	18639	825	0.1280643654152696	0.5702394149578789	0.5533361490471447	0.5882694053091394	500	500	51385ad7fc65412a0b97abc35d2d48f0037ab21f612a40fbcc1920f35d7c578e
race	sentence	paper	global_complete_case_mnar	all	row_pooled	qwen2.5-14b-instruct	llama4-maverick-17b-128e-instruct	direction_cosine	mean_cosine	145544	18639	825	0.1280643654152696	0.2155408046076991	0.2028809742395556	0.2288513196115556	500	500	51385ad7fc65412a0b97abc35d2d48f0037ab21f612a40fbcc1920f35d7c578e
race	sentence	paper	global_complete_case_mnar	all	row_pooled	qwen2.5-14b-instruct	llama4-maverick-17b-128e-instruct	linear_cka	cka	145544	18639	825	0.1280643654152696	0.326495686713423	0.307939286269723	0.3476671688196062	500	500	51385ad7fc65412a0b97abc35d2d48f0037ab21f612a40fbcc1920f35d7c578e
race	sentence	paper	global_complete_case_mnar	all	row_pooled	qwen2.5-14b-instruct	llama4-maverick-17b-128e-instruct	aitchison_magnitude_r	pearson_r	145544	18639	825	0.1280643654152696	0.7055272953361836	0.6917001955831733	0.7207113260467485	500	500	51385ad7fc65412a0b97abc35d2d48f0037ab21f612a40fbcc1920f35d7c578e
race	sentence	paper	global_complete_case_mnar	all	row_pooled	qwen2.5-14b-instruct	llama4-maverick-17b-128e-instruct	fisher_rao_magnitude_r	pearson_r	145544	18639	825	0.1280643654152696	0.4450082528349882	0.42133872658346566	0.47536882908230627	500	500	51385ad7fc65412a0b97abc35d2d48f0037ab21f612a40fbcc1920f35d7c578e
race	sentence	paper	global_complete_case_mnar	all	row_pooled	qwen2.5-14b-instruct	llama4-maverick-17b-128e-instruct	fisher_local_magnitude_r	pearson_r	145544	18639	825	0.1280643654152696	0.09904094757815456	0.04729068581066584	0.16070128228608982	500	500	51385ad7fc65412a0b97abc35d2d48f0037ab21f612a40fbcc1920f35d7c578e
race	sentence	paper	global_complete_case_mnar	all	prompt_equal	qwen2.5-14b-instruct	llama4-maverick-17b-128e-instruct	signed_frobenius_r	pearson_r	145544	18639	825	0.1280643654152696	0.5994519189202029	0.5824345505349848	0.6165667839886662	500	500	51385ad7fc65412a0b97abc35d2d48f0037ab21f612a40fbcc1920f35d7c578e
race	sentence	paper	global_complete_case_mnar	all	prompt_equal	qwen2.5-14b-instruct	llama4-maverick-17b-128e-instruct	direction_cosine	mean_cosine	145544	18639	825	0.1280643654152696	0.24050730109997046	0.22870376647883991	0.25352733605614475	500	500	51385ad7fc65412a0b97abc35d2d48f0037ab21f612a40fbcc1920f35d7c578e
race	sentence	paper	global_complete_case_mnar	all	prompt_equal	qwen2.5-14b-instruct	llama4-maverick-17b-128e-instruct	linear_cka	cka	145544	18639	825	0.1280643654152696	0.36158820667438324	0.34123307844977496	0.38252255085010656	500	500	51385ad7fc65412a0b97abc35d2d48f0037ab21f612a40fbcc1920f35d7c578e
race	sentence	paper	global_complete_case_mnar	all	prompt_equal	qwen2.5-14b-instruct	llama4-maverick-17b-128e-instruct	aitchison_magnitude_r	pearson_r	145544	18639	825	0.1280643654152696	0.7168377858170245	0.7016551607642916	0.7317637119787994	500	500	51385ad7fc65412a0b97abc35d2d48f0037ab21f612a40fbcc1920f35d7c578e
race	sentence	paper	global_complete_case_mnar	all	prompt_equal	qwen2.5-14b-instruct	llama4-maverick-17b-128e-instruct	fisher_rao_magnitude_r	pearson_r	145544	18639	825	0.1280643654152696	0.46984261960663615	0.44497011073208353	0.5005860033689012	500	500	51385ad7fc65412a0b97abc35d2d48f0037ab21f612a40fbcc1920f35d7c578e
race	sentence	paper	global_complete_case_mnar	all	prompt_equal	qwen2.5-14b-instruct	llama4-maverick-17b-128e-instruct	fisher_local_magnitude_r	pearson_r	145544	18639	825	0.1280643654152696	0.09289873002314639	0.04046576925385489	0.15637459913247542	500	500	51385ad7fc65412a0b97abc35d2d48f0037ab21f612a40fbcc1920f35d7c578e
race	sentence	paper	global_complete_case_mnar	system	row_pooled	qwen2.5-14b-instruct	llama4-maverick-17b-128e-instruct	signed_frobenius_r	pearson_r	14802	936	592	0.06323469801378193	0.04075876945568145	0.0010253003215043416	0.08239697923204947	500	500	3bab359b248413ff4b82309794d35425270ef3b1017c60cd7de1b91b484ad9f9
race	sentence	paper	global_complete_case_mnar	system	row_pooled	qwen2.5-14b-instruct	llama4-maverick-17b-128e-instruct	direction_cosine	mean_cosine	14802	936	592	0.06323469801378193	-0.04628082342905128	-0.08330044856433158	-0.004951644742290786	500	500	3bab359b248413ff4b82309794d35425270ef3b1017c60cd7de1b91b484ad9f9
race	sentence	paper	global_complete_case_mnar	system	row_pooled	qwen2.5-14b-instruct	llama4-maverick-17b-128e-instruct	linear_cka	cka	14802	936	592	0.06323469801378193	0.007911443137186638	0.004830136765763939	0.02118725349827366	500	500	3bab359b248413ff4b82309794d35425270ef3b1017c60cd7de1b91b484ad9f9
race	sentence	paper	global_complete_case_mnar	system	row_pooled	qwen2.5-14b-instruct	llama4-maverick-17b-128e-instruct	aitchison_magnitude_r	pearson_r	14802	936	592	0.06323469801378193	0.10796773761586353	0.05119908412439428	0.16809971790697834	500	500	3bab359b248413ff4b82309794d35425270ef3b1017c60cd7de1b91b484ad9f9
race	sentence	paper	global_complete_case_mnar	system	row_pooled	qwen2.5-14b-instruct	llama4-maverick-17b-128e-instruct	fisher_rao_magnitude_r	pearson_r	14802	936	592	0.06323469801378193	0.07079041108152083	-0.011019877794254713	0.15105332362497037	500	500	3bab359b248413ff4b82309794d35425270ef3b1017c60cd7de1b91b484ad9f9
race	sentence	paper	global_complete_case_mnar	system	row_pooled	qwen2.5-14b-instruct	llama4-maverick-17b-128e-instruct	fisher_local_magnitude_r	pearson_r	14802	936	592	0.06323469801378193	0.08819892939455992	-0.005512263808399365	0.19211863753495892	500	500	3bab359b248413ff4b82309794d35425270ef3b1017c60cd7de1b91b484ad9f9
race	sentence	paper	global_complete_case_mnar	system	prompt_equal	qwen2.5-14b-instruct	llama4-maverick-17b-128e-instruct	signed_frobenius_r	pearson_r	14802	936	592	0.06323469801378193	0.027683740045209192	-0.014237386785079043	0.06933304557147425	500	500	3bab359b248413ff4b82309794d35425270ef3b1017c60cd7de1b91b484ad9f9
race	sentence	paper	global_complete_case_mnar	system	prompt_equal	qwen2.5-14b-instruct	llama4-maverick-17b-128e-instruct	direction_cosine	mean_cosine	14802	936	592	0.06323469801378193	-0.06649591374694107	-0.1031869264594988	-0.022375149203639016	500	500	3bab359b248413ff4b82309794d35425270ef3b1017c60cd7de1b91b484ad9f9
race	sentence	paper	global_complete_case_mnar	system	prompt_equal	qwen2.5-14b-instruct	llama4-maverick-17b-128e-instruct	linear_cka	cka	14802	936	592	0.06323469801378193	0.00861949645022925	0.004870631099148901	0.0230239375250418	500	500	3bab359b248413ff4b82309794d35425270ef3b1017c60cd7de1b91b484ad9f9
race	sentence	paper	global_complete_case_mnar	system	prompt_equal	qwen2.5-14b-instruct	llama4-maverick-17b-128e-instruct	aitchison_magnitude_r	pearson_r	14802	936	592	0.06323469801378193	0.11149761780039943	0.05174439591329561	0.17545008552047836	500	500	3bab359b248413ff4b82309794d35425270ef3b1017c60cd7de1b91b484ad9f9
race	sentence	paper	global_complete_case_mnar	system	prompt_equal	qwen2.5-14b-instruct	llama4-maverick-17b-128e-instruct	fisher_rao_magnitude_r	pearson_r	14802	936	592	0.06323469801378193	0.07879388108270109	-0.0072211252745834655	0.16931018297592124	500	500	3bab359b248413ff4b82309794d35425270ef3b1017c60cd7de1b91b484ad9f9
race	sentence	paper	global_complete_case_mnar	system	prompt_equal	qwen2.5-14b-instruct	llama4-maverick-17b-128e-instruct	fisher_local_magnitude_r	pearson_r	14802	936	592	0.06323469801378193	0.08109538202958719	-0.0021397742304802066	0.17978145293152425	500	500	3bab359b248413ff4b82309794d35425270ef3b1017c60cd7de1b91b484ad9f9
race	sentence	paper	global_complete_case_mnar	user	row_pooled	qwen2.5-14b-instruct	llama4-maverick-17b-128e-instruct	signed_frobenius_r	pearson_r	130742	17703	825	0.1354040782610026	0.5755554436761465	0.5581964206861398	0.5961070016306422	500	500	f4dfff463588ac5ae026c9a5714d6982ed65510e3f0ce476ecc721a02f2aa318
race	sentence	paper	global_complete_case_mnar	user	row_pooled	qwen2.5-14b-instruct	llama4-maverick-17b-128e-instruct	direction_cosine	mean_cosine	130742	17703	825	0.1354040782610026	0.22939411403915183	0.2149838477383765	0.2436105266239477	500	500	f4dfff463588ac5ae026c9a5714d6982ed65510e3f0ce476ecc721a02f2aa318
race	sentence	paper	global_complete_case_mnar	user	row_pooled	qwen2.5-14b-instruct	llama4-maverick-17b-128e-instruct	linear_cka	cka	130742	17703	825	0.1354040782610026	0.33242981831999296	0.31294211747258127	0.3572408038172266	500	500	f4dfff463588ac5ae026c9a5714d6982ed65510e3f0ce476ecc721a02f2aa318
race	sentence	paper	global_complete_case_mnar	user	row_pooled	qwen2.5-14b-instruct	llama4-maverick-17b-128e-instruct	aitchison_magnitude_r	pearson_r	130742	17703	825	0.1354040782610026	0.7066888250494938	0.6926667926897359	0.7219359410521409	500	500	f4dfff463588ac5ae026c9a5714d6982ed65510e3f0ce476ecc721a02f2aa318
race	sentence	paper	global_complete_case_mnar	user	row_pooled	qwen2.5-14b-instruct	llama4-maverick-17b-128e-instruct	fisher_rao_magnitude_r	pearson_r	130742	17703	825	0.1354040782610026	0.44766811283831215	0.4239659203302353	0.4747061809831203	500	500	f4dfff463588ac5ae026c9a5714d6982ed65510e3f0ce476ecc721a02f2aa318
race	sentence	paper	global_complete_case_mnar	user	row_pooled	qwen2.5-14b-instruct	llama4-maverick-17b-128e-instruct	fisher_local_magnitude_r	pearson_r	130742	17703	825	0.1354040782610026	0.09918865243295348	0.04366777361825981	0.1533146657140925	500	500	f4dfff463588ac5ae026c9a5714d6982ed65510e3f0ce476ecc721a02f2aa318
race	sentence	paper	global_complete_case_mnar	user	prompt_equal	qwen2.5-14b-instruct	llama4-maverick-17b-128e-instruct	signed_frobenius_r	pearson_r	130742	17703	825	0.1354040782610026	0.6016253196955862	0.5824439562233761	0.6215179611567151	500	500	f4dfff463588ac5ae026c9a5714d6982ed65510e3f0ce476ecc721a02f2aa318
race	sentence	paper	global_complete_case_mnar	user	prompt_equal	qwen2.5-14b-instruct	llama4-maverick-17b-128e-instruct	direction_cosine	mean_cosine	130742	17703	825	0.1354040782610026	0.25564942000126795	0.2413112330550533	0.269701222145893	500	500	f4dfff463588ac5ae026c9a5714d6982ed65510e3f0ce476ecc721a02f2aa318
race	sentence	paper	global_complete_case_mnar	user	prompt_equal	qwen2.5-14b-instruct	llama4-maverick-17b-128e-instruct	linear_cka	cka	130742	17703	825	0.1354040782610026	0.3639730740665537	0.34097022338771465	0.38890366214475236	500	500	f4dfff463588ac5ae026c9a5714d6982ed65510e3f0ce476ecc721a02f2aa318
race	sentence	paper	global_complete_case_mnar	user	prompt_equal	qwen2.5-14b-instruct	llama4-maverick-17b-128e-instruct	aitchison_magnitude_r	pearson_r	130742	17703	825	0.1354040782610026	0.7155810437524034	0.7012797224864874	0.7321191625946489	500	500	f4dfff463588ac5ae026c9a5714d6982ed65510e3f0ce476ecc721a02f2aa318
race	sentence	paper	global_complete_case_mnar	user	prompt_equal	qwen2.5-14b-instruct	llama4-maverick-17b-128e-instruct	fisher_rao_magnitude_r	pearson_r	130742	17703	825	0.1354040782610026	0.46886170470343064	0.4427237065882361	0.4950238869710651	500	500	f4dfff463588ac5ae026c9a5714d6982ed65510e3f0ce476ecc721a02f2aa318
race	sentence	paper	global_complete_case_mnar	user	prompt_equal	qwen2.5-14b-instruct	llama4-maverick-17b-128e-instruct	fisher_local_magnitude_r	pearson_r	130742	17703	825	0.1354040782610026	0.09334296726947904	0.04090053109252373	0.14500193291636887	500	500	f4dfff463588ac5ae026c9a5714d6982ed65510e3f0ce476ecc721a02f2aa318
race	sentence	paper	global_complete_case_mnar	prediction	row_pooled	qwen2.5-14b-instruct	gpt-4o	signed_frobenius_r	pearson_r	4934	825	825	0.16720713417105795	0.8164845496406528	0.8003354620212142	0.8323506608103657	500	500	bb39c2d2fc4a8ec99452fbbab44f2b1aedd932bc8338ac64de82b714d19ca319
race	sentence	paper	global_complete_case_mnar	prediction	row_pooled	qwen2.5-14b-instruct	gpt-4o	direction_cosine	mean_cosine	4934	825	825	0.16720713417105795	0.7800544174447003	0.7581199016298255	0.8029226990883398	500	500	bb39c2d2fc4a8ec99452fbbab44f2b1aedd932bc8338ac64de82b714d19ca319
race	sentence	paper	global_complete_case_mnar	prediction	row_pooled	qwen2.5-14b-instruct	gpt-4o	linear_cka	cka	4934	825	825	0.16720713417105795	0.6665582182181368	0.6420622308090264	0.6939999666585429	500	500	bb39c2d2fc4a8ec99452fbbab44f2b1aedd932bc8338ac64de82b714d19ca319
race	sentence	paper	global_complete_case_mnar	all	row_pooled	qwen2.5-14b-instruct	gpt-4o	signed_frobenius_r	pearson_r	145544	18639	825	0.1280643654152696	0.5401914076668537	0.5223679665484198	0.5566758640950334	500	500	51385ad7fc65412a0b97abc35d2d48f0037ab21f612a40fbcc1920f35d7c578e
race	sentence	paper	global_complete_case_mnar	all	row_pooled	qwen2.5-14b-instruct	gpt-4o	direction_cosine	mean_cosine	145544	18639	825	0.1280643654152696	0.21338793263375747	0.20087586136264754	0.22594887767458882	500	500	51385ad7fc65412a0b97abc35d2d48f0037ab21f612a40fbcc1920f35d7c578e
race	sentence	paper	global_complete_case_mnar	all	row_pooled	qwen2.5-14b-instruct	gpt-4o	linear_cka	cka	145544	18639	825	0.1280643654152696	0.29324629212824493	0.27395122305237246	0.31227372973311596	500	500	51385ad7fc65412a0b97abc35d2d48f0037ab21f612a40fbcc1920f35d7c578e
race	sentence	paper	global_complete_case_mnar	all	row_pooled	qwen2.5-14b-instruct	gpt-4o	aitchison_magnitude_r	pearson_r	145544	18639	825	0.1280643654152696	0.6790476319317102	0.6635133790927144	0.6934745700557853	500	500	51385ad7fc65412a0b97abc35d2d48f0037ab21f612a40fbcc1920f35d7c578e
race	sentence	paper	global_complete_case_mnar	all	row_pooled	qwen2.5-14b-instruct	gpt-4o	fisher_rao_magnitude_r	pearson_r	145544	18639	825	0.1280643654152696	0.46714212867447474	0.4429757069268953	0.4941951474050025	500	500	51385ad7fc65412a0b97abc35d2d48f0037ab21f612a40fbcc1920f35d7c578e
race	sentence	paper	global_complete_case_mnar	all	row_pooled	qwen2.5-14b-instruct	gpt-4o	fisher_local_magnitude_r	pearson_r	145544	18639	825	0.1280643654152696	0.1420585151235254	0.08323527428025229	0.2044880099694303	500	500	51385ad7fc65412a0b97abc35d2d48f0037ab21f612a40fbcc1920f35d7c578e
race	sentence	paper	global_complete_case_mnar	all	prompt_equal	qwen2.5-14b-instruct	gpt-4o	signed_frobenius_r	pearson_r	145544	18639	825	0.1280643654152696	0.5717071098163893	0.5534932436332386	0.5890192229186806	500	500	51385ad7fc65412a0b97abc35d2d48f0037ab21f612a40fbcc1920f35d7c578e
race	sentence	paper	global_complete_case_mnar	all	prompt_equal	qwen2.5-14b-instruct	gpt-4o	direction_cosine	mean_cosine	145544	18639	825	0.1280643654152696	0.24116529600174055	0.2285174385563614	0.25404050658155086	500	500	51385ad7fc65412a0b97abc35d2d48f0037ab21f612a40fbcc1920f35d7c578e
race	sentence	paper	global_complete_case_mnar	all	prompt_equal	qwen2.5-14b-instruct	gpt-4o	linear_cka	cka	145544	18639	825	0.1280643654152696	0.32759719837301127	0.30806074253805993	0.34823415008307224	500	500	51385ad7fc65412a0b97abc35d2d48f0037ab21f612a40fbcc1920f35d7c578e
race	sentence	paper	global_complete_case_mnar	all	prompt_equal	qwen2.5-14b-instruct	gpt-4o	aitchison_magnitude_r	pearson_r	145544	18639	825	0.1280643654152696	0.6970268919635411	0.6798441681431071	0.713389665402949	500	500	51385ad7fc65412a0b97abc35d2d48f0037ab21f612a40fbcc1920f35d7c578e
race	sentence	paper	global_complete_case_mnar	all	prompt_equal	qwen2.5-14b-instruct	gpt-4o	fisher_rao_magnitude_r	pearson_r	145544	18639	825	0.1280643654152696	0.5007275752813112	0.4743553293927701	0.5280087395051174	500	500	51385ad7fc65412a0b97abc35d2d48f0037ab21f612a40fbcc1920f35d7c578e
race	sentence	paper	global_complete_case_mnar	all	prompt_equal	qwen2.5-14b-instruct	gpt-4o	fisher_local_magnitude_r	pearson_r	145544	18639	825	0.1280643654152696	0.1423297848208191	0.0838171236660909	0.1979178757023071	500	500	51385ad7fc65412a0b97abc35d2d48f0037ab21f612a40fbcc1920f35d7c578e
race	sentence	paper	global_complete_case_mnar	system	row_pooled	qwen2.5-14b-instruct	gpt-4o	signed_frobenius_r	pearson_r	14802	936	592	0.06323469801378193	0.029723624921519455	-0.02187898505828205	0.07919966108132886	500	500	3bab359b248413ff4b82309794d35425270ef3b1017c60cd7de1b91b484ad9f9
race	sentence	paper	global_complete_case_mnar	system	row_pooled	qwen2.5-14b-instruct	gpt-4o	direction_cosine	mean_cosine	14802	936	592	0.06323469801378193	0.013547106810267127	-0.029447079205048673	0.055834310784370796	500	500	3bab359b248413ff4b82309794d35425270ef3b1017c60cd7de1b91b484ad9f9
race	sentence	paper	global_complete_case_mnar	system	row_pooled	qwen2.5-14b-instruct	gpt-4o	linear_cka	cka	14802	936	592	0.06323469801378193	0.008283471352584951	0.003793251484288198	0.024305298831101312	500	500	3bab359b248413ff4b82309794d35425270ef3b1017c60cd7de1b91b484ad9f9
race	sentence	paper	global_complete_case_mnar	system	row_pooled	qwen2.5-14b-instruct	gpt-4o	aitchison_magnitude_r	pearson_r	14802	936	592	0.06323469801378193	0.08281416412004362	0.008992600974761556	0.15519442401680875	500	500	3bab359b248413ff4b82309794d35425270ef3b1017c60cd7de1b91b484ad9f9
race	sentence	paper	global_complete_case_mnar	system	row_pooled	qwen2.5-14b-instruct	gpt-4o	fisher_rao_magnitude_r	pearson_r	14802	936	592	0.06323469801378193	0.11968866910938179	0.04977834830853369	0.1953407872614231	500	500	3bab359b248413ff4b82309794d35425270ef3b1017c60cd7de1b91b484ad9f9
race	sentence	paper	global_complete_case_mnar	system	row_pooled	qwen2.5-14b-instruct	gpt-4o	fisher_local_magnitude_r	pearson_r	14802	936	592	0.06323469801378193	0.1567070878905972	0.040487754876836216	0.3189096818137881	500	500	3bab359b248413ff4b82309794d35425270ef3b1017c60cd7de1b91b484ad9f9
race	sentence	paper	global_complete_case_mnar	system	prompt_equal	qwen2.5-14b-instruct	gpt-4o	signed_frobenius_r	pearson_r	14802	936	592	0.06323469801378193	0.019501574737036297	-0.030868378251016175	0.07077050601014265	500	500	3bab359b248413ff4b82309794d35425270ef3b1017c60cd7de1b91b484ad9f9
race	sentence	paper	global_complete_case_mnar	system	prompt_equal	qwen2.5-14b-instruct	gpt-4o	direction_cosine	mean_cosine	14802	936	592	0.06323469801378193	-0.0023560257645255617	-0.04693524355482495	0.04165434173824722	500	500	3bab359b248413ff4b82309794d35425270ef3b1017c60cd7de1b91b484ad9f9
race	sentence	paper	global_complete_case_mnar	system	prompt_equal	qwen2.5-14b-instruct	gpt-4o	linear_cka	cka	14802	936	592	0.06323469801378193	0.006044695014339736	0.0031324136651188794	0.020836142552396044	500	500	3bab359b248413ff4b82309794d35425270ef3b1017c60cd7de1b91b484ad9f9
race	sentence	paper	global_complete_case_mnar	system	prompt_equal	qwen2.5-14b-instruct	gpt-4o	aitchison_magnitude_r	pearson_r	14802	936	592	0.06323469801378193	0.07965871348628713	0.006282130484284689	0.1579446592605281	500	500	3bab359b248413ff4b82309794d35425270ef3b1017c60cd7de1b91b484ad9f9
race	sentence	paper	global_complete_case_mnar	system	prompt_equal	qwen2.5-14b-instruct	gpt-4o	fisher_rao_magnitude_r	pearson_r	14802	936	592	0.06323469801378193	0.11730096099345884	0.050898436157409646	0.19372199170727725	500	500	3bab359b248413ff4b82309794d35425270ef3b1017c60cd7de1b91b484ad9f9
race	sentence	paper	global_complete_case_mnar	system	prompt_equal	qwen2.5-14b-instruct	gpt-4o	fisher_local_magnitude_r	pearson_r	14802	936	592	0.06323469801378193	0.1458743396747007	0.043333368063768016	0.2876388547140699	500	500	3bab359b248413ff4b82309794d35425270ef3b1017c60cd7de1b91b484ad9f9
race	sentence	paper	global_complete_case_mnar	user	row_pooled	qwen2.5-14b-instruct	gpt-4o	signed_frobenius_r	pearson_r	130742	17703	825	0.1354040782610026	0.5475225385150472	0.5298847602420477	0.564994459153997	500	500	f4dfff463588ac5ae026c9a5714d6982ed65510e3f0ce476ecc721a02f2aa318
race	sentence	paper	global_complete_case_mnar	user	row_pooled	qwen2.5-14b-instruct	gpt-4o	direction_cosine	mean_cosine	130742	17703	825	0.1354040782610026	0.2239539956157824	0.21059717695238536	0.23636048020857556	500	500	f4dfff463588ac5ae026c9a5714d6982ed65510e3f0ce476ecc721a02f2aa318
race	sentence	paper	global_complete_case_mnar	user	row_pooled	qwen2.5-14b-instruct	gpt-4o	linear_cka	cka	130742	17703	825	0.1354040782610026	0.30125256598914313	0.2828442564026605	0.3210600113623916	500	500	f4dfff463588ac5ae026c9a5714d6982ed65510e3f0ce476ecc721a02f2aa318
race	sentence	paper	global_complete_case_mnar	user	row_pooled	qwen2.5-14b-instruct	gpt-4o	aitchison_magnitude_r	pearson_r	130742	17703	825	0.1354040782610026	0.6820903379447196	0.6651958390059395	0.6968109336940815	500	500	f4dfff463588ac5ae026c9a5714d6982ed65510e3f0ce476ecc721a02f2aa318
race	sentence	paper	global_complete_case_mnar	user	row_pooled	qwen2.5-14b-instruct	gpt-4o	fisher_rao_magnitude_r	pearson_r	130742	17703	825	0.1354040782610026	0.4718400919227947	0.44256705835085364	0.4988303579840532	500	500	f4dfff463588ac5ae026c9a5714d6982ed65510e3f0ce476ecc721a02f2aa318
race	sentence	paper	global_complete_case_mnar	user	row_pooled	qwen2.5-14b-instruct	gpt-4o	fisher_local_magnitude_r	pearson_r	130742	17703	825	0.1354040782610026	0.14224022185325563	0.08435495019720937	0.20489331787679418	500	500	f4dfff463588ac5ae026c9a5714d6982ed65510e3f0ce476ecc721a02f2aa318
race	sentence	paper	global_complete_case_mnar	user	prompt_equal	qwen2.5-14b-instruct	gpt-4o	signed_frobenius_r	pearson_r	130742	17703	825	0.1354040782610026	0.5759415820958507	0.5573463879263569	0.5941870107342078	500	500	f4dfff463588ac5ae026c9a5714d6982ed65510e3f0ce476ecc721a02f2aa318
race	sentence	paper	global_complete_case_mnar	user	prompt_equal	qwen2.5-14b-instruct	gpt-4o	direction_cosine	mean_cosine	130742	17703	825	0.1354040782610026	0.253083514365064	0.2386127660556144	0.26592012904546597	500	500	f4dfff463588ac5ae026c9a5714d6982ed65510e3f0ce476ecc721a02f2aa318
race	sentence	paper	global_complete_case_mnar	user	prompt_equal	qwen2.5-14b-instruct	gpt-4o	linear_cka	cka	130742	17703	825	0.1354040782610026	0.3324966345441362	0.31169337967678995	0.35396875305464764	500	500	f4dfff463588ac5ae026c9a5714d6982ed65510e3f0ce476ecc721a02f2aa318
race	sentence	paper	global_complete_case_mnar	user	prompt_equal	qwen2.5-14b-instruct	gpt-4o	aitchison_magnitude_r	pearson_r	130742	17703	825	0.1354040782610026	0.696626988045698	0.6801416476652367	0.7121729460624429	500	500	f4dfff463588ac5ae026c9a5714d6982ed65510e3f0ce476ecc721a02f2aa318
race	sentence	paper	global_complete_case_mnar	user	prompt_equal	qwen2.5-14b-instruct	gpt-4o	fisher_rao_magnitude_r	pearson_r	130742	17703	825	0.1354040782610026	0.5022569512103173	0.47218188206717054	0.5280612695078716	500	500	f4dfff463588ac5ae026c9a5714d6982ed65510e3f0ce476ecc721a02f2aa318
race	sentence	paper	global_complete_case_mnar	user	prompt_equal	qwen2.5-14b-instruct	gpt-4o	fisher_local_magnitude_r	pearson_r	130742	17703	825	0.1354040782610026	0.14517802630804524	0.08918121941396724	0.20057982739608057	500	500	f4dfff463588ac5ae026c9a5714d6982ed65510e3f0ce476ecc721a02f2aa318
race	sentence	paper	global_complete_case_mnar	prediction	row_pooled	qwen2.5-14b-instruct	gpt-4-1	signed_frobenius_r	pearson_r	4934	825	825	0.16720713417105795	0.8268976366871393	0.8101142043636768	0.8430123614981425	500	500	bb39c2d2fc4a8ec99452fbbab44f2b1aedd932bc8338ac64de82b714d19ca319
race	sentence	paper	global_complete_case_mnar	prediction	row_pooled	qwen2.5-14b-instruct	gpt-4-1	direction_cosine	mean_cosine	4934	825	825	0.16720713417105795	0.79630845148328	0.773128219568204	0.818894708713912	500	500	bb39c2d2fc4a8ec99452fbbab44f2b1aedd932bc8338ac64de82b714d19ca319
race	sentence	paper	global_complete_case_mnar	prediction	row_pooled	qwen2.5-14b-instruct	gpt-4-1	linear_cka	cka	4934	825	825	0.16720713417105795	0.6867207716107148	0.6594993659118313	0.7133876347282317	500	500	bb39c2d2fc4a8ec99452fbbab44f2b1aedd932bc8338ac64de82b714d19ca319
race	sentence	paper	global_complete_case_mnar	all	row_pooled	qwen2.5-14b-instruct	gpt-4-1	signed_frobenius_r	pearson_r	145544	18639	825	0.1280643654152696	0.5815280394256195	0.5634717396840943	0.5975944616920591	500	500	51385ad7fc65412a0b97abc35d2d48f0037ab21f612a40fbcc1920f35d7c578e
race	sentence	paper	global_complete_case_mnar	all	row_pooled	qwen2.5-14b-instruct	gpt-4-1	direction_cosine	mean_cosine	145544	18639	825	0.1280643654152696	0.2326608208937207	0.2204283035375705	0.24483692338052607	500	500	51385ad7fc65412a0b97abc35d2d48f0037ab21f612a40fbcc1920f35d7c578e
race	sentence	paper	global_complete_case_mnar	all	row_pooled	qwen2.5-14b-instruct	gpt-4-1	linear_cka	cka	145544	18639	825	0.1280643654152696	0.3401559069954709	0.3194131911347832	0.36022637031009896	500	500	51385ad7fc65412a0b97abc35d2d48f0037ab21f612a40fbcc1920f35d7c578e
race	sentence	paper	global_complete_case_mnar	all	row_pooled	qwen2.5-14b-instruct	gpt-4-1	aitchison_magnitude_r	pearson_r	145544	18639	825	0.1280643654152696	0.7004086722257424	0.6852740534796368	0.7148069324609486	500	500	51385ad7fc65412a0b97abc35d2d48f0037ab21f612a40fbcc1920f35d7c578e
race	sentence	paper	global_complete_case_mnar	all	row_pooled	qwen2.5-14b-instruct	gpt-4-1	fisher_rao_magnitude_r	pearson_r	145544	18639	825	0.1280643654152696	0.44588884246484745	0.4123556131567112	0.47519439103787153	500	500	51385ad7fc65412a0b97abc35d2d48f0037ab21f612a40fbcc1920f35d7c578e
race	sentence	paper	global_complete_case_mnar	all	row_pooled	qwen2.5-14b-instruct	gpt-4-1	fisher_local_magnitude_r	pearson_r	145544	18639	825	0.1280643654152696	0.17226638448977388	0.10945232894254561	0.23257291868843463	500	500	51385ad7fc65412a0b97abc35d2d48f0037ab21f612a40fbcc1920f35d7c578e
race	sentence	paper	global_complete_case_mnar	all	prompt_equal	qwen2.5-14b-instruct	gpt-4-1	signed_frobenius_r	pearson_r	145544	18639	825	0.1280643654152696	0.6142282505653743	0.5972956747417807	0.631228500521587	500	500	51385ad7fc65412a0b97abc35d2d48f0037ab21f612a40fbcc1920f35d7c578e
race	sentence	paper	global_complete_case_mnar	all	prompt_equal	qwen2.5-14b-instruct	gpt-4-1	direction_cosine	mean_cosine	145544	18639	825	0.1280643654152696	0.2596968820149548	0.24786055059231107	0.27247424405847853	500	500	51385ad7fc65412a0b97abc35d2d48f0037ab21f612a40fbcc1920f35d7c578e
race	sentence	paper	global_complete_case_mnar	all	prompt_equal	qwen2.5-14b-instruct	gpt-4-1	linear_cka	cka	145544	18639	825	0.1280643654152696	0.3788364210074408	0.3588203044093075	0.40122319482937696	500	500	51385ad7fc65412a0b97abc35d2d48f0037ab21f612a40fbcc1920f35d7c578e
race	sentence	paper	global_complete_case_mnar	all	prompt_equal	qwen2.5-14b-instruct	gpt-4-1	aitchison_magnitude_r	pearson_r	145544	18639	825	0.1280643654152696	0.716801861066268	0.7012880636551575	0.7317758752843533	500	500	51385ad7fc65412a0b97abc35d2d48f0037ab21f612a40fbcc1920f35d7c578e
race	sentence	paper	global_complete_case_mnar	all	prompt_equal	qwen2.5-14b-instruct	gpt-4-1	fisher_rao_magnitude_r	pearson_r	145544	18639	825	0.1280643654152696	0.4807701560506471	0.45173956853494934	0.5110402132210763	500	500	51385ad7fc65412a0b97abc35d2d48f0037ab21f612a40fbcc1920f35d7c578e
race	sentence	paper	global_complete_case_mnar	all	prompt_equal	qwen2.5-14b-instruct	gpt-4-1	fisher_local_magnitude_r	pearson_r	145544	18639	825	0.1280643654152696	0.17194929484473892	0.1077282762600973	0.23636086772803216	500	500	51385ad7fc65412a0b97abc35d2d48f0037ab21f612a40fbcc1920f35d7c578e
race	sentence	paper	global_complete_case_mnar	system	row_pooled	qwen2.5-14b-instruct	gpt-4-1	signed_frobenius_r	pearson_r	14802	936	592	0.06323469801378193	-0.003332866878820576	-0.04710759055421156	0.047098631050738	500	500	3bab359b248413ff4b82309794d35425270ef3b1017c60cd7de1b91b484ad9f9
race	sentence	paper	global_complete_case_mnar	system	row_pooled	qwen2.5-14b-instruct	gpt-4-1	direction_cosine	mean_cosine	14802	936	592	0.06323469801378193	-0.004737260652466045	-0.045422130535232405	0.0367016270870121	500	500	3bab359b248413ff4b82309794d35425270ef3b1017c60cd7de1b91b484ad9f9
race	sentence	paper	global_complete_case_mnar	system	row_pooled	qwen2.5-14b-instruct	gpt-4-1	linear_cka	cka	14802	936	592	0.06323469801378193	0.0004704508030786471	0.00119958846368688	0.009248759539228721	500	500	3bab359b248413ff4b82309794d35425270ef3b1017c60cd7de1b91b484ad9f9
race	sentence	paper	global_complete_case_mnar	system	row_pooled	qwen2.5-14b-instruct	gpt-4-1	aitchison_magnitude_r	pearson_r	14802	936	592	0.06323469801378193	0.04000934507492585	-0.023066140559452872	0.0983652797309957	500	500	3bab359b248413ff4b82309794d35425270ef3b1017c60cd7de1b91b484ad9f9
race	sentence	paper	global_complete_case_mnar	system	row_pooled	qwen2.5-14b-instruct	gpt-4-1	fisher_rao_magnitude_r	pearson_r	14802	936	592	0.06323469801378193	0.08716827682924244	0.004903200222155548	0.17268079798644953	500	500	3bab359b248413ff4b82309794d35425270ef3b1017c60cd7de1b91b484ad9f9
race	sentence	paper	global_complete_case_mnar	system	row_pooled	qwen2.5-14b-instruct	gpt-4-1	fisher_local_magnitude_r	pearson_r	14802	936	592	0.06323469801378193	0.11049269151891687	0.01588516945826351	0.22283306669202932	500	500	3bab359b248413ff4b82309794d35425270ef3b1017c60cd7de1b91b484ad9f9
race	sentence	paper	global_complete_case_mnar	system	prompt_equal	qwen2.5-14b-instruct	gpt-4-1	signed_frobenius_r	pearson_r	14802	936	592	0.06323469801378193	-0.00022736471630248543	-0.04758826842301683	0.05313209772787336	500	500	3bab359b248413ff4b82309794d35425270ef3b1017c60cd7de1b91b484ad9f9
race	sentence	paper	global_complete_case_mnar	system	prompt_equal	qwen2.5-14b-instruct	gpt-4-1	direction_cosine	mean_cosine	14802	936	592	0.06323469801378193	-0.0016956326578890727	-0.0460752757252999	0.04011828067812568	500	500	3bab359b248413ff4b82309794d35425270ef3b1017c60cd7de1b91b484ad9f9
race	sentence	paper	global_complete_case_mnar	system	prompt_equal	qwen2.5-14b-instruct	gpt-4-1	linear_cka	cka	14802	936	592	0.06323469801378193	0.0010034732954049773	0.0014469184515549342	0.010350624866809264	500	500	3bab359b248413ff4b82309794d35425270ef3b1017c60cd7de1b91b484ad9f9
race	sentence	paper	global_complete_case_mnar	system	prompt_equal	qwen2.5-14b-instruct	gpt-4-1	aitchison_magnitude_r	pearson_r	14802	936	592	0.06323469801378193	0.043464060431704414	-0.02022474186593458	0.10587796160193061	500	500	3bab359b248413ff4b82309794d35425270ef3b1017c60cd7de1b91b484ad9f9
race	sentence	paper	global_complete_case_mnar	system	prompt_equal	qwen2.5-14b-instruct	gpt-4-1	fisher_rao_magnitude_r	pearson_r	14802	936	592	0.06323469801378193	0.1137399550453007	0.022408962340366375	0.21183304954277588	500	500	3bab359b248413ff4b82309794d35425270ef3b1017c60cd7de1b91b484ad9f9
race	sentence	paper	global_complete_case_mnar	system	prompt_equal	qwen2.5-14b-instruct	gpt-4-1	fisher_local_magnitude_r	pearson_r	14802	936	592	0.06323469801378193	0.10787208838957682	0.020091213081050607	0.213005087611167	500	500	3bab359b248413ff4b82309794d35425270ef3b1017c60cd7de1b91b484ad9f9
race	sentence	paper	global_complete_case_mnar	user	row_pooled	qwen2.5-14b-instruct	gpt-4-1	signed_frobenius_r	pearson_r	130742	17703	825	0.1354040782610026	0.588585947749472	0.5697326307631131	0.6063281572047943	500	500	f4dfff463588ac5ae026c9a5714d6982ed65510e3f0ce476ecc721a02f2aa318
race	sentence	paper	global_complete_case_mnar	user	row_pooled	qwen2.5-14b-instruct	gpt-4-1	direction_cosine	mean_cosine	130742	17703	825	0.1354040782610026	0.24521262591700663	0.23116256025378368	0.2569697788310455	500	500	f4dfff463588ac5ae026c9a5714d6982ed65510e3f0ce476ecc721a02f2aa318
race	sentence	paper	global_complete_case_mnar	user	row_pooled	qwen2.5-14b-instruct	gpt-4-1	linear_cka	cka	130742	17703	825	0.1354040782610026	0.34850089826483877	0.32690651636329415	0.37086121731316307	500	500	f4dfff463588ac5ae026c9a5714d6982ed65510e3f0ce476ecc721a02f2aa318
race	sentence	paper	global_complete_case_mnar	user	row_pooled	qwen2.5-14b-instruct	gpt-4-1	aitchison_magnitude_r	pearson_r	130742	17703	825	0.1354040782610026	0.702832019009933	0.6886748102302154	0.7183367842962074	500	500	f4dfff463588ac5ae026c9a5714d6982ed65510e3f0ce476ecc721a02f2aa318
race	sentence	paper	global_complete_case_mnar	user	row_pooled	qwen2.5-14b-instruct	gpt-4-1	fisher_rao_magnitude_r	pearson_r	130742	17703	825	0.1354040782610026	0.4502788242822362	0.41980433192262273	0.47870404792795523	500	500	f4dfff463588ac5ae026c9a5714d6982ed65510e3f0ce476ecc721a02f2aa318
race	sentence	paper	global_complete_case_mnar	user	row_pooled	qwen2.5-14b-instruct	gpt-4-1	fisher_local_magnitude_r	pearson_r	130742	17703	825	0.1354040782610026	0.17320154010523542	0.10921601855439428	0.23810314462810472	500	500	f4dfff463588ac5ae026c9a5714d6982ed65510e3f0ce476ecc721a02f2aa318
race	sentence	paper	global_complete_case_mnar	user	prompt_equal	qwen2.5-14b-instruct	gpt-4-1	signed_frobenius_r	pearson_r	130742	17703	825	0.1354040782610026	0.6176347488329585	0.5987528859976287	0.6359502808354064	500	500	f4dfff463588ac5ae026c9a5714d6982ed65510e3f0ce476ecc721a02f2aa318
race	sentence	paper	global_complete_case_mnar	user	prompt_equal	qwen2.5-14b-instruct	gpt-4-1	direction_cosine	mean_cosine	130742	17703	825	0.1354040782610026	0.27220237324011876	0.25833729090839985	0.2852618451202794	500	500	f4dfff463588ac5ae026c9a5714d6982ed65510e3f0ce476ecc721a02f2aa318
race	sentence	paper	global_complete_case_mnar	user	prompt_equal	qwen2.5-14b-instruct	gpt-4-1	linear_cka	cka	130742	17703	825	0.1354040782610026	0.3831012291631022	0.36019500813280764	0.40600849994984595	500	500	f4dfff463588ac5ae026c9a5714d6982ed65510e3f0ce476ecc721a02f2aa318
race	sentence	paper	global_complete_case_mnar	user	prompt_equal	qwen2.5-14b-instruct	gpt-4-1	aitchison_magnitude_r	pearson_r	130742	17703	825	0.1354040782610026	0.7166102793013837	0.7015320635909573	0.7320723652176534	500	500	f4dfff463588ac5ae026c9a5714d6982ed65510e3f0ce476ecc721a02f2aa318
race	sentence	paper	global_complete_case_mnar	user	prompt_equal	qwen2.5-14b-instruct	gpt-4-1	fisher_rao_magnitude_r	pearson_r	130742	17703	825	0.1354040782610026	0.48128261699805996	0.4506477637594462	0.5075196832978294	500	500	f4dfff463588ac5ae026c9a5714d6982ed65510e3f0ce476ecc721a02f2aa318
race	sentence	paper	global_complete_case_mnar	user	prompt_equal	qwen2.5-14b-instruct	gpt-4-1	fisher_local_magnitude_r	pearson_r	130742	17703	825	0.1354040782610026	0.173981764516486	0.10638148732162457	0.24967025016424843	500	500	f4dfff463588ac5ae026c9a5714d6982ed65510e3f0ce476ecc721a02f2aa318
race	sentence	paper	global_complete_case_mnar	prediction	row_pooled	qwen2.5-14b-instruct	gemini-2-5-flash-lite-vertex	signed_frobenius_r	pearson_r	4934	825	825	0.16720713417105795	0.7626500198594092	0.7442106268757703	0.7837011401676952	500	500	bb39c2d2fc4a8ec99452fbbab44f2b1aedd932bc8338ac64de82b714d19ca319
race	sentence	paper	global_complete_case_mnar	prediction	row_pooled	qwen2.5-14b-instruct	gemini-2-5-flash-lite-vertex	direction_cosine	mean_cosine	4934	825	825	0.16720713417105795	0.6853962170915852	0.6611966863577274	0.7115345353809466	500	500	bb39c2d2fc4a8ec99452fbbab44f2b1aedd932bc8338ac64de82b714d19ca319
race	sentence	paper	global_complete_case_mnar	prediction	row_pooled	qwen2.5-14b-instruct	gemini-2-5-flash-lite-vertex	linear_cka	cka	4934	825	825	0.16720713417105795	0.5846971046304884	0.5573781423985928	0.6178365276055834	500	500	bb39c2d2fc4a8ec99452fbbab44f2b1aedd932bc8338ac64de82b714d19ca319
race	sentence	paper	global_complete_case_mnar	all	row_pooled	qwen2.5-14b-instruct	gemini-2-5-flash-lite-vertex	signed_frobenius_r	pearson_r	145544	18639	825	0.1280643654152696	0.39832248145542865	0.3727053079316347	0.4267359391043681	500	500	51385ad7fc65412a0b97abc35d2d48f0037ab21f612a40fbcc1920f35d7c578e
race	sentence	paper	global_complete_case_mnar	all	row_pooled	qwen2.5-14b-instruct	gemini-2-5-flash-lite-vertex	direction_cosine	mean_cosine	145544	18639	825	0.1280643654152696	0.16206565940826237	0.14812859915962495	0.17632718704336137	500	500	51385ad7fc65412a0b97abc35d2d48f0037ab21f612a40fbcc1920f35d7c578e
race	sentence	paper	global_complete_case_mnar	all	row_pooled	qwen2.5-14b-instruct	gemini-2-5-flash-lite-vertex	linear_cka	cka	145544	18639	825	0.1280643654152696	0.16164751644349043	0.1413316818843292	0.1859451968881028	500	500	51385ad7fc65412a0b97abc35d2d48f0037ab21f612a40fbcc1920f35d7c578e
race	sentence	paper	global_complete_case_mnar	all	row_pooled	qwen2.5-14b-instruct	gemini-2-5-flash-lite-vertex	aitchison_magnitude_r	pearson_r	145544	18639	825	0.1280643654152696	0.45899263026959297	0.4212989413966559	0.4984590045198459	500	500	51385ad7fc65412a0b97abc35d2d48f0037ab21f612a40fbcc1920f35d7c578e
race	sentence	paper	global_complete_case_mnar	all	row_pooled	qwen2.5-14b-instruct	gemini-2-5-flash-lite-vertex	fisher_rao_magnitude_r	pearson_r	145544	18639	825	0.1280643654152696	0.38078789567341803	0.3517876167720578	0.4121771241358088	500	500	51385ad7fc65412a0b97abc35d2d48f0037ab21f612a40fbcc1920f35d7c578e
race	sentence	paper	global_complete_case_mnar	all	row_pooled	qwen2.5-14b-instruct	gemini-2-5-flash-lite-vertex	fisher_local_magnitude_r	pearson_r	145544	18639	825	0.1280643654152696	0.09163226756913391	0.05991065644289441	0.12590861757186678	500	500	51385ad7fc65412a0b97abc35d2d48f0037ab21f612a40fbcc1920f35d7c578e
race	sentence	paper	global_complete_case_mnar	all	prompt_equal	qwen2.5-14b-instruct	gemini-2-5-flash-lite-vertex	signed_frobenius_r	pearson_r	145544	18639	825	0.1280643654152696	0.4439228115633991	0.417115176206281	0.4709900706709961	500	500	51385ad7fc65412a0b97abc35d2d48f0037ab21f612a40fbcc1920f35d7c578e
race	sentence	paper	global_complete_case_mnar	all	prompt_equal	qwen2.5-14b-instruct	gemini-2-5-flash-lite-vertex	direction_cosine	mean_cosine	145544	18639	825	0.1280643654152696	0.19336051368985993	0.18066902457044037	0.20695040106620138	500	500	51385ad7fc65412a0b97abc35d2d48f0037ab21f612a40fbcc1920f35d7c578e
race	sentence	paper	global_complete_case_mnar	all	prompt_equal	qwen2.5-14b-instruct	gemini-2-5-flash-lite-vertex	linear_cka	cka	145544	18639	825	0.1280643654152696	0.200900548083915	0.17731190696132054	0.22673702923807376	500	500	51385ad7fc65412a0b97abc35d2d48f0037ab21f612a40fbcc1920f35d7c578e
race	sentence	paper	global_complete_case_mnar	all	prompt_equal	qwen2.5-14b-instruct	gemini-2-5-flash-lite-vertex	aitchison_magnitude_r	pearson_r	145544	18639	825	0.1280643654152696	0.49965883150903095	0.4635872185690556	0.5344636652134133	500	500	51385ad7fc65412a0b97abc35d2d48f0037ab21f612a40fbcc1920f35d7c578e
race	sentence	paper	global_complete_case_mnar	all	prompt_equal	qwen2.5-14b-instruct	gemini-2-5-flash-lite-vertex	fisher_rao_magnitude_r	pearson_r	145544	18639	825	0.1280643654152696	0.42023848191017094	0.390776706052941	0.4503413088165064	500	500	51385ad7fc65412a0b97abc35d2d48f0037ab21f612a40fbcc1920f35d7c578e
race	sentence	paper	global_complete_case_mnar	all	prompt_equal	qwen2.5-14b-instruct	gemini-2-5-flash-lite-vertex	fisher_local_magnitude_r	pearson_r	145544	18639	825	0.1280643654152696	0.10832849281341492	0.07683897001761411	0.1459983665217291	500	500	51385ad7fc65412a0b97abc35d2d48f0037ab21f612a40fbcc1920f35d7c578e
race	sentence	paper	global_complete_case_mnar	system	row_pooled	qwen2.5-14b-instruct	gemini-2-5-flash-lite-vertex	signed_frobenius_r	pearson_r	14802	936	592	0.06323469801378193	-0.0026002575909867525	-0.05018135780764593	0.04522816438191075	500	500	3bab359b248413ff4b82309794d35425270ef3b1017c60cd7de1b91b484ad9f9
race	sentence	paper	global_complete_case_mnar	system	row_pooled	qwen2.5-14b-instruct	gemini-2-5-flash-lite-vertex	direction_cosine	mean_cosine	14802	936	592	0.06323469801378193	0.0075463559737026795	-0.03062172148297295	0.04590533777375604	500	500	3bab359b248413ff4b82309794d35425270ef3b1017c60cd7de1b91b484ad9f9
race	sentence	paper	global_complete_case_mnar	system	row_pooled	qwen2.5-14b-instruct	gemini-2-5-flash-lite-vertex	linear_cka	cka	14802	936	592	0.06323469801378193	0.0013064806236776478	0.0015759406802988412	0.01093359848268999	500	500	3bab359b248413ff4b82309794d35425270ef3b1017c60cd7de1b91b484ad9f9
race	sentence	paper	global_complete_case_mnar	system	row_pooled	qwen2.5-14b-instruct	gemini-2-5-flash-lite-vertex	aitchison_magnitude_r	pearson_r	14802	936	592	0.06323469801378193	0.025024931740556075	-0.04483783913489286	0.09986487343064183	500	500	3bab359b248413ff4b82309794d35425270ef3b1017c60cd7de1b91b484ad9f9
race	sentence	paper	global_complete_case_mnar	system	row_pooled	qwen2.5-14b-instruct	gemini-2-5-flash-lite-vertex	fisher_rao_magnitude_r	pearson_r	14802	936	592	0.06323469801378193	0.035929261683538355	-0.02162253532843758	0.09656118476220561	500	500	3bab359b248413ff4b82309794d35425270ef3b1017c60cd7de1b91b484ad9f9
race	sentence	paper	global_complete_case_mnar	system	row_pooled	qwen2.5-14b-instruct	gemini-2-5-flash-lite-vertex	fisher_local_magnitude_r	pearson_r	14802	936	592	0.06323469801378193	0.03202971147733965	-0.026803474839137628	0.10513611078983051	500	500	3bab359b248413ff4b82309794d35425270ef3b1017c60cd7de1b91b484ad9f9
race	sentence	paper	global_complete_case_mnar	system	prompt_equal	qwen2.5-14b-instruct	gemini-2-5-flash-lite-vertex	signed_frobenius_r	pearson_r	14802	936	592	0.06323469801378193	-0.004351300392717156	-0.05096713824975079	0.04307487567620424	500	500	3bab359b248413ff4b82309794d35425270ef3b1017c60cd7de1b91b484ad9f9
race	sentence	paper	global_complete_case_mnar	system	prompt_equal	qwen2.5-14b-instruct	gemini-2-5-flash-lite-vertex	direction_cosine	mean_cosine	14802	936	592	0.06323469801378193	0.01675279267448554	-0.025759812384568086	0.05783552462447353	500	500	3bab359b248413ff4b82309794d35425270ef3b1017c60cd7de1b91b484ad9f9
race	sentence	paper	global_complete_case_mnar	system	prompt_equal	qwen2.5-14b-instruct	gemini-2-5-flash-lite-vertex	linear_cka	cka	14802	936	592	0.06323469801378193	0.0010922259387770915	0.0014808263766703117	0.009774030920283186	500	500	3bab359b248413ff4b82309794d35425270ef3b1017c60cd7de1b91b484ad9f9
race	sentence	paper	global_complete_case_mnar	system	prompt_equal	qwen2.5-14b-instruct	gemini-2-5-flash-lite-vertex	aitchison_magnitude_r	pearson_r	14802	936	592	0.06323469801378193	0.02885372846861073	-0.0338956330540141	0.10049788143125148	500	500	3bab359b248413ff4b82309794d35425270ef3b1017c60cd7de1b91b484ad9f9
race	sentence	paper	global_complete_case_mnar	system	prompt_equal	qwen2.5-14b-instruct	gemini-2-5-flash-lite-vertex	fisher_rao_magnitude_r	pearson_r	14802	936	592	0.06323469801378193	0.042585464450364395	-0.01363740983570272	0.09980055726258703	500	500	3bab359b248413ff4b82309794d35425270ef3b1017c60cd7de1b91b484ad9f9
race	sentence	paper	global_complete_case_mnar	system	prompt_equal	qwen2.5-14b-instruct	gemini-2-5-flash-lite-vertex	fisher_local_magnitude_r	pearson_r	14802	936	592	0.06323469801378193	0.0298862458998469	-0.024135661715428317	0.0945066571134447	500	500	3bab359b248413ff4b82309794d35425270ef3b1017c60cd7de1b91b484ad9f9
race	sentence	paper	global_complete_case_mnar	user	row_pooled	qwen2.5-14b-instruct	gemini-2-5-flash-lite-vertex	signed_frobenius_r	pearson_r	130742	17703	825	0.1354040782610026	0.4069549918680716	0.3794748551904726	0.435085233150733	500	500	f4dfff463588ac5ae026c9a5714d6982ed65510e3f0ce476ecc721a02f2aa318
race	sentence	paper	global_complete_case_mnar	user	row_pooled	qwen2.5-14b-instruct	gemini-2-5-flash-lite-vertex	direction_cosine	mean_cosine	130742	17703	825	0.1354040782610026	0.1702354649787729	0.15629435851862153	0.18393566765737204	500	500	f4dfff463588ac5ae026c9a5714d6982ed65510e3f0ce476ecc721a02f2aa318
race	sentence	paper	global_complete_case_mnar	user	row_pooled	qwen2.5-14b-instruct	gemini-2-5-flash-lite-vertex	linear_cka	cka	130742	17703	825	0.1354040782610026	0.16870555937533493	0.14659824734084015	0.19275751544237252	500	500	f4dfff463588ac5ae026c9a5714d6982ed65510e3f0ce476ecc721a02f2aa318
race	sentence	paper	global_complete_case_mnar	user	row_pooled	qwen2.5-14b-instruct	gemini-2-5-flash-lite-vertex	aitchison_magnitude_r	pearson_r	130742	17703	825	0.1354040782610026	0.4655684649445193	0.4258164609454902	0.5039207616084506	500	500	f4dfff463588ac5ae026c9a5714d6982ed65510e3f0ce476ecc721a02f2aa318
race	sentence	paper	global_complete_case_mnar	user	row_pooled	qwen2.5-14b-instruct	gemini-2-5-flash-lite-vertex	fisher_rao_magnitude_r	pearson_r	130742	17703	825	0.1354040782610026	0.3853863032789127	0.3559568270701111	0.4144023458979717	500	500	f4dfff463588ac5ae026c9a5714d6982ed65510e3f0ce476ecc721a02f2aa318
race	sentence	paper	global_complete_case_mnar	user	row_pooled	qwen2.5-14b-instruct	gemini-2-5-flash-lite-vertex	fisher_local_magnitude_r	pearson_r	130742	17703	825	0.1354040782610026	0.0933067297536169	0.06431378011372708	0.12718967967872463	500	500	f4dfff463588ac5ae026c9a5714d6982ed65510e3f0ce476ecc721a02f2aa318
race	sentence	paper	global_complete_case_mnar	user	prompt_equal	qwen2.5-14b-instruct	gemini-2-5-flash-lite-vertex	signed_frobenius_r	pearson_r	130742	17703	825	0.1354040782610026	0.4498009926764693	0.42310785420229813	0.47922209856273884	500	500	f4dfff463588ac5ae026c9a5714d6982ed65510e3f0ce476ecc721a02f2aa318
race	sentence	paper	global_complete_case_mnar	user	prompt_equal	qwen2.5-14b-instruct	gemini-2-5-flash-lite-vertex	direction_cosine	mean_cosine	130742	17703	825	0.1354040782610026	0.2023429360359077	0.18913899714930135	0.21636550796946336	500	500	f4dfff463588ac5ae026c9a5714d6982ed65510e3f0ce476ecc721a02f2aa318
race	sentence	paper	global_complete_case_mnar	user	prompt_equal	qwen2.5-14b-instruct	gemini-2-5-flash-lite-vertex	linear_cka	cka	130742	17703	825	0.1354040782610026	0.20619940286674907	0.18212708250245244	0.23376561589465158	500	500	f4dfff463588ac5ae026c9a5714d6982ed65510e3f0ce476ecc721a02f2aa318
race	sentence	paper	global_complete_case_mnar	user	prompt_equal	qwen2.5-14b-instruct	gemini-2-5-flash-lite-vertex	aitchison_magnitude_r	pearson_r	130742	17703	825	0.1354040782610026	0.5031088266259384	0.4666740613628224	0.5397582680041315	500	500	f4dfff463588ac5ae026c9a5714d6982ed65510e3f0ce476ecc721a02f2aa318
race	sentence	paper	global_complete_case_mnar	user	prompt_equal	qwen2.5-14b-instruct	gemini-2-5-flash-lite-vertex	fisher_rao_magnitude_r	pearson_r	130742	17703	825	0.1354040782610026	0.4226360044060293	0.3948434604415369	0.45103036942726077	500	500	f4dfff463588ac5ae026c9a5714d6982ed65510e3f0ce476ecc721a02f2aa318
race	sentence	paper	global_complete_case_mnar	user	prompt_equal	qwen2.5-14b-instruct	gemini-2-5-flash-lite-vertex	fisher_local_magnitude_r	pearson_r	130742	17703	825	0.1354040782610026	0.11165967095441298	0.08035421260463149	0.14732741501766225	500	500	f4dfff463588ac5ae026c9a5714d6982ed65510e3f0ce476ecc721a02f2aa318
race	sentence	paper	global_complete_case_mnar	prediction	row_pooled	llama3.1-70b-instruct	llama3.3-70b-instruct	signed_frobenius_r	pearson_r	4934	825	825	0.16720713417105795	0.9419994651405028	0.9372583620661377	0.9463574079665447	500	500	bb39c2d2fc4a8ec99452fbbab44f2b1aedd932bc8338ac64de82b714d19ca319
race	sentence	paper	global_complete_case_mnar	prediction	row_pooled	llama3.1-70b-instruct	llama3.3-70b-instruct	direction_cosine	mean_cosine	4934	825	825	0.16720713417105795	0.9165219495372081	0.9050320869254089	0.9257575969785614	500	500	bb39c2d2fc4a8ec99452fbbab44f2b1aedd932bc8338ac64de82b714d19ca319
race	sentence	paper	global_complete_case_mnar	prediction	row_pooled	llama3.1-70b-instruct	llama3.3-70b-instruct	linear_cka	cka	4934	825	825	0.16720713417105795	0.8807622591591131	0.8710950299885297	0.8902655864105788	500	500	bb39c2d2fc4a8ec99452fbbab44f2b1aedd932bc8338ac64de82b714d19ca319
race	sentence	paper	global_complete_case_mnar	all	row_pooled	llama3.1-70b-instruct	llama3.3-70b-instruct	signed_frobenius_r	pearson_r	145544	18639	825	0.1280643654152696	0.8706758821715371	0.8648140526885152	0.8772529692859801	500	500	51385ad7fc65412a0b97abc35d2d48f0037ab21f612a40fbcc1920f35d7c578e
race	sentence	paper	global_complete_case_mnar	all	row_pooled	llama3.1-70b-instruct	llama3.3-70b-instruct	direction_cosine	mean_cosine	145544	18639	825	0.1280643654152696	0.5779190890309489	0.5670325235195831	0.5903133850439989	500	500	51385ad7fc65412a0b97abc35d2d48f0037ab21f612a40fbcc1920f35d7c578e
race	sentence	paper	global_complete_case_mnar	all	row_pooled	llama3.1-70b-instruct	llama3.3-70b-instruct	linear_cka	cka	145544	18639	825	0.1280643654152696	0.7598960352188394	0.7494337435620728	0.7724882663530712	500	500	51385ad7fc65412a0b97abc35d2d48f0037ab21f612a40fbcc1920f35d7c578e
race	sentence	paper	global_complete_case_mnar	all	row_pooled	llama3.1-70b-instruct	llama3.3-70b-instruct	aitchison_magnitude_r	pearson_r	145544	18639	825	0.1280643654152696	0.9043651840740812	0.8986781587939646	0.9102240060235057	500	500	51385ad7fc65412a0b97abc35d2d48f0037ab21f612a40fbcc1920f35d7c578e
race	sentence	paper	global_complete_case_mnar	all	row_pooled	llama3.1-70b-instruct	llama3.3-70b-instruct	fisher_rao_magnitude_r	pearson_r	145544	18639	825	0.1280643654152696	0.7967824184681016	0.7810747914399955	0.8112861099077278	500	500	51385ad7fc65412a0b97abc35d2d48f0037ab21f612a40fbcc1920f35d7c578e
race	sentence	paper	global_complete_case_mnar	all	row_pooled	llama3.1-70b-instruct	llama3.3-70b-instruct	fisher_local_magnitude_r	pearson_r	145544	18639	825	0.1280643654152696	0.4237163431337531	0.37893142238667565	0.46511714057937675	500	500	51385ad7fc65412a0b97abc35d2d48f0037ab21f612a40fbcc1920f35d7c578e
race	sentence	paper	global_complete_case_mnar	all	prompt_equal	llama3.1-70b-instruct	llama3.3-70b-instruct	signed_frobenius_r	pearson_r	145544	18639	825	0.1280643654152696	0.8797644670515417	0.8735786917358489	0.8861966057141086	500	500	51385ad7fc65412a0b97abc35d2d48f0037ab21f612a40fbcc1920f35d7c578e
race	sentence	paper	global_complete_case_mnar	all	prompt_equal	llama3.1-70b-instruct	llama3.3-70b-instruct	direction_cosine	mean_cosine	145544	18639	825	0.1280643654152696	0.5979417806345617	0.586873205162073	0.6103995748763706	500	500	51385ad7fc65412a0b97abc35d2d48f0037ab21f612a40fbcc1920f35d7c578e
race	sentence	paper	global_complete_case_mnar	all	prompt_equal	llama3.1-70b-instruct	llama3.3-70b-instruct	linear_cka	cka	145544	18639	825	0.1280643654152696	0.7763583132335424	0.7651157716516398	0.7891431902640454	500	500	51385ad7fc65412a0b97abc35d2d48f0037ab21f612a40fbcc1920f35d7c578e
race	sentence	paper	global_complete_case_mnar	all	prompt_equal	llama3.1-70b-instruct	llama3.3-70b-instruct	aitchison_magnitude_r	pearson_r	145544	18639	825	0.1280643654152696	0.9073716635307081	0.9008887232375606	0.9137612471279988	500	500	51385ad7fc65412a0b97abc35d2d48f0037ab21f612a40fbcc1920f35d7c578e
race	sentence	paper	global_complete_case_mnar	all	prompt_equal	llama3.1-70b-instruct	llama3.3-70b-instruct	fisher_rao_magnitude_r	pearson_r	145544	18639	825	0.1280643654152696	0.811151568537716	0.7944175500224931	0.826156430828231	500	500	51385ad7fc65412a0b97abc35d2d48f0037ab21f612a40fbcc1920f35d7c578e
race	sentence	paper	global_complete_case_mnar	all	prompt_equal	llama3.1-70b-instruct	llama3.3-70b-instruct	fisher_local_magnitude_r	pearson_r	145544	18639	825	0.1280643654152696	0.42289133644870647	0.3731755137340363	0.4733077720137395	500	500	51385ad7fc65412a0b97abc35d2d48f0037ab21f612a40fbcc1920f35d7c578e
race	sentence	paper	global_complete_case_mnar	system	row_pooled	llama3.1-70b-instruct	llama3.3-70b-instruct	signed_frobenius_r	pearson_r	14802	936	592	0.06323469801378193	0.312726718962503	0.2626899792946702	0.3609273638424828	500	500	3bab359b248413ff4b82309794d35425270ef3b1017c60cd7de1b91b484ad9f9
race	sentence	paper	global_complete_case_mnar	system	row_pooled	llama3.1-70b-instruct	llama3.3-70b-instruct	direction_cosine	mean_cosine	14802	936	592	0.06323469801378193	0.27953277454298636	0.24270410802546766	0.3182242295309025	500	500	3bab359b248413ff4b82309794d35425270ef3b1017c60cd7de1b91b484ad9f9
race	sentence	paper	global_complete_case_mnar	system	row_pooled	llama3.1-70b-instruct	llama3.3-70b-instruct	linear_cka	cka	14802	936	592	0.06323469801378193	0.10596694438456984	0.08211424168485099	0.14334714921305938	500	500	3bab359b248413ff4b82309794d35425270ef3b1017c60cd7de1b91b484ad9f9
race	sentence	paper	global_complete_case_mnar	system	row_pooled	llama3.1-70b-instruct	llama3.3-70b-instruct	aitchison_magnitude_r	pearson_r	14802	936	592	0.06323469801378193	0.35620974423472407	0.28375056678177935	0.41928277231195865	500	500	3bab359b248413ff4b82309794d35425270ef3b1017c60cd7de1b91b484ad9f9
race	sentence	paper	global_complete_case_mnar	system	row_pooled	llama3.1-70b-instruct	llama3.3-70b-instruct	fisher_rao_magnitude_r	pearson_r	14802	936	592	0.06323469801378193	0.29360782984563016	0.2172213511101536	0.37274610339370845	500	500	3bab359b248413ff4b82309794d35425270ef3b1017c60cd7de1b91b484ad9f9
race	sentence	paper	global_complete_case_mnar	system	row_pooled	llama3.1-70b-instruct	llama3.3-70b-instruct	fisher_local_magnitude_r	pearson_r	14802	936	592	0.06323469801378193	0.20042723496956383	0.1355563356963459	0.2680660010546364	500	500	3bab359b248413ff4b82309794d35425270ef3b1017c60cd7de1b91b484ad9f9
race	sentence	paper	global_complete_case_mnar	system	prompt_equal	llama3.1-70b-instruct	llama3.3-70b-instruct	signed_frobenius_r	pearson_r	14802	936	592	0.06323469801378193	0.312239118411074	0.2649434729759609	0.35516838819797397	500	500	3bab359b248413ff4b82309794d35425270ef3b1017c60cd7de1b91b484ad9f9
race	sentence	paper	global_complete_case_mnar	system	prompt_equal	llama3.1-70b-instruct	llama3.3-70b-instruct	direction_cosine	mean_cosine	14802	936	592	0.06323469801378193	0.2804122378710053	0.24132168322299838	0.320743820937416	500	500	3bab359b248413ff4b82309794d35425270ef3b1017c60cd7de1b91b484ad9f9
race	sentence	paper	global_complete_case_mnar	system	prompt_equal	llama3.1-70b-instruct	llama3.3-70b-instruct	linear_cka	cka	14802	936	592	0.06323469801378193	0.10676420629848105	0.08423063866704408	0.144396141003738	500	500	3bab359b248413ff4b82309794d35425270ef3b1017c60cd7de1b91b484ad9f9
race	sentence	paper	global_complete_case_mnar	system	prompt_equal	llama3.1-70b-instruct	llama3.3-70b-instruct	aitchison_magnitude_r	pearson_r	14802	936	592	0.06323469801378193	0.3639552954178848	0.2823328101232132	0.44216492331566154	500	500	3bab359b248413ff4b82309794d35425270ef3b1017c60cd7de1b91b484ad9f9
race	sentence	paper	global_complete_case_mnar	system	prompt_equal	llama3.1-70b-instruct	llama3.3-70b-instruct	fisher_rao_magnitude_r	pearson_r	14802	936	592	0.06323469801378193	0.31263858804682526	0.21744843971795919	0.41802533080651544	500	500	3bab359b248413ff4b82309794d35425270ef3b1017c60cd7de1b91b484ad9f9
race	sentence	paper	global_complete_case_mnar	system	prompt_equal	llama3.1-70b-instruct	llama3.3-70b-instruct	fisher_local_magnitude_r	pearson_r	14802	936	592	0.06323469801378193	0.21171322983788482	0.14946061244920875	0.27550189827797544	500	500	3bab359b248413ff4b82309794d35425270ef3b1017c60cd7de1b91b484ad9f9
race	sentence	paper	global_complete_case_mnar	user	row_pooled	llama3.1-70b-instruct	llama3.3-70b-instruct	signed_frobenius_r	pearson_r	130742	17703	825	0.1354040782610026	0.8732782208475784	0.8672104140279194	0.8794666820370102	500	500	f4dfff463588ac5ae026c9a5714d6982ed65510e3f0ce476ecc721a02f2aa318
race	sentence	paper	global_complete_case_mnar	user	row_pooled	llama3.1-70b-instruct	llama3.3-70b-instruct	direction_cosine	mean_cosine	130742	17703	825	0.1354040782610026	0.5937177987470217	0.5825980828213735	0.6055831315128818	500	500	f4dfff463588ac5ae026c9a5714d6982ed65510e3f0ce476ecc721a02f2aa318
race	sentence	paper	global_complete_case_mnar	user	row_pooled	llama3.1-70b-instruct	llama3.3-70b-instruct	linear_cka	cka	130742	17703	825	0.1354040782610026	0.7642567973335125	0.7534632412979423	0.7757900248342263	500	500	f4dfff463588ac5ae026c9a5714d6982ed65510e3f0ce476ecc721a02f2aa318
race	sentence	paper	global_complete_case_mnar	user	row_pooled	llama3.1-70b-instruct	llama3.3-70b-instruct	aitchison_magnitude_r	pearson_r	130742	17703	825	0.1354040782610026	0.9047223842930087	0.8989979553679414	0.9104276798016573	500	500	f4dfff463588ac5ae026c9a5714d6982ed65510e3f0ce476ecc721a02f2aa318
race	sentence	paper	global_complete_case_mnar	user	row_pooled	llama3.1-70b-instruct	llama3.3-70b-instruct	fisher_rao_magnitude_r	pearson_r	130742	17703	825	0.1354040782610026	0.7987494784182061	0.7838927665500336	0.812063978677052	500	500	f4dfff463588ac5ae026c9a5714d6982ed65510e3f0ce476ecc721a02f2aa318
race	sentence	paper	global_complete_case_mnar	user	row_pooled	llama3.1-70b-instruct	llama3.3-70b-instruct	fisher_local_magnitude_r	pearson_r	130742	17703	825	0.1354040782610026	0.4249481469645905	0.38830040449825665	0.4687875863481358	500	500	f4dfff463588ac5ae026c9a5714d6982ed65510e3f0ce476ecc721a02f2aa318
race	sentence	paper	global_complete_case_mnar	user	prompt_equal	llama3.1-70b-instruct	llama3.3-70b-instruct	signed_frobenius_r	pearson_r	130742	17703	825	0.1354040782610026	0.8810754767993171	0.8746026361062114	0.8873624815969736	500	500	f4dfff463588ac5ae026c9a5714d6982ed65510e3f0ce476ecc721a02f2aa318
race	sentence	paper	global_complete_case_mnar	user	prompt_equal	llama3.1-70b-instruct	llama3.3-70b-instruct	direction_cosine	mean_cosine	130742	17703	825	0.1354040782610026	0.6139612674790274	0.6036904054885982	0.6261316460625262	500	500	f4dfff463588ac5ae026c9a5714d6982ed65510e3f0ce476ecc721a02f2aa318
race	sentence	paper	global_complete_case_mnar	user	prompt_equal	llama3.1-70b-instruct	llama3.3-70b-instruct	linear_cka	cka	130742	17703	825	0.1354040782610026	0.7782780814627661	0.7665439288840654	0.7901881704753584	500	500	f4dfff463588ac5ae026c9a5714d6982ed65510e3f0ce476ecc721a02f2aa318
race	sentence	paper	global_complete_case_mnar	user	prompt_equal	llama3.1-70b-instruct	llama3.3-70b-instruct	aitchison_magnitude_r	pearson_r	130742	17703	825	0.1354040782610026	0.9067432828293223	0.9000603311885876	0.9131463756358997	500	500	f4dfff463588ac5ae026c9a5714d6982ed65510e3f0ce476ecc721a02f2aa318
race	sentence	paper	global_complete_case_mnar	user	prompt_equal	llama3.1-70b-instruct	llama3.3-70b-instruct	fisher_rao_magnitude_r	pearson_r	130742	17703	825	0.1354040782610026	0.8113290067287179	0.7963776946038362	0.8255685817868949	500	500	f4dfff463588ac5ae026c9a5714d6982ed65510e3f0ce476ecc721a02f2aa318
race	sentence	paper	global_complete_case_mnar	user	prompt_equal	llama3.1-70b-instruct	llama3.3-70b-instruct	fisher_local_magnitude_r	pearson_r	130742	17703	825	0.1354040782610026	0.4223769489662299	0.3757383668328465	0.47756347118812426	500	500	f4dfff463588ac5ae026c9a5714d6982ed65510e3f0ce476ecc721a02f2aa318
race	sentence	paper	global_complete_case_mnar	prediction	row_pooled	llama3.1-70b-instruct	llama4-maverick-17b-128e-instruct	signed_frobenius_r	pearson_r	4934	825	825	0.16720713417105795	0.7934030062856462	0.7777014971713316	0.8092660807995409	500	500	bb39c2d2fc4a8ec99452fbbab44f2b1aedd932bc8338ac64de82b714d19ca319
race	sentence	paper	global_complete_case_mnar	prediction	row_pooled	llama3.1-70b-instruct	llama4-maverick-17b-128e-instruct	direction_cosine	mean_cosine	4934	825	825	0.16720713417105795	0.7039291132018028	0.6797399896127813	0.7286878038589331	500	500	bb39c2d2fc4a8ec99452fbbab44f2b1aedd932bc8338ac64de82b714d19ca319
race	sentence	paper	global_complete_case_mnar	prediction	row_pooled	llama3.1-70b-instruct	llama4-maverick-17b-128e-instruct	linear_cka	cka	4934	825	825	0.16720713417105795	0.6256036991541799	0.6023510172566768	0.6517100544243138	500	500	bb39c2d2fc4a8ec99452fbbab44f2b1aedd932bc8338ac64de82b714d19ca319
race	sentence	paper	global_complete_case_mnar	all	row_pooled	llama3.1-70b-instruct	llama4-maverick-17b-128e-instruct	signed_frobenius_r	pearson_r	145544	18639	825	0.1280643654152696	0.6117042657218865	0.5954645470966218	0.6270172276564849	500	500	51385ad7fc65412a0b97abc35d2d48f0037ab21f612a40fbcc1920f35d7c578e
race	sentence	paper	global_complete_case_mnar	all	row_pooled	llama3.1-70b-instruct	llama4-maverick-17b-128e-instruct	direction_cosine	mean_cosine	145544	18639	825	0.1280643654152696	0.2137692609948686	0.20157477029497306	0.22737759619256906	500	500	51385ad7fc65412a0b97abc35d2d48f0037ab21f612a40fbcc1920f35d7c578e
race	sentence	paper	global_complete_case_mnar	all	row_pooled	llama3.1-70b-instruct	llama4-maverick-17b-128e-instruct	linear_cka	cka	145544	18639	825	0.1280643654152696	0.37666406541676284	0.3569980757814198	0.39713063605234133	500	500	51385ad7fc65412a0b97abc35d2d48f0037ab21f612a40fbcc1920f35d7c578e
race	sentence	paper	global_complete_case_mnar	all	row_pooled	llama3.1-70b-instruct	llama4-maverick-17b-128e-instruct	aitchison_magnitude_r	pearson_r	145544	18639	825	0.1280643654152696	0.733507658522191	0.7191413007719767	0.746761733421049	500	500	51385ad7fc65412a0b97abc35d2d48f0037ab21f612a40fbcc1920f35d7c578e
race	sentence	paper	global_complete_case_mnar	all	row_pooled	llama3.1-70b-instruct	llama4-maverick-17b-128e-instruct	fisher_rao_magnitude_r	pearson_r	145544	18639	825	0.1280643654152696	0.5494693227200704	0.5284320849436359	0.5723294981524972	500	500	51385ad7fc65412a0b97abc35d2d48f0037ab21f612a40fbcc1920f35d7c578e
race	sentence	paper	global_complete_case_mnar	all	row_pooled	llama3.1-70b-instruct	llama4-maverick-17b-128e-instruct	fisher_local_magnitude_r	pearson_r	145544	18639	825	0.1280643654152696	0.17130903559206415	0.1316893434344976	0.2164089206506599	500	500	51385ad7fc65412a0b97abc35d2d48f0037ab21f612a40fbcc1920f35d7c578e
race	sentence	paper	global_complete_case_mnar	all	prompt_equal	llama3.1-70b-instruct	llama4-maverick-17b-128e-instruct	signed_frobenius_r	pearson_r	145544	18639	825	0.1280643654152696	0.6381502282924073	0.6175832575769696	0.653675047741473	500	500	51385ad7fc65412a0b97abc35d2d48f0037ab21f612a40fbcc1920f35d7c578e
race	sentence	paper	global_complete_case_mnar	all	prompt_equal	llama3.1-70b-instruct	llama4-maverick-17b-128e-instruct	direction_cosine	mean_cosine	145544	18639	825	0.1280643654152696	0.2428301972920457	0.2303848438880756	0.2556945586621772	500	500	51385ad7fc65412a0b97abc35d2d48f0037ab21f612a40fbcc1920f35d7c578e
race	sentence	paper	global_complete_case_mnar	all	prompt_equal	llama3.1-70b-instruct	llama4-maverick-17b-128e-instruct	linear_cka	cka	145544	18639	825	0.1280643654152696	0.4116542127672116	0.3863710168296455	0.43559214373762356	500	500	51385ad7fc65412a0b97abc35d2d48f0037ab21f612a40fbcc1920f35d7c578e
race	sentence	paper	global_complete_case_mnar	all	prompt_equal	llama3.1-70b-instruct	llama4-maverick-17b-128e-instruct	aitchison_magnitude_r	pearson_r	145544	18639	825	0.1280643654152696	0.7453163096400305	0.7309953760222693	0.7592891379018717	500	500	51385ad7fc65412a0b97abc35d2d48f0037ab21f612a40fbcc1920f35d7c578e
race	sentence	paper	global_complete_case_mnar	all	prompt_equal	llama3.1-70b-instruct	llama4-maverick-17b-128e-instruct	fisher_rao_magnitude_r	pearson_r	145544	18639	825	0.1280643654152696	0.5773425034041231	0.5538141543381436	0.6007643819679518	500	500	51385ad7fc65412a0b97abc35d2d48f0037ab21f612a40fbcc1920f35d7c578e
race	sentence	paper	global_complete_case_mnar	all	prompt_equal	llama3.1-70b-instruct	llama4-maverick-17b-128e-instruct	fisher_local_magnitude_r	pearson_r	145544	18639	825	0.1280643654152696	0.1768458448170884	0.1402751988303388	0.22060592891291508	500	500	51385ad7fc65412a0b97abc35d2d48f0037ab21f612a40fbcc1920f35d7c578e
race	sentence	paper	global_complete_case_mnar	system	row_pooled	llama3.1-70b-instruct	llama4-maverick-17b-128e-instruct	signed_frobenius_r	pearson_r	14802	936	592	0.06323469801378193	-0.012505580489176943	-0.05996749509245899	0.03425578581878691	500	500	3bab359b248413ff4b82309794d35425270ef3b1017c60cd7de1b91b484ad9f9
race	sentence	paper	global_complete_case_mnar	system	row_pooled	llama3.1-70b-instruct	llama4-maverick-17b-128e-instruct	direction_cosine	mean_cosine	14802	936	592	0.06323469801378193	-0.09133068911380839	-0.12955326551856466	-0.049640474074191386	500	500	3bab359b248413ff4b82309794d35425270ef3b1017c60cd7de1b91b484ad9f9
race	sentence	paper	global_complete_case_mnar	system	row_pooled	llama3.1-70b-instruct	llama4-maverick-17b-128e-instruct	linear_cka	cka	14802	936	592	0.06323469801378193	0.005422348709436165	0.003011823973067597	0.020125609331305666	500	500	3bab359b248413ff4b82309794d35425270ef3b1017c60cd7de1b91b484ad9f9
race	sentence	paper	global_complete_case_mnar	system	row_pooled	llama3.1-70b-instruct	llama4-maverick-17b-128e-instruct	aitchison_magnitude_r	pearson_r	14802	936	592	0.06323469801378193	0.24633189050365745	0.18046758649953576	0.31584663342013053	500	500	3bab359b248413ff4b82309794d35425270ef3b1017c60cd7de1b91b484ad9f9
race	sentence	paper	global_complete_case_mnar	system	row_pooled	llama3.1-70b-instruct	llama4-maverick-17b-128e-instruct	fisher_rao_magnitude_r	pearson_r	14802	936	592	0.06323469801378193	0.16407516430329108	0.07574535073165892	0.26086258046614585	500	500	3bab359b248413ff4b82309794d35425270ef3b1017c60cd7de1b91b484ad9f9
race	sentence	paper	global_complete_case_mnar	system	row_pooled	llama3.1-70b-instruct	llama4-maverick-17b-128e-instruct	fisher_local_magnitude_r	pearson_r	14802	936	592	0.06323469801378193	0.21068770737975745	0.1082062147912538	0.31671240024025676	500	500	3bab359b248413ff4b82309794d35425270ef3b1017c60cd7de1b91b484ad9f9
race	sentence	paper	global_complete_case_mnar	system	prompt_equal	llama3.1-70b-instruct	llama4-maverick-17b-128e-instruct	signed_frobenius_r	pearson_r	14802	936	592	0.06323469801378193	-0.022842563414703913	-0.07114382411749416	0.02145862366428526	500	500	3bab359b248413ff4b82309794d35425270ef3b1017c60cd7de1b91b484ad9f9
race	sentence	paper	global_complete_case_mnar	system	prompt_equal	llama3.1-70b-instruct	llama4-maverick-17b-128e-instruct	direction_cosine	mean_cosine	14802	936	592	0.06323469801378193	-0.10482316423789645	-0.14510757919480005	-0.06276316067106749	500	500	3bab359b248413ff4b82309794d35425270ef3b1017c60cd7de1b91b484ad9f9
race	sentence	paper	global_complete_case_mnar	system	prompt_equal	llama3.1-70b-instruct	llama4-maverick-17b-128e-instruct	linear_cka	cka	14802	936	592	0.06323469801378193	0.005971649881327728	0.0031892032071629745	0.022309831388852504	500	500	3bab359b248413ff4b82309794d35425270ef3b1017c60cd7de1b91b484ad9f9
race	sentence	paper	global_complete_case_mnar	system	prompt_equal	llama3.1-70b-instruct	llama4-maverick-17b-128e-instruct	aitchison_magnitude_r	pearson_r	14802	936	592	0.06323469801378193	0.2626298914073126	0.19368599481251594	0.3277703738580824	500	500	3bab359b248413ff4b82309794d35425270ef3b1017c60cd7de1b91b484ad9f9
race	sentence	paper	global_complete_case_mnar	system	prompt_equal	llama3.1-70b-instruct	llama4-maverick-17b-128e-instruct	fisher_rao_magnitude_r	pearson_r	14802	936	592	0.06323469801378193	0.2093475399182876	0.1065329467762597	0.3272399196538808	500	500	3bab359b248413ff4b82309794d35425270ef3b1017c60cd7de1b91b484ad9f9
race	sentence	paper	global_complete_case_mnar	system	prompt_equal	llama3.1-70b-instruct	llama4-maverick-17b-128e-instruct	fisher_local_magnitude_r	pearson_r	14802	936	592	0.06323469801378193	0.2374185507454213	0.13945322981333017	0.33358506150306416	500	500	3bab359b248413ff4b82309794d35425270ef3b1017c60cd7de1b91b484ad9f9
race	sentence	paper	global_complete_case_mnar	user	row_pooled	llama3.1-70b-instruct	llama4-maverick-17b-128e-instruct	signed_frobenius_r	pearson_r	130742	17703	825	0.1354040782610026	0.6172452889052078	0.600045465234022	0.6335576805495712	500	500	f4dfff463588ac5ae026c9a5714d6982ed65510e3f0ce476ecc721a02f2aa318
race	sentence	paper	global_complete_case_mnar	user	row_pooled	llama3.1-70b-instruct	llama4-maverick-17b-128e-instruct	direction_cosine	mean_cosine	130742	17703	825	0.1354040782610026	0.22991795774343915	0.21687942307732333	0.2431629201624199	500	500	f4dfff463588ac5ae026c9a5714d6982ed65510e3f0ce476ecc721a02f2aa318
race	sentence	paper	global_complete_case_mnar	user	row_pooled	llama3.1-70b-instruct	llama4-maverick-17b-128e-instruct	linear_cka	cka	130742	17703	825	0.1354040782610026	0.38336064482976157	0.3624894110230602	0.4043752700143157	500	500	f4dfff463588ac5ae026c9a5714d6982ed65510e3f0ce476ecc721a02f2aa318
race	sentence	paper	global_complete_case_mnar	user	row_pooled	llama3.1-70b-instruct	llama4-maverick-17b-128e-instruct	aitchison_magnitude_r	pearson_r	130742	17703	825	0.1354040782610026	0.7344676904345465	0.7217008319240674	0.7478676447891405	500	500	f4dfff463588ac5ae026c9a5714d6982ed65510e3f0ce476ecc721a02f2aa318
race	sentence	paper	global_complete_case_mnar	user	row_pooled	llama3.1-70b-instruct	llama4-maverick-17b-128e-instruct	fisher_rao_magnitude_r	pearson_r	130742	17703	825	0.1354040782610026	0.5519936137780173	0.5298338430688636	0.5740243680074947	500	500	f4dfff463588ac5ae026c9a5714d6982ed65510e3f0ce476ecc721a02f2aa318
race	sentence	paper	global_complete_case_mnar	user	row_pooled	llama3.1-70b-instruct	llama4-maverick-17b-128e-instruct	fisher_local_magnitude_r	pearson_r	130742	17703	825	0.1354040782610026	0.17078834895674735	0.12966312577216463	0.2138817100301118	500	500	f4dfff463588ac5ae026c9a5714d6982ed65510e3f0ce476ecc721a02f2aa318
race	sentence	paper	global_complete_case_mnar	user	prompt_equal	llama3.1-70b-instruct	llama4-maverick-17b-128e-instruct	signed_frobenius_r	pearson_r	130742	17703	825	0.1354040782610026	0.640184067467666	0.622464649905527	0.6570385284099796	500	500	f4dfff463588ac5ae026c9a5714d6982ed65510e3f0ce476ecc721a02f2aa318
race	sentence	paper	global_complete_case_mnar	user	prompt_equal	llama3.1-70b-instruct	llama4-maverick-17b-128e-instruct	direction_cosine	mean_cosine	130742	17703	825	0.1354040782610026	0.25985788321719133	0.2471077875747902	0.27343307401193107	500	500	f4dfff463588ac5ae026c9a5714d6982ed65510e3f0ce476ecc721a02f2aa318
race	sentence	paper	global_complete_case_mnar	user	prompt_equal	llama3.1-70b-instruct	llama4-maverick-17b-128e-instruct	linear_cka	cka	130742	17703	825	0.1354040782610026	0.41395738493026957	0.3917626195405189	0.43847779720309804	500	500	f4dfff463588ac5ae026c9a5714d6982ed65510e3f0ce476ecc721a02f2aa318
race	sentence	paper	global_complete_case_mnar	user	prompt_equal	llama3.1-70b-instruct	llama4-maverick-17b-128e-instruct	aitchison_magnitude_r	pearson_r	130742	17703	825	0.1354040782610026	0.7441999148770453	0.7298238311790547	0.757444465324794	500	500	f4dfff463588ac5ae026c9a5714d6982ed65510e3f0ce476ecc721a02f2aa318
race	sentence	paper	global_complete_case_mnar	user	prompt_equal	llama3.1-70b-instruct	llama4-maverick-17b-128e-instruct	fisher_rao_magnitude_r	pearson_r	130742	17703	825	0.1354040782610026	0.5769251949659719	0.5497289139475418	0.5990561333921871	500	500	f4dfff463588ac5ae026c9a5714d6982ed65510e3f0ce476ecc721a02f2aa318
race	sentence	paper	global_complete_case_mnar	user	prompt_equal	llama3.1-70b-instruct	llama4-maverick-17b-128e-instruct	fisher_local_magnitude_r	pearson_r	130742	17703	825	0.1354040782610026	0.17669147271156893	0.13536233647487092	0.2232584459026654	500	500	f4dfff463588ac5ae026c9a5714d6982ed65510e3f0ce476ecc721a02f2aa318
race	sentence	paper	global_complete_case_mnar	prediction	row_pooled	llama3.1-70b-instruct	gpt-4o	signed_frobenius_r	pearson_r	4934	825	825	0.16720713417105795	0.8004716632968253	0.7855731137508467	0.8139951378951907	500	500	bb39c2d2fc4a8ec99452fbbab44f2b1aedd932bc8338ac64de82b714d19ca319
race	sentence	paper	global_complete_case_mnar	prediction	row_pooled	llama3.1-70b-instruct	gpt-4o	direction_cosine	mean_cosine	4934	825	825	0.16720713417105795	0.7388941736194449	0.7169120010856594	0.759310727651409	500	500	bb39c2d2fc4a8ec99452fbbab44f2b1aedd932bc8338ac64de82b714d19ca319
race	sentence	paper	global_complete_case_mnar	prediction	row_pooled	llama3.1-70b-instruct	gpt-4o	linear_cka	cka	4934	825	825	0.16720713417105795	0.6372589950846728	0.6144357267689277	0.6610425034438205	500	500	bb39c2d2fc4a8ec99452fbbab44f2b1aedd932bc8338ac64de82b714d19ca319
race	sentence	paper	global_complete_case_mnar	all	row_pooled	llama3.1-70b-instruct	gpt-4o	signed_frobenius_r	pearson_r	145544	18639	825	0.1280643654152696	0.5695207776659577	0.5537761027322202	0.5867867518580102	500	500	51385ad7fc65412a0b97abc35d2d48f0037ab21f612a40fbcc1920f35d7c578e
race	sentence	paper	global_complete_case_mnar	all	row_pooled	llama3.1-70b-instruct	gpt-4o	direction_cosine	mean_cosine	145544	18639	825	0.1280643654152696	0.218332107172773	0.204587628473601	0.23195848282268586	500	500	51385ad7fc65412a0b97abc35d2d48f0037ab21f612a40fbcc1920f35d7c578e
race	sentence	paper	global_complete_case_mnar	all	row_pooled	llama3.1-70b-instruct	gpt-4o	linear_cka	cka	145544	18639	825	0.1280643654152696	0.3234722773282499	0.30577599303479747	0.3455425777788633	500	500	51385ad7fc65412a0b97abc35d2d48f0037ab21f612a40fbcc1920f35d7c578e
race	sentence	paper	global_complete_case_mnar	all	row_pooled	llama3.1-70b-instruct	gpt-4o	aitchison_magnitude_r	pearson_r	145544	18639	825	0.1280643654152696	0.7043739286003767	0.6913892998294829	0.7180628303744258	500	500	51385ad7fc65412a0b97abc35d2d48f0037ab21f612a40fbcc1920f35d7c578e
race	sentence	paper	global_complete_case_mnar	all	row_pooled	llama3.1-70b-instruct	gpt-4o	fisher_rao_magnitude_r	pearson_r	145544	18639	825	0.1280643654152696	0.5348622258657663	0.5124349959586925	0.5600530142765952	500	500	51385ad7fc65412a0b97abc35d2d48f0037ab21f612a40fbcc1920f35d7c578e
race	sentence	paper	global_complete_case_mnar	all	row_pooled	llama3.1-70b-instruct	gpt-4o	fisher_local_magnitude_r	pearson_r	145544	18639	825	0.1280643654152696	0.15557457841173145	0.11976283191436884	0.18793112942138732	500	500	51385ad7fc65412a0b97abc35d2d48f0037ab21f612a40fbcc1920f35d7c578e
race	sentence	paper	global_complete_case_mnar	all	prompt_equal	llama3.1-70b-instruct	gpt-4o	signed_frobenius_r	pearson_r	145544	18639	825	0.1280643654152696	0.6099145015050286	0.5918044259836549	0.6278945114345085	500	500	51385ad7fc65412a0b97abc35d2d48f0037ab21f612a40fbcc1920f35d7c578e
race	sentence	paper	global_complete_case_mnar	all	prompt_equal	llama3.1-70b-instruct	gpt-4o	direction_cosine	mean_cosine	145544	18639	825	0.1280643654152696	0.24921758261167543	0.23571896232395134	0.26312904262530173	500	500	51385ad7fc65412a0b97abc35d2d48f0037ab21f612a40fbcc1920f35d7c578e
race	sentence	paper	global_complete_case_mnar	all	prompt_equal	llama3.1-70b-instruct	gpt-4o	linear_cka	cka	145544	18639	825	0.1280643654152696	0.37122830567231796	0.34974690471774184	0.3959350821332488	500	500	51385ad7fc65412a0b97abc35d2d48f0037ab21f612a40fbcc1920f35d7c578e
race	sentence	paper	global_complete_case_mnar	all	prompt_equal	llama3.1-70b-instruct	gpt-4o	aitchison_magnitude_r	pearson_r	145544	18639	825	0.1280643654152696	0.7283674067099306	0.7140477918899447	0.7430204396973682	500	500	51385ad7fc65412a0b97abc35d2d48f0037ab21f612a40fbcc1920f35d7c578e
race	sentence	paper	global_complete_case_mnar	all	prompt_equal	llama3.1-70b-instruct	gpt-4o	fisher_rao_magnitude_r	pearson_r	145544	18639	825	0.1280643654152696	0.5738820215686515	0.5499956013529247	0.5993285426443784	500	500	51385ad7fc65412a0b97abc35d2d48f0037ab21f612a40fbcc1920f35d7c578e
race	sentence	paper	global_complete_case_mnar	all	prompt_equal	llama3.1-70b-instruct	gpt-4o	fisher_local_magnitude_r	pearson_r	145544	18639	825	0.1280643654152696	0.16753995916941086	0.13039006130256203	0.20080920564355964	500	500	51385ad7fc65412a0b97abc35d2d48f0037ab21f612a40fbcc1920f35d7c578e
race	sentence	paper	global_complete_case_mnar	system	row_pooled	llama3.1-70b-instruct	gpt-4o	signed_frobenius_r	pearson_r	14802	936	592	0.06323469801378193	0.027561624992101044	-0.014543083401521214	0.06973131204160386	500	500	3bab359b248413ff4b82309794d35425270ef3b1017c60cd7de1b91b484ad9f9
race	sentence	paper	global_complete_case_mnar	system	row_pooled	llama3.1-70b-instruct	gpt-4o	direction_cosine	mean_cosine	14802	936	592	0.06323469801378193	0.0013759621166537766	-0.03582092402779406	0.03969460070627415	500	500	3bab359b248413ff4b82309794d35425270ef3b1017c60cd7de1b91b484ad9f9
race	sentence	paper	global_complete_case_mnar	system	row_pooled	llama3.1-70b-instruct	gpt-4o	linear_cka	cka	14802	936	592	0.06323469801378193	0.005011624781187746	0.00308072739058334	0.01475254304389978	500	500	3bab359b248413ff4b82309794d35425270ef3b1017c60cd7de1b91b484ad9f9
race	sentence	paper	global_complete_case_mnar	system	row_pooled	llama3.1-70b-instruct	gpt-4o	aitchison_magnitude_r	pearson_r	14802	936	592	0.06323469801378193	0.02582343400172227	-0.026098101221386612	0.08636771496655167	500	500	3bab359b248413ff4b82309794d35425270ef3b1017c60cd7de1b91b484ad9f9
race	sentence	paper	global_complete_case_mnar	system	row_pooled	llama3.1-70b-instruct	gpt-4o	fisher_rao_magnitude_r	pearson_r	14802	936	592	0.06323469801378193	0.06443607405327889	0.0027529806232375227	0.1313456641854129	500	500	3bab359b248413ff4b82309794d35425270ef3b1017c60cd7de1b91b484ad9f9
race	sentence	paper	global_complete_case_mnar	system	row_pooled	llama3.1-70b-instruct	gpt-4o	fisher_local_magnitude_r	pearson_r	14802	936	592	0.06323469801378193	0.10186902046698118	0.027388135049865973	0.1756278077661261	500	500	3bab359b248413ff4b82309794d35425270ef3b1017c60cd7de1b91b484ad9f9
race	sentence	paper	global_complete_case_mnar	system	prompt_equal	llama3.1-70b-instruct	gpt-4o	signed_frobenius_r	pearson_r	14802	936	592	0.06323469801378193	0.022160988454891867	-0.02426837112991272	0.06877330419427054	500	500	3bab359b248413ff4b82309794d35425270ef3b1017c60cd7de1b91b484ad9f9
race	sentence	paper	global_complete_case_mnar	system	prompt_equal	llama3.1-70b-instruct	gpt-4o	direction_cosine	mean_cosine	14802	936	592	0.06323469801378193	-0.007286622872546467	-0.04791960720703336	0.03514058942472919	500	500	3bab359b248413ff4b82309794d35425270ef3b1017c60cd7de1b91b484ad9f9
race	sentence	paper	global_complete_case_mnar	system	prompt_equal	llama3.1-70b-instruct	gpt-4o	linear_cka	cka	14802	936	592	0.06323469801378193	0.006236861782581426	0.0036423667954134727	0.01766297883032334	500	500	3bab359b248413ff4b82309794d35425270ef3b1017c60cd7de1b91b484ad9f9
race	sentence	paper	global_complete_case_mnar	system	prompt_equal	llama3.1-70b-instruct	gpt-4o	aitchison_magnitude_r	pearson_r	14802	936	592	0.06323469801378193	0.031539576549052484	-0.027017198016085688	0.09175973367636407	500	500	3bab359b248413ff4b82309794d35425270ef3b1017c60cd7de1b91b484ad9f9
race	sentence	paper	global_complete_case_mnar	system	prompt_equal	llama3.1-70b-instruct	gpt-4o	fisher_rao_magnitude_r	pearson_r	14802	936	592	0.06323469801378193	0.09474399079874975	0.030325574498368053	0.16914877798399494	500	500	3bab359b248413ff4b82309794d35425270ef3b1017c60cd7de1b91b484ad9f9
race	sentence	paper	global_complete_case_mnar	system	prompt_equal	llama3.1-70b-instruct	gpt-4o	fisher_local_magnitude_r	pearson_r	14802	936	592	0.06323469801378193	0.12106319661876813	0.03843607413902304	0.20132064533794322	500	500	3bab359b248413ff4b82309794d35425270ef3b1017c60cd7de1b91b484ad9f9
race	sentence	paper	global_complete_case_mnar	user	row_pooled	llama3.1-70b-instruct	gpt-4o	signed_frobenius_r	pearson_r	130742	17703	825	0.1354040782610026	0.5767149671235651	0.5583239119210649	0.5930847567020134	500	500	f4dfff463588ac5ae026c9a5714d6982ed65510e3f0ce476ecc721a02f2aa318
race	sentence	paper	global_complete_case_mnar	user	row_pooled	llama3.1-70b-instruct	gpt-4o	direction_cosine	mean_cosine	130742	17703	825	0.1354040782610026	0.2298069871960836	0.21584052908093154	0.24346871217321533	500	500	f4dfff463588ac5ae026c9a5714d6982ed65510e3f0ce476ecc721a02f2aa318
race	sentence	paper	global_complete_case_mnar	user	row_pooled	llama3.1-70b-instruct	gpt-4o	linear_cka	cka	130742	17703	825	0.1354040782610026	0.3317415094314741	0.31039372846675034	0.35194611648777624	500	500	f4dfff463588ac5ae026c9a5714d6982ed65510e3f0ce476ecc721a02f2aa318
race	sentence	paper	global_complete_case_mnar	user	row_pooled	llama3.1-70b-instruct	gpt-4o	aitchison_magnitude_r	pearson_r	130742	17703	825	0.1354040782610026	0.7080622708194146	0.6938094358971353	0.7213609438488053	500	500	f4dfff463588ac5ae026c9a5714d6982ed65510e3f0ce476ecc721a02f2aa318
race	sentence	paper	global_complete_case_mnar	user	row_pooled	llama3.1-70b-instruct	gpt-4o	fisher_rao_magnitude_r	pearson_r	130742	17703	825	0.1354040782610026	0.5409115114784733	0.51785921393464	0.5646486742899165	500	500	f4dfff463588ac5ae026c9a5714d6982ed65510e3f0ce476ecc721a02f2aa318
race	sentence	paper	global_complete_case_mnar	user	row_pooled	llama3.1-70b-instruct	gpt-4o	fisher_local_magnitude_r	pearson_r	130742	17703	825	0.1354040782610026	0.1573646207266539	0.12427858461190709	0.18914252242293506	500	500	f4dfff463588ac5ae026c9a5714d6982ed65510e3f0ce476ecc721a02f2aa318
race	sentence	paper	global_complete_case_mnar	user	prompt_equal	llama3.1-70b-instruct	gpt-4o	signed_frobenius_r	pearson_r	130742	17703	825	0.1354040782610026	0.6133859711050305	0.5948883200674062	0.6299350249560024	500	500	f4dfff463588ac5ae026c9a5714d6982ed65510e3f0ce476ecc721a02f2aa318
race	sentence	paper	global_complete_case_mnar	user	prompt_equal	llama3.1-70b-instruct	gpt-4o	direction_cosine	mean_cosine	130742	17703	825	0.1354040782610026	0.2617722480623502	0.24670342405105952	0.2766642356060375	500	500	f4dfff463588ac5ae026c9a5714d6982ed65510e3f0ce476ecc721a02f2aa318
race	sentence	paper	global_complete_case_mnar	user	prompt_equal	llama3.1-70b-instruct	gpt-4o	linear_cka	cka	130742	17703	825	0.1354040782610026	0.37525048594383753	0.3535906929995794	0.399128602924588	500	500	f4dfff463588ac5ae026c9a5714d6982ed65510e3f0ce476ecc721a02f2aa318
race	sentence	paper	global_complete_case_mnar	user	prompt_equal	llama3.1-70b-instruct	gpt-4o	aitchison_magnitude_r	pearson_r	130742	17703	825	0.1354040782610026	0.7281998747169259	0.7140526451183019	0.7423917668426417	500	500	f4dfff463588ac5ae026c9a5714d6982ed65510e3f0ce476ecc721a02f2aa318
race	sentence	paper	global_complete_case_mnar	user	prompt_equal	llama3.1-70b-instruct	gpt-4o	fisher_rao_magnitude_r	pearson_r	130742	17703	825	0.1354040782610026	0.5757006381893657	0.5524960088689481	0.6007087433859813	500	500	f4dfff463588ac5ae026c9a5714d6982ed65510e3f0ce476ecc721a02f2aa318
race	sentence	paper	global_complete_case_mnar	user	prompt_equal	llama3.1-70b-instruct	gpt-4o	fisher_local_magnitude_r	pearson_r	130742	17703	825	0.1354040782610026	0.17096485280232604	0.1338688824534358	0.20469043250231495	500	500	f4dfff463588ac5ae026c9a5714d6982ed65510e3f0ce476ecc721a02f2aa318
race	sentence	paper	global_complete_case_mnar	prediction	row_pooled	llama3.1-70b-instruct	gpt-4-1	signed_frobenius_r	pearson_r	4934	825	825	0.16720713417105795	0.8015333156329142	0.7859383887818233	0.8169381602338872	500	500	bb39c2d2fc4a8ec99452fbbab44f2b1aedd932bc8338ac64de82b714d19ca319
race	sentence	paper	global_complete_case_mnar	prediction	row_pooled	llama3.1-70b-instruct	gpt-4-1	direction_cosine	mean_cosine	4934	825	825	0.16720713417105795	0.7636449064213386	0.7425953087930973	0.7843487779703716	500	500	bb39c2d2fc4a8ec99452fbbab44f2b1aedd932bc8338ac64de82b714d19ca319
race	sentence	paper	global_complete_case_mnar	prediction	row_pooled	llama3.1-70b-instruct	gpt-4-1	linear_cka	cka	4934	825	825	0.16720713417105795	0.6447625213481518	0.6193896923106094	0.6722165956779903	500	500	bb39c2d2fc4a8ec99452fbbab44f2b1aedd932bc8338ac64de82b714d19ca319
race	sentence	paper	global_complete_case_mnar	all	row_pooled	llama3.1-70b-instruct	gpt-4-1	signed_frobenius_r	pearson_r	145544	18639	825	0.1280643654152696	0.5932157023620546	0.5755391055870422	0.6099701816192721	500	500	51385ad7fc65412a0b97abc35d2d48f0037ab21f612a40fbcc1920f35d7c578e
race	sentence	paper	global_complete_case_mnar	all	row_pooled	llama3.1-70b-instruct	gpt-4-1	direction_cosine	mean_cosine	145544	18639	825	0.1280643654152696	0.22208761798096097	0.21041308820434834	0.2359241812394315	500	500	51385ad7fc65412a0b97abc35d2d48f0037ab21f612a40fbcc1920f35d7c578e
race	sentence	paper	global_complete_case_mnar	all	row_pooled	llama3.1-70b-instruct	gpt-4-1	linear_cka	cka	145544	18639	825	0.1280643654152696	0.353231735155555	0.33239508914956345	0.37545722551513466	500	500	51385ad7fc65412a0b97abc35d2d48f0037ab21f612a40fbcc1920f35d7c578e
race	sentence	paper	global_complete_case_mnar	all	row_pooled	llama3.1-70b-instruct	gpt-4-1	aitchison_magnitude_r	pearson_r	145544	18639	825	0.1280643654152696	0.7098818907803947	0.6942120621740302	0.7248385042233068	500	500	51385ad7fc65412a0b97abc35d2d48f0037ab21f612a40fbcc1920f35d7c578e
race	sentence	paper	global_complete_case_mnar	all	row_pooled	llama3.1-70b-instruct	gpt-4-1	fisher_rao_magnitude_r	pearson_r	145544	18639	825	0.1280643654152696	0.5163573918727777	0.4914156994664604	0.5408776915490724	500	500	51385ad7fc65412a0b97abc35d2d48f0037ab21f612a40fbcc1920f35d7c578e
race	sentence	paper	global_complete_case_mnar	all	row_pooled	llama3.1-70b-instruct	gpt-4-1	fisher_local_magnitude_r	pearson_r	145544	18639	825	0.1280643654152696	0.17459378734875383	0.13184662901162833	0.21212326060173192	500	500	51385ad7fc65412a0b97abc35d2d48f0037ab21f612a40fbcc1920f35d7c578e
race	sentence	paper	global_complete_case_mnar	all	prompt_equal	llama3.1-70b-instruct	gpt-4-1	signed_frobenius_r	pearson_r	145544	18639	825	0.1280643654152696	0.6275121632154805	0.6103547578763732	0.644652841679097	500	500	51385ad7fc65412a0b97abc35d2d48f0037ab21f612a40fbcc1920f35d7c578e
race	sentence	paper	global_complete_case_mnar	all	prompt_equal	llama3.1-70b-instruct	gpt-4-1	direction_cosine	mean_cosine	145544	18639	825	0.1280643654152696	0.25159405049389194	0.2390581035910883	0.2649974934086476	500	500	51385ad7fc65412a0b97abc35d2d48f0037ab21f612a40fbcc1920f35d7c578e
race	sentence	paper	global_complete_case_mnar	all	prompt_equal	llama3.1-70b-instruct	gpt-4-1	linear_cka	cka	145544	18639	825	0.1280643654152696	0.3937782518920161	0.3722156018175152	0.4173457758715558	500	500	51385ad7fc65412a0b97abc35d2d48f0037ab21f612a40fbcc1920f35d7c578e
race	sentence	paper	global_complete_case_mnar	all	prompt_equal	llama3.1-70b-instruct	gpt-4-1	aitchison_magnitude_r	pearson_r	145544	18639	825	0.1280643654152696	0.7255700412754	0.7100047036926754	0.7412275579255784	500	500	51385ad7fc65412a0b97abc35d2d48f0037ab21f612a40fbcc1920f35d7c578e
race	sentence	paper	global_complete_case_mnar	all	prompt_equal	llama3.1-70b-instruct	gpt-4-1	fisher_rao_magnitude_r	pearson_r	145544	18639	825	0.1280643654152696	0.5591363361915349	0.5348533440971286	0.5837977921383573	500	500	51385ad7fc65412a0b97abc35d2d48f0037ab21f612a40fbcc1920f35d7c578e
race	sentence	paper	global_complete_case_mnar	all	prompt_equal	llama3.1-70b-instruct	gpt-4-1	fisher_local_magnitude_r	pearson_r	145544	18639	825	0.1280643654152696	0.17506459117197132	0.12895286356060265	0.22069495086632845	500	500	51385ad7fc65412a0b97abc35d2d48f0037ab21f612a40fbcc1920f35d7c578e
race	sentence	paper	global_complete_case_mnar	system	row_pooled	llama3.1-70b-instruct	gpt-4-1	signed_frobenius_r	pearson_r	14802	936	592	0.06323469801378193	0.026766090009259724	-0.01820531738425861	0.06871194355873783	500	500	3bab359b248413ff4b82309794d35425270ef3b1017c60cd7de1b91b484ad9f9
race	sentence	paper	global_complete_case_mnar	system	row_pooled	llama3.1-70b-instruct	gpt-4-1	direction_cosine	mean_cosine	14802	936	592	0.06323469801378193	0.03330269184229593	-0.00574338329384727	0.0672115354522445	500	500	3bab359b248413ff4b82309794d35425270ef3b1017c60cd7de1b91b484ad9f9
race	sentence	paper	global_complete_case_mnar	system	row_pooled	llama3.1-70b-instruct	gpt-4-1	linear_cka	cka	14802	936	592	0.06323469801378193	0.0022454536454217483	0.0016340610431679543	0.010797069733332373	500	500	3bab359b248413ff4b82309794d35425270ef3b1017c60cd7de1b91b484ad9f9
race	sentence	paper	global_complete_case_mnar	system	row_pooled	llama3.1-70b-instruct	gpt-4-1	aitchison_magnitude_r	pearson_r	14802	936	592	0.06323469801378193	0.0713958215772771	0.019638238156237112	0.13878780700271648	500	500	3bab359b248413ff4b82309794d35425270ef3b1017c60cd7de1b91b484ad9f9
race	sentence	paper	global_complete_case_mnar	system	row_pooled	llama3.1-70b-instruct	gpt-4-1	fisher_rao_magnitude_r	pearson_r	14802	936	592	0.06323469801378193	0.05290809068896357	-0.005630625569842298	0.10906252833605623	500	500	3bab359b248413ff4b82309794d35425270ef3b1017c60cd7de1b91b484ad9f9
race	sentence	paper	global_complete_case_mnar	system	row_pooled	llama3.1-70b-instruct	gpt-4-1	fisher_local_magnitude_r	pearson_r	14802	936	592	0.06323469801378193	0.044312678482073216	-0.004179017695684308	0.10017709046563213	500	500	3bab359b248413ff4b82309794d35425270ef3b1017c60cd7de1b91b484ad9f9
race	sentence	paper	global_complete_case_mnar	system	prompt_equal	llama3.1-70b-instruct	gpt-4-1	signed_frobenius_r	pearson_r	14802	936	592	0.06323469801378193	0.02324106803711432	-0.02295562019904845	0.0630712355629885	500	500	3bab359b248413ff4b82309794d35425270ef3b1017c60cd7de1b91b484ad9f9
race	sentence	paper	global_complete_case_mnar	system	prompt_equal	llama3.1-70b-instruct	gpt-4-1	direction_cosine	mean_cosine	14802	936	592	0.06323469801378193	0.021894873584912822	-0.017512889416914996	0.06351829896177982	500	500	3bab359b248413ff4b82309794d35425270ef3b1017c60cd7de1b91b484ad9f9
race	sentence	paper	global_complete_case_mnar	system	prompt_equal	llama3.1-70b-instruct	gpt-4-1	linear_cka	cka	14802	936	592	0.06323469801378193	0.0020017540854397444	0.0013093920011651972	0.011029845713442498	500	500	3bab359b248413ff4b82309794d35425270ef3b1017c60cd7de1b91b484ad9f9
race	sentence	paper	global_complete_case_mnar	system	prompt_equal	llama3.1-70b-instruct	gpt-4-1	aitchison_magnitude_r	pearson_r	14802	936	592	0.06323469801378193	0.06776923427397359	0.017666279661120495	0.13523839117743386	500	500	3bab359b248413ff4b82309794d35425270ef3b1017c60cd7de1b91b484ad9f9
race	sentence	paper	global_complete_case_mnar	system	prompt_equal	llama3.1-70b-instruct	gpt-4-1	fisher_rao_magnitude_r	pearson_r	14802	936	592	0.06323469801378193	0.05381167904307382	-0.0015559350845711383	0.11185850837596584	500	500	3bab359b248413ff4b82309794d35425270ef3b1017c60cd7de1b91b484ad9f9
race	sentence	paper	global_complete_case_mnar	system	prompt_equal	llama3.1-70b-instruct	gpt-4-1	fisher_local_magnitude_r	pearson_r	14802	936	592	0.06323469801378193	0.039258921511895174	-0.006265272524674994	0.09704042638545639	500	500	3bab359b248413ff4b82309794d35425270ef3b1017c60cd7de1b91b484ad9f9
race	sentence	paper	global_complete_case_mnar	user	row_pooled	llama3.1-70b-instruct	gpt-4-1	signed_frobenius_r	pearson_r	130742	17703	825	0.1354040782610026	0.5993599347675791	0.5821091801916002	0.6167832003806331	500	500	f4dfff463588ac5ae026c9a5714d6982ed65510e3f0ce476ecc721a02f2aa318
race	sentence	paper	global_complete_case_mnar	user	row_pooled	llama3.1-70b-instruct	gpt-4-1	direction_cosine	mean_cosine	130742	17703	825	0.1354040782610026	0.23207251320985797	0.218808925625699	0.24491918666045714	500	500	f4dfff463588ac5ae026c9a5714d6982ed65510e3f0ce476ecc721a02f2aa318
race	sentence	paper	global_complete_case_mnar	user	row_pooled	llama3.1-70b-instruct	gpt-4-1	linear_cka	cka	130742	17703	825	0.1354040782610026	0.36054719572979305	0.3408264327761162	0.3820711265390406	500	500	f4dfff463588ac5ae026c9a5714d6982ed65510e3f0ce476ecc721a02f2aa318
race	sentence	paper	global_complete_case_mnar	user	row_pooled	llama3.1-70b-instruct	gpt-4-1	aitchison_magnitude_r	pearson_r	130742	17703	825	0.1354040782610026	0.7120628078490165	0.6982149244269963	0.7259231951984481	500	500	f4dfff463588ac5ae026c9a5714d6982ed65510e3f0ce476ecc721a02f2aa318
race	sentence	paper	global_complete_case_mnar	user	row_pooled	llama3.1-70b-instruct	gpt-4-1	fisher_rao_magnitude_r	pearson_r	130742	17703	825	0.1354040782610026	0.5217421433112244	0.49784145243923755	0.5479952933594472	500	500	f4dfff463588ac5ae026c9a5714d6982ed65510e3f0ce476ecc721a02f2aa318
race	sentence	paper	global_complete_case_mnar	user	row_pooled	llama3.1-70b-instruct	gpt-4-1	fisher_local_magnitude_r	pearson_r	130742	17703	825	0.1354040782610026	0.1763025610977421	0.13348560353310018	0.21684559762180766	500	500	f4dfff463588ac5ae026c9a5714d6982ed65510e3f0ce476ecc721a02f2aa318
race	sentence	paper	global_complete_case_mnar	user	prompt_equal	llama3.1-70b-instruct	gpt-4-1	signed_frobenius_r	pearson_r	130742	17703	825	0.1354040782610026	0.630450930476811	0.611807017573141	0.6471964304641492	500	500	f4dfff463588ac5ae026c9a5714d6982ed65510e3f0ce476ecc721a02f2aa318
race	sentence	paper	global_complete_case_mnar	user	prompt_equal	llama3.1-70b-instruct	gpt-4-1	direction_cosine	mean_cosine	130742	17703	825	0.1354040782610026	0.26309447992719875	0.2497766093283399	0.2763387152263671	500	500	f4dfff463588ac5ae026c9a5714d6982ed65510e3f0ce476ecc721a02f2aa318
race	sentence	paper	global_complete_case_mnar	user	prompt_equal	llama3.1-70b-instruct	gpt-4-1	linear_cka	cka	130742	17703	825	0.1354040782610026	0.39724132507306803	0.37506235386100484	0.41995135513432874	500	500	f4dfff463588ac5ae026c9a5714d6982ed65510e3f0ce476ecc721a02f2aa318
race	sentence	paper	global_complete_case_mnar	user	prompt_equal	llama3.1-70b-instruct	gpt-4-1	aitchison_magnitude_r	pearson_r	130742	17703	825	0.1354040782610026	0.7252701099983452	0.70963384919052	0.7391918802193135	500	500	f4dfff463588ac5ae026c9a5714d6982ed65510e3f0ce476ecc721a02f2aa318
race	sentence	paper	global_complete_case_mnar	user	prompt_equal	llama3.1-70b-instruct	gpt-4-1	fisher_rao_magnitude_r	pearson_r	130742	17703	825	0.1354040782610026	0.5599658270118673	0.5328290276047708	0.5864674622399161	500	500	f4dfff463588ac5ae026c9a5714d6982ed65510e3f0ce476ecc721a02f2aa318
race	sentence	paper	global_complete_case_mnar	user	prompt_equal	llama3.1-70b-instruct	gpt-4-1	fisher_local_magnitude_r	pearson_r	130742	17703	825	0.1354040782610026	0.17878685065081884	0.13066649023267618	0.22732906537070086	500	500	f4dfff463588ac5ae026c9a5714d6982ed65510e3f0ce476ecc721a02f2aa318
race	sentence	paper	global_complete_case_mnar	prediction	row_pooled	llama3.1-70b-instruct	gemini-2-5-flash-lite-vertex	signed_frobenius_r	pearson_r	4934	825	825	0.16720713417105795	0.7602842017202947	0.7392846771882529	0.780884753320519	500	500	bb39c2d2fc4a8ec99452fbbab44f2b1aedd932bc8338ac64de82b714d19ca319
race	sentence	paper	global_complete_case_mnar	prediction	row_pooled	llama3.1-70b-instruct	gemini-2-5-flash-lite-vertex	direction_cosine	mean_cosine	4934	825	825	0.16720713417105795	0.7248807696063648	0.6980317046307475	0.7502489118103429	500	500	bb39c2d2fc4a8ec99452fbbab44f2b1aedd932bc8338ac64de82b714d19ca319
race	sentence	paper	global_complete_case_mnar	prediction	row_pooled	llama3.1-70b-instruct	gemini-2-5-flash-lite-vertex	linear_cka	cka	4934	825	825	0.16720713417105795	0.5748583219488981	0.5440888849348314	0.6098702164040752	500	500	bb39c2d2fc4a8ec99452fbbab44f2b1aedd932bc8338ac64de82b714d19ca319
race	sentence	paper	global_complete_case_mnar	all	row_pooled	llama3.1-70b-instruct	gemini-2-5-flash-lite-vertex	signed_frobenius_r	pearson_r	145544	18639	825	0.1280643654152696	0.41785628234034744	0.3916063034445264	0.44557878936067447	500	500	51385ad7fc65412a0b97abc35d2d48f0037ab21f612a40fbcc1920f35d7c578e
race	sentence	paper	global_complete_case_mnar	all	row_pooled	llama3.1-70b-instruct	gemini-2-5-flash-lite-vertex	direction_cosine	mean_cosine	145544	18639	825	0.1280643654152696	0.18423520370121496	0.1715576414877914	0.19830418562083973	500	500	51385ad7fc65412a0b97abc35d2d48f0037ab21f612a40fbcc1920f35d7c578e
race	sentence	paper	global_complete_case_mnar	all	row_pooled	llama3.1-70b-instruct	gemini-2-5-flash-lite-vertex	linear_cka	cka	145544	18639	825	0.1280643654152696	0.1793182190993883	0.15653899783987144	0.2034978274121295	500	500	51385ad7fc65412a0b97abc35d2d48f0037ab21f612a40fbcc1920f35d7c578e
race	sentence	paper	global_complete_case_mnar	all	row_pooled	llama3.1-70b-instruct	gemini-2-5-flash-lite-vertex	aitchison_magnitude_r	pearson_r	145544	18639	825	0.1280643654152696	0.46179711332887646	0.42277601116413355	0.5001388065956094	500	500	51385ad7fc65412a0b97abc35d2d48f0037ab21f612a40fbcc1920f35d7c578e
race	sentence	paper	global_complete_case_mnar	all	row_pooled	llama3.1-70b-instruct	gemini-2-5-flash-lite-vertex	fisher_rao_magnitude_r	pearson_r	145544	18639	825	0.1280643654152696	0.4433238804015582	0.4131301371644424	0.47323653807327626	500	500	51385ad7fc65412a0b97abc35d2d48f0037ab21f612a40fbcc1920f35d7c578e
race	sentence	paper	global_complete_case_mnar	all	row_pooled	llama3.1-70b-instruct	gemini-2-5-flash-lite-vertex	fisher_local_magnitude_r	pearson_r	145544	18639	825	0.1280643654152696	0.18460805689956408	0.15545922809943166	0.21589525611322524	500	500	51385ad7fc65412a0b97abc35d2d48f0037ab21f612a40fbcc1920f35d7c578e
race	sentence	paper	global_complete_case_mnar	all	prompt_equal	llama3.1-70b-instruct	gemini-2-5-flash-lite-vertex	signed_frobenius_r	pearson_r	145544	18639	825	0.1280643654152696	0.4685789571173068	0.4408434161717465	0.49720750958808807	500	500	51385ad7fc65412a0b97abc35d2d48f0037ab21f612a40fbcc1920f35d7c578e
race	sentence	paper	global_complete_case_mnar	all	prompt_equal	llama3.1-70b-instruct	gemini-2-5-flash-lite-vertex	direction_cosine	mean_cosine	145544	18639	825	0.1280643654152696	0.21522501030675997	0.2013701108142873	0.22940799822274915	500	500	51385ad7fc65412a0b97abc35d2d48f0037ab21f612a40fbcc1920f35d7c578e
race	sentence	paper	global_complete_case_mnar	all	prompt_equal	llama3.1-70b-instruct	gemini-2-5-flash-lite-vertex	linear_cka	cka	145544	18639	825	0.1280643654152696	0.22623691589026199	0.1998244694472274	0.2559359172746709	500	500	51385ad7fc65412a0b97abc35d2d48f0037ab21f612a40fbcc1920f35d7c578e
race	sentence	paper	global_complete_case_mnar	all	prompt_equal	llama3.1-70b-instruct	gemini-2-5-flash-lite-vertex	aitchison_magnitude_r	pearson_r	145544	18639	825	0.1280643654152696	0.5058268691981368	0.46833622299574384	0.5447188393495183	500	500	51385ad7fc65412a0b97abc35d2d48f0037ab21f612a40fbcc1920f35d7c578e
race	sentence	paper	global_complete_case_mnar	all	prompt_equal	llama3.1-70b-instruct	gemini-2-5-flash-lite-vertex	fisher_rao_magnitude_r	pearson_r	145544	18639	825	0.1280643654152696	0.4789374781284694	0.4493747018437201	0.5063574761758742	500	500	51385ad7fc65412a0b97abc35d2d48f0037ab21f612a40fbcc1920f35d7c578e
race	sentence	paper	global_complete_case_mnar	all	prompt_equal	llama3.1-70b-instruct	gemini-2-5-flash-lite-vertex	fisher_local_magnitude_r	pearson_r	145544	18639	825	0.1280643654152696	0.22182511036701283	0.18973340206581063	0.2553387128399719	500	500	51385ad7fc65412a0b97abc35d2d48f0037ab21f612a40fbcc1920f35d7c578e
race	sentence	paper	global_complete_case_mnar	system	row_pooled	llama3.1-70b-instruct	gemini-2-5-flash-lite-vertex	signed_frobenius_r	pearson_r	14802	936	592	0.06323469801378193	-0.0010304879319269597	-0.04361226354554604	0.04155099317033791	500	500	3bab359b248413ff4b82309794d35425270ef3b1017c60cd7de1b91b484ad9f9
race	sentence	paper	global_complete_case_mnar	system	row_pooled	llama3.1-70b-instruct	gemini-2-5-flash-lite-vertex	direction_cosine	mean_cosine	14802	936	592	0.06323469801378193	0.007286002487667378	-0.02472562802111775	0.04156567756852071	500	500	3bab359b248413ff4b82309794d35425270ef3b1017c60cd7de1b91b484ad9f9
race	sentence	paper	global_complete_case_mnar	system	row_pooled	llama3.1-70b-instruct	gemini-2-5-flash-lite-vertex	linear_cka	cka	14802	936	592	0.06323469801378193	0.0017819507621207864	0.0013788955005767415	0.011511856200222334	500	500	3bab359b248413ff4b82309794d35425270ef3b1017c60cd7de1b91b484ad9f9
race	sentence	paper	global_complete_case_mnar	system	row_pooled	llama3.1-70b-instruct	gemini-2-5-flash-lite-vertex	aitchison_magnitude_r	pearson_r	14802	936	592	0.06323469801378193	0.08073370516277137	0.033022549770342045	0.13417708374675835	500	500	3bab359b248413ff4b82309794d35425270ef3b1017c60cd7de1b91b484ad9f9
race	sentence	paper	global_complete_case_mnar	system	row_pooled	llama3.1-70b-instruct	gemini-2-5-flash-lite-vertex	fisher_rao_magnitude_r	pearson_r	14802	936	592	0.06323469801378193	0.13943573517674795	0.0672554894599361	0.2177933243058998	500	500	3bab359b248413ff4b82309794d35425270ef3b1017c60cd7de1b91b484ad9f9
race	sentence	paper	global_complete_case_mnar	system	row_pooled	llama3.1-70b-instruct	gemini-2-5-flash-lite-vertex	fisher_local_magnitude_r	pearson_r	14802	936	592	0.06323469801378193	0.08552984146290915	0.029688578163602836	0.1454091360227725	500	500	3bab359b248413ff4b82309794d35425270ef3b1017c60cd7de1b91b484ad9f9
race	sentence	paper	global_complete_case_mnar	system	prompt_equal	llama3.1-70b-instruct	gemini-2-5-flash-lite-vertex	signed_frobenius_r	pearson_r	14802	936	592	0.06323469801378193	0.0024372704375173375	-0.038032926983859246	0.04178139120095404	500	500	3bab359b248413ff4b82309794d35425270ef3b1017c60cd7de1b91b484ad9f9
race	sentence	paper	global_complete_case_mnar	system	prompt_equal	llama3.1-70b-instruct	gemini-2-5-flash-lite-vertex	direction_cosine	mean_cosine	14802	936	592	0.06323469801378193	0.012993569588716995	-0.02336837979625334	0.05084353424714238	500	500	3bab359b248413ff4b82309794d35425270ef3b1017c60cd7de1b91b484ad9f9
race	sentence	paper	global_complete_case_mnar	system	prompt_equal	llama3.1-70b-instruct	gemini-2-5-flash-lite-vertex	linear_cka	cka	14802	936	592	0.06323469801378193	0.0012765460191920277	0.0014004421280874315	0.010995065118335201	500	500	3bab359b248413ff4b82309794d35425270ef3b1017c60cd7de1b91b484ad9f9
race	sentence	paper	global_complete_case_mnar	system	prompt_equal	llama3.1-70b-instruct	gemini-2-5-flash-lite-vertex	aitchison_magnitude_r	pearson_r	14802	936	592	0.06323469801378193	0.07960743049446073	0.030177381277533482	0.1334285080849258	500	500	3bab359b248413ff4b82309794d35425270ef3b1017c60cd7de1b91b484ad9f9
race	sentence	paper	global_complete_case_mnar	system	prompt_equal	llama3.1-70b-instruct	gemini-2-5-flash-lite-vertex	fisher_rao_magnitude_r	pearson_r	14802	936	592	0.06323469801378193	0.12641048603076932	0.05635875700378663	0.20404919496140042	500	500	3bab359b248413ff4b82309794d35425270ef3b1017c60cd7de1b91b484ad9f9
race	sentence	paper	global_complete_case_mnar	system	prompt_equal	llama3.1-70b-instruct	gemini-2-5-flash-lite-vertex	fisher_local_magnitude_r	pearson_r	14802	936	592	0.06323469801378193	0.08602641673777985	0.029515325287973	0.14742838517254936	500	500	3bab359b248413ff4b82309794d35425270ef3b1017c60cd7de1b91b484ad9f9
race	sentence	paper	global_complete_case_mnar	user	row_pooled	llama3.1-70b-instruct	gemini-2-5-flash-lite-vertex	signed_frobenius_r	pearson_r	130742	17703	825	0.1354040782610026	0.42620314644861546	0.3991903088463758	0.4522171202789528	500	500	f4dfff463588ac5ae026c9a5714d6982ed65510e3f0ce476ecc721a02f2aa318
race	sentence	paper	global_complete_case_mnar	user	row_pooled	llama3.1-70b-instruct	gemini-2-5-flash-lite-vertex	direction_cosine	mean_cosine	130742	17703	825	0.1354040782610026	0.1935941036467357	0.180476720657104	0.20664559875642177	500	500	f4dfff463588ac5ae026c9a5714d6982ed65510e3f0ce476ecc721a02f2aa318
race	sentence	paper	global_complete_case_mnar	user	row_pooled	llama3.1-70b-instruct	gemini-2-5-flash-lite-vertex	linear_cka	cka	130742	17703	825	0.1354040782610026	0.18636362611258434	0.16197726473273588	0.21123545931106005	500	500	f4dfff463588ac5ae026c9a5714d6982ed65510e3f0ce476ecc721a02f2aa318
race	sentence	paper	global_complete_case_mnar	user	row_pooled	llama3.1-70b-instruct	gemini-2-5-flash-lite-vertex	aitchison_magnitude_r	pearson_r	130742	17703	825	0.1354040782610026	0.4678138819722806	0.42821426811851704	0.507885939232126	500	500	f4dfff463588ac5ae026c9a5714d6982ed65510e3f0ce476ecc721a02f2aa318
race	sentence	paper	global_complete_case_mnar	user	row_pooled	llama3.1-70b-instruct	gemini-2-5-flash-lite-vertex	fisher_rao_magnitude_r	pearson_r	130742	17703	825	0.1354040782610026	0.44717700206821404	0.41515526502415956	0.47723555630416964	500	500	f4dfff463588ac5ae026c9a5714d6982ed65510e3f0ce476ecc721a02f2aa318
race	sentence	paper	global_complete_case_mnar	user	row_pooled	llama3.1-70b-instruct	gemini-2-5-flash-lite-vertex	fisher_local_magnitude_r	pearson_r	130742	17703	825	0.1354040782610026	0.18754807906596413	0.15722935112763564	0.21636071501279258	500	500	f4dfff463588ac5ae026c9a5714d6982ed65510e3f0ce476ecc721a02f2aa318
race	sentence	paper	global_complete_case_mnar	user	prompt_equal	llama3.1-70b-instruct	gemini-2-5-flash-lite-vertex	signed_frobenius_r	pearson_r	130742	17703	825	0.1354040782610026	0.473987650050342	0.4477424480161536	0.5019074412111275	500	500	f4dfff463588ac5ae026c9a5714d6982ed65510e3f0ce476ecc721a02f2aa318
race	sentence	paper	global_complete_case_mnar	user	prompt_equal	llama3.1-70b-instruct	gemini-2-5-flash-lite-vertex	direction_cosine	mean_cosine	130742	17703	825	0.1354040782610026	0.2250442926208908	0.2138407209515805	0.2378918766031313	500	500	f4dfff463588ac5ae026c9a5714d6982ed65510e3f0ce476ecc721a02f2aa318
race	sentence	paper	global_complete_case_mnar	user	prompt_equal	llama3.1-70b-instruct	gemini-2-5-flash-lite-vertex	linear_cka	cka	130742	17703	825	0.1354040782610026	0.23122518400347464	0.2064843969838829	0.2591671556756997	500	500	f4dfff463588ac5ae026c9a5714d6982ed65510e3f0ce476ecc721a02f2aa318
race	sentence	paper	global_complete_case_mnar	user	prompt_equal	llama3.1-70b-instruct	gemini-2-5-flash-lite-vertex	aitchison_magnitude_r	pearson_r	130742	17703	825	0.1354040782610026	0.5084641128101443	0.4713622555653348	0.5457960549054844	500	500	f4dfff463588ac5ae026c9a5714d6982ed65510e3f0ce476ecc721a02f2aa318
race	sentence	paper	global_complete_case_mnar	user	prompt_equal	llama3.1-70b-instruct	gemini-2-5-flash-lite-vertex	fisher_rao_magnitude_r	pearson_r	130742	17703	825	0.1354040782610026	0.4801636858795831	0.45029936709281393	0.5108908609762027	500	500	f4dfff463588ac5ae026c9a5714d6982ed65510e3f0ce476ecc721a02f2aa318
race	sentence	paper	global_complete_case_mnar	user	prompt_equal	llama3.1-70b-instruct	gemini-2-5-flash-lite-vertex	fisher_local_magnitude_r	pearson_r	130742	17703	825	0.1354040782610026	0.22418533305035707	0.19080345315373987	0.25333866616113276	500	500	f4dfff463588ac5ae026c9a5714d6982ed65510e3f0ce476ecc721a02f2aa318
race	sentence	paper	global_complete_case_mnar	prediction	row_pooled	llama3.3-70b-instruct	llama4-maverick-17b-128e-instruct	signed_frobenius_r	pearson_r	4934	825	825	0.16720713417105795	0.7859576995392991	0.7667080280505623	0.8049378920507827	500	500	bb39c2d2fc4a8ec99452fbbab44f2b1aedd932bc8338ac64de82b714d19ca319
race	sentence	paper	global_complete_case_mnar	prediction	row_pooled	llama3.3-70b-instruct	llama4-maverick-17b-128e-instruct	direction_cosine	mean_cosine	4934	825	825	0.16720713417105795	0.7360173896940979	0.7103201856852543	0.7630439315088124	500	500	bb39c2d2fc4a8ec99452fbbab44f2b1aedd932bc8338ac64de82b714d19ca319
race	sentence	paper	global_complete_case_mnar	prediction	row_pooled	llama3.3-70b-instruct	llama4-maverick-17b-128e-instruct	linear_cka	cka	4934	825	825	0.16720713417105795	0.6156445932922827	0.5863744323918768	0.6464061677220966	500	500	bb39c2d2fc4a8ec99452fbbab44f2b1aedd932bc8338ac64de82b714d19ca319
race	sentence	paper	global_complete_case_mnar	all	row_pooled	llama3.3-70b-instruct	llama4-maverick-17b-128e-instruct	signed_frobenius_r	pearson_r	145544	18639	825	0.1280643654152696	0.5914554685575153	0.5713662280694854	0.6093676325773463	500	500	51385ad7fc65412a0b97abc35d2d48f0037ab21f612a40fbcc1920f35d7c578e
race	sentence	paper	global_complete_case_mnar	all	row_pooled	llama3.3-70b-instruct	llama4-maverick-17b-128e-instruct	direction_cosine	mean_cosine	145544	18639	825	0.1280643654152696	0.20344523192444774	0.19104569622206954	0.21765536797242943	500	500	51385ad7fc65412a0b97abc35d2d48f0037ab21f612a40fbcc1920f35d7c578e
race	sentence	paper	global_complete_case_mnar	all	row_pooled	llama3.3-70b-instruct	llama4-maverick-17b-128e-instruct	linear_cka	cka	145544	18639	825	0.1280643654152696	0.35389645157699867	0.3294977868837623	0.37632829678556684	500	500	51385ad7fc65412a0b97abc35d2d48f0037ab21f612a40fbcc1920f35d7c578e
race	sentence	paper	global_complete_case_mnar	all	row_pooled	llama3.3-70b-instruct	llama4-maverick-17b-128e-instruct	aitchison_magnitude_r	pearson_r	145544	18639	825	0.1280643654152696	0.7344926237405038	0.7190911636055991	0.7484913761170081	500	500	51385ad7fc65412a0b97abc35d2d48f0037ab21f612a40fbcc1920f35d7c578e
race	sentence	paper	global_complete_case_mnar	all	row_pooled	llama3.3-70b-instruct	llama4-maverick-17b-128e-instruct	fisher_rao_magnitude_r	pearson_r	145544	18639	825	0.1280643654152696	0.47387210767520355	0.4466198224680323	0.4981914926762334	500	500	51385ad7fc65412a0b97abc35d2d48f0037ab21f612a40fbcc1920f35d7c578e
race	sentence	paper	global_complete_case_mnar	all	row_pooled	llama3.3-70b-instruct	llama4-maverick-17b-128e-instruct	fisher_local_magnitude_r	pearson_r	145544	18639	825	0.1280643654152696	0.10278536091589355	0.040323103647416925	0.17813733401585805	500	500	51385ad7fc65412a0b97abc35d2d48f0037ab21f612a40fbcc1920f35d7c578e
race	sentence	paper	global_complete_case_mnar	all	prompt_equal	llama3.3-70b-instruct	llama4-maverick-17b-128e-instruct	signed_frobenius_r	pearson_r	145544	18639	825	0.1280643654152696	0.6216567836364323	0.5994136659542261	0.6403525944324953	500	500	51385ad7fc65412a0b97abc35d2d48f0037ab21f612a40fbcc1920f35d7c578e
race	sentence	paper	global_complete_case_mnar	all	prompt_equal	llama3.3-70b-instruct	llama4-maverick-17b-128e-instruct	direction_cosine	mean_cosine	145544	18639	825	0.1280643654152696	0.22952700533919382	0.2155429447281688	0.24263016947166136	500	500	51385ad7fc65412a0b97abc35d2d48f0037ab21f612a40fbcc1920f35d7c578e
race	sentence	paper	global_complete_case_mnar	all	prompt_equal	llama3.3-70b-instruct	llama4-maverick-17b-128e-instruct	linear_cka	cka	145544	18639	825	0.1280643654152696	0.39252212825339045	0.36429478088551254	0.4180802668820393	500	500	51385ad7fc65412a0b97abc35d2d48f0037ab21f612a40fbcc1920f35d7c578e
race	sentence	paper	global_complete_case_mnar	all	prompt_equal	llama3.3-70b-instruct	llama4-maverick-17b-128e-instruct	aitchison_magnitude_r	pearson_r	145544	18639	825	0.1280643654152696	0.7494825198645788	0.7337680718179546	0.7638875535664583	500	500	51385ad7fc65412a0b97abc35d2d48f0037ab21f612a40fbcc1920f35d7c578e
race	sentence	paper	global_complete_case_mnar	all	prompt_equal	llama3.3-70b-instruct	llama4-maverick-17b-128e-instruct	fisher_rao_magnitude_r	pearson_r	145544	18639	825	0.1280643654152696	0.5013087279516617	0.4729214829193891	0.5255990661383355	500	500	51385ad7fc65412a0b97abc35d2d48f0037ab21f612a40fbcc1920f35d7c578e
race	sentence	paper	global_complete_case_mnar	all	prompt_equal	llama3.3-70b-instruct	llama4-maverick-17b-128e-instruct	fisher_local_magnitude_r	pearson_r	145544	18639	825	0.1280643654152696	0.10733574156971652	0.047257822456071304	0.18236240492179515	500	500	51385ad7fc65412a0b97abc35d2d48f0037ab21f612a40fbcc1920f35d7c578e
race	sentence	paper	global_complete_case_mnar	system	row_pooled	llama3.3-70b-instruct	llama4-maverick-17b-128e-instruct	signed_frobenius_r	pearson_r	14802	936	592	0.06323469801378193	-0.05066543697226662	-0.10416193458102248	-0.001944804409537253	500	500	3bab359b248413ff4b82309794d35425270ef3b1017c60cd7de1b91b484ad9f9
race	sentence	paper	global_complete_case_mnar	system	row_pooled	llama3.3-70b-instruct	llama4-maverick-17b-128e-instruct	direction_cosine	mean_cosine	14802	936	592	0.06323469801378193	-0.1321502420308594	-0.17413816154986816	-0.08885339883349927	500	500	3bab359b248413ff4b82309794d35425270ef3b1017c60cd7de1b91b484ad9f9
race	sentence	paper	global_complete_case_mnar	system	row_pooled	llama3.3-70b-instruct	llama4-maverick-17b-128e-instruct	linear_cka	cka	14802	936	592	0.06323469801378193	0.02802880163757828	0.01621273178039849	0.051892072195800956	500	500	3bab359b248413ff4b82309794d35425270ef3b1017c60cd7de1b91b484ad9f9
race	sentence	paper	global_complete_case_mnar	system	row_pooled	llama3.3-70b-instruct	llama4-maverick-17b-128e-instruct	aitchison_magnitude_r	pearson_r	14802	936	592	0.06323469801378193	0.24354887248932047	0.18046092894429697	0.31396458657165927	500	500	3bab359b248413ff4b82309794d35425270ef3b1017c60cd7de1b91b484ad9f9
race	sentence	paper	global_complete_case_mnar	system	row_pooled	llama3.3-70b-instruct	llama4-maverick-17b-128e-instruct	fisher_rao_magnitude_r	pearson_r	14802	936	592	0.06323469801378193	0.13662279903194055	0.04245796052866379	0.23693101304142053	500	500	3bab359b248413ff4b82309794d35425270ef3b1017c60cd7de1b91b484ad9f9
race	sentence	paper	global_complete_case_mnar	system	row_pooled	llama3.3-70b-instruct	llama4-maverick-17b-128e-instruct	fisher_local_magnitude_r	pearson_r	14802	936	592	0.06323469801378193	0.0862468650911221	0.0011489614295049355	0.1845805895306498	500	500	3bab359b248413ff4b82309794d35425270ef3b1017c60cd7de1b91b484ad9f9
race	sentence	paper	global_complete_case_mnar	system	prompt_equal	llama3.3-70b-instruct	llama4-maverick-17b-128e-instruct	signed_frobenius_r	pearson_r	14802	936	592	0.06323469801378193	-0.04458703712886119	-0.09638963346165504	0.008772198808311484	500	500	3bab359b248413ff4b82309794d35425270ef3b1017c60cd7de1b91b484ad9f9
race	sentence	paper	global_complete_case_mnar	system	prompt_equal	llama3.3-70b-instruct	llama4-maverick-17b-128e-instruct	direction_cosine	mean_cosine	14802	936	592	0.06323469801378193	-0.13581854147111858	-0.17883862666601602	-0.08964855704396317	500	500	3bab359b248413ff4b82309794d35425270ef3b1017c60cd7de1b91b484ad9f9
race	sentence	paper	global_complete_case_mnar	system	prompt_equal	llama3.3-70b-instruct	llama4-maverick-17b-128e-instruct	linear_cka	cka	14802	936	592	0.06323469801378193	0.02555808773798891	0.01491280410015881	0.049942654389741374	500	500	3bab359b248413ff4b82309794d35425270ef3b1017c60cd7de1b91b484ad9f9
race	sentence	paper	global_complete_case_mnar	system	prompt_equal	llama3.3-70b-instruct	llama4-maverick-17b-128e-instruct	aitchison_magnitude_r	pearson_r	14802	936	592	0.06323469801378193	0.2580929227647936	0.18920261059477525	0.3350359670096114	500	500	3bab359b248413ff4b82309794d35425270ef3b1017c60cd7de1b91b484ad9f9
race	sentence	paper	global_complete_case_mnar	system	prompt_equal	llama3.3-70b-instruct	llama4-maverick-17b-128e-instruct	fisher_rao_magnitude_r	pearson_r	14802	936	592	0.06323469801378193	0.16078160531971492	0.05128066419478895	0.27988254824743874	500	500	3bab359b248413ff4b82309794d35425270ef3b1017c60cd7de1b91b484ad9f9
race	sentence	paper	global_complete_case_mnar	system	prompt_equal	llama3.3-70b-instruct	llama4-maverick-17b-128e-instruct	fisher_local_magnitude_r	pearson_r	14802	936	592	0.06323469801378193	0.08754528599362797	0.009403723082097432	0.18045599202761994	500	500	3bab359b248413ff4b82309794d35425270ef3b1017c60cd7de1b91b484ad9f9
race	sentence	paper	global_complete_case_mnar	user	row_pooled	llama3.3-70b-instruct	llama4-maverick-17b-128e-instruct	signed_frobenius_r	pearson_r	130742	17703	825	0.1354040782610026	0.5971152273173594	0.5762883225086007	0.613950575323791	500	500	f4dfff463588ac5ae026c9a5714d6982ed65510e3f0ce476ecc721a02f2aa318
race	sentence	paper	global_complete_case_mnar	user	row_pooled	llama3.3-70b-instruct	llama4-maverick-17b-128e-instruct	direction_cosine	mean_cosine	130742	17703	825	0.1354040782610026	0.22122109993543568	0.20724286846500878	0.2338717760058614	500	500	f4dfff463588ac5ae026c9a5714d6982ed65510e3f0ce476ecc721a02f2aa318
race	sentence	paper	global_complete_case_mnar	user	row_pooled	llama3.3-70b-instruct	llama4-maverick-17b-128e-instruct	linear_cka	cka	130742	17703	825	0.1354040782610026	0.36043788677797023	0.33527084890158226	0.3830259574993093	500	500	f4dfff463588ac5ae026c9a5714d6982ed65510e3f0ce476ecc721a02f2aa318
race	sentence	paper	global_complete_case_mnar	user	row_pooled	llama3.3-70b-instruct	llama4-maverick-17b-128e-instruct	aitchison_magnitude_r	pearson_r	130742	17703	825	0.1354040782610026	0.7353200210511259	0.7192528325686414	0.7496296274564969	500	500	f4dfff463588ac5ae026c9a5714d6982ed65510e3f0ce476ecc721a02f2aa318
race	sentence	paper	global_complete_case_mnar	user	row_pooled	llama3.3-70b-instruct	llama4-maverick-17b-128e-instruct	fisher_rao_magnitude_r	pearson_r	130742	17703	825	0.1354040782610026	0.47587340600080646	0.4503890917572206	0.5011671169970647	500	500	f4dfff463588ac5ae026c9a5714d6982ed65510e3f0ce476ecc721a02f2aa318
race	sentence	paper	global_complete_case_mnar	user	row_pooled	llama3.3-70b-instruct	llama4-maverick-17b-128e-instruct	fisher_local_magnitude_r	pearson_r	130742	17703	825	0.1354040782610026	0.10297721176037809	0.04428191763606624	0.17223407869786947	500	500	f4dfff463588ac5ae026c9a5714d6982ed65510e3f0ce476ecc721a02f2aa318
race	sentence	paper	global_complete_case_mnar	user	prompt_equal	llama3.3-70b-instruct	llama4-maverick-17b-128e-instruct	signed_frobenius_r	pearson_r	130742	17703	825	0.1354040782610026	0.6235044003442448	0.6013055079842098	0.6417858528679496	500	500	f4dfff463588ac5ae026c9a5714d6982ed65510e3f0ce476ecc721a02f2aa318
race	sentence	paper	global_complete_case_mnar	user	prompt_equal	llama3.3-70b-instruct	llama4-maverick-17b-128e-instruct	direction_cosine	mean_cosine	130742	17703	825	0.1354040782610026	0.24739097316812483	0.2339980530697921	0.2594877344336247	500	500	f4dfff463588ac5ae026c9a5714d6982ed65510e3f0ce476ecc721a02f2aa318
race	sentence	paper	global_complete_case_mnar	user	prompt_equal	llama3.3-70b-instruct	llama4-maverick-17b-128e-instruct	linear_cka	cka	130742	17703	825	0.1354040782610026	0.39433377975256084	0.3660504581053098	0.4208100618408464	500	500	f4dfff463588ac5ae026c9a5714d6982ed65510e3f0ce476ecc721a02f2aa318
race	sentence	paper	global_complete_case_mnar	user	prompt_equal	llama3.3-70b-instruct	llama4-maverick-17b-128e-instruct	aitchison_magnitude_r	pearson_r	130742	17703	825	0.1354040782610026	0.7479228255790952	0.7319943912787774	0.7619901237801845	500	500	f4dfff463588ac5ae026c9a5714d6982ed65510e3f0ce476ecc721a02f2aa318
race	sentence	paper	global_complete_case_mnar	user	prompt_equal	llama3.3-70b-instruct	llama4-maverick-17b-128e-instruct	fisher_rao_magnitude_r	pearson_r	130742	17703	825	0.1354040782610026	0.5001746547641723	0.47435595132180797	0.5258168739518477	500	500	f4dfff463588ac5ae026c9a5714d6982ed65510e3f0ce476ecc721a02f2aa318
race	sentence	paper	global_complete_case_mnar	user	prompt_equal	llama3.3-70b-instruct	llama4-maverick-17b-128e-instruct	fisher_local_magnitude_r	pearson_r	130742	17703	825	0.1354040782610026	0.10963962640327266	0.04785248050647082	0.18183650962361633	500	500	f4dfff463588ac5ae026c9a5714d6982ed65510e3f0ce476ecc721a02f2aa318
race	sentence	paper	global_complete_case_mnar	prediction	row_pooled	llama3.3-70b-instruct	gpt-4o	signed_frobenius_r	pearson_r	4934	825	825	0.16720713417105795	0.7946670547605449	0.7774501216767983	0.8135775130761628	500	500	bb39c2d2fc4a8ec99452fbbab44f2b1aedd932bc8338ac64de82b714d19ca319
race	sentence	paper	global_complete_case_mnar	prediction	row_pooled	llama3.3-70b-instruct	gpt-4o	direction_cosine	mean_cosine	4934	825	825	0.16720713417105795	0.7531632673880158	0.7298437469495884	0.7753177116835175	500	500	bb39c2d2fc4a8ec99452fbbab44f2b1aedd932bc8338ac64de82b714d19ca319
race	sentence	paper	global_complete_case_mnar	prediction	row_pooled	llama3.3-70b-instruct	gpt-4o	linear_cka	cka	4934	825	825	0.16720713417105795	0.6283284103584994	0.602323271113944	0.6590519939111323	500	500	bb39c2d2fc4a8ec99452fbbab44f2b1aedd932bc8338ac64de82b714d19ca319
race	sentence	paper	global_complete_case_mnar	all	row_pooled	llama3.3-70b-instruct	gpt-4o	signed_frobenius_r	pearson_r	145544	18639	825	0.1280643654152696	0.5603437011665013	0.5408272171684474	0.5769561932144202	500	500	51385ad7fc65412a0b97abc35d2d48f0037ab21f612a40fbcc1920f35d7c578e
race	sentence	paper	global_complete_case_mnar	all	row_pooled	llama3.3-70b-instruct	gpt-4o	direction_cosine	mean_cosine	145544	18639	825	0.1280643654152696	0.22238461900145096	0.20775662032502318	0.23584198295084646	500	500	51385ad7fc65412a0b97abc35d2d48f0037ab21f612a40fbcc1920f35d7c578e
race	sentence	paper	global_complete_case_mnar	all	row_pooled	llama3.3-70b-instruct	gpt-4o	linear_cka	cka	145544	18639	825	0.1280643654152696	0.3156451969452449	0.29476891138333877	0.33537134756294296	500	500	51385ad7fc65412a0b97abc35d2d48f0037ab21f612a40fbcc1920f35d7c578e
race	sentence	paper	global_complete_case_mnar	all	row_pooled	llama3.3-70b-instruct	gpt-4o	aitchison_magnitude_r	pearson_r	145544	18639	825	0.1280643654152696	0.689700298370226	0.6720403887445277	0.7053081272006441	500	500	51385ad7fc65412a0b97abc35d2d48f0037ab21f612a40fbcc1920f35d7c578e
race	sentence	paper	global_complete_case_mnar	all	row_pooled	llama3.3-70b-instruct	gpt-4o	fisher_rao_magnitude_r	pearson_r	145544	18639	825	0.1280643654152696	0.46906152014161623	0.44017842207837427	0.49505045927623664	500	500	51385ad7fc65412a0b97abc35d2d48f0037ab21f612a40fbcc1920f35d7c578e
race	sentence	paper	global_complete_case_mnar	all	row_pooled	llama3.3-70b-instruct	gpt-4o	fisher_local_magnitude_r	pearson_r	145544	18639	825	0.1280643654152696	0.041408499169210515	0.004679050774674078	0.08286611314441382	500	500	51385ad7fc65412a0b97abc35d2d48f0037ab21f612a40fbcc1920f35d7c578e
race	sentence	paper	global_complete_case_mnar	all	prompt_equal	llama3.3-70b-instruct	gpt-4o	signed_frobenius_r	pearson_r	145544	18639	825	0.1280643654152696	0.6041103791348651	0.5848311135337801	0.6227596961457682	500	500	51385ad7fc65412a0b97abc35d2d48f0037ab21f612a40fbcc1920f35d7c578e
race	sentence	paper	global_complete_case_mnar	all	prompt_equal	llama3.3-70b-instruct	gpt-4o	direction_cosine	mean_cosine	145544	18639	825	0.1280643654152696	0.251616326657134	0.23705974483199482	0.2647726892268518	500	500	51385ad7fc65412a0b97abc35d2d48f0037ab21f612a40fbcc1920f35d7c578e
race	sentence	paper	global_complete_case_mnar	all	prompt_equal	llama3.3-70b-instruct	gpt-4o	linear_cka	cka	145544	18639	825	0.1280643654152696	0.36664817654394	0.3427915383187523	0.39037574100056954	500	500	51385ad7fc65412a0b97abc35d2d48f0037ab21f612a40fbcc1920f35d7c578e
race	sentence	paper	global_complete_case_mnar	all	prompt_equal	llama3.3-70b-instruct	gpt-4o	aitchison_magnitude_r	pearson_r	145544	18639	825	0.1280643654152696	0.717415719341163	0.7004263724620368	0.7329912031850484	500	500	51385ad7fc65412a0b97abc35d2d48f0037ab21f612a40fbcc1920f35d7c578e
race	sentence	paper	global_complete_case_mnar	all	prompt_equal	llama3.3-70b-instruct	gpt-4o	fisher_rao_magnitude_r	pearson_r	145544	18639	825	0.1280643654152696	0.5073800636430458	0.4778117987884337	0.5357954169087081	500	500	51385ad7fc65412a0b97abc35d2d48f0037ab21f612a40fbcc1920f35d7c578e
race	sentence	paper	global_complete_case_mnar	all	prompt_equal	llama3.3-70b-instruct	gpt-4o	fisher_local_magnitude_r	pearson_r	145544	18639	825	0.1280643654152696	0.06364208095489751	0.023748440520958296	0.10915342283042763	500	500	51385ad7fc65412a0b97abc35d2d48f0037ab21f612a40fbcc1920f35d7c578e
race	sentence	paper	global_complete_case_mnar	system	row_pooled	llama3.3-70b-instruct	gpt-4o	signed_frobenius_r	pearson_r	14802	936	592	0.06323469801378193	0.0250397464822808	-0.014117320399023685	0.06433690733413083	500	500	3bab359b248413ff4b82309794d35425270ef3b1017c60cd7de1b91b484ad9f9
race	sentence	paper	global_complete_case_mnar	system	row_pooled	llama3.3-70b-instruct	gpt-4o	direction_cosine	mean_cosine	14802	936	592	0.06323469801378193	0.012325611173315541	-0.02608773040962204	0.05046086348193538	500	500	3bab359b248413ff4b82309794d35425270ef3b1017c60cd7de1b91b484ad9f9
race	sentence	paper	global_complete_case_mnar	system	row_pooled	llama3.3-70b-instruct	gpt-4o	linear_cka	cka	14802	936	592	0.06323469801378193	0.002750343460132131	0.002278674725399439	0.011199520995408637	500	500	3bab359b248413ff4b82309794d35425270ef3b1017c60cd7de1b91b484ad9f9
race	sentence	paper	global_complete_case_mnar	system	row_pooled	llama3.3-70b-instruct	gpt-4o	aitchison_magnitude_r	pearson_r	14802	936	592	0.06323469801378193	0.029101411621813254	-0.03808880743481987	0.08962217616291616	500	500	3bab359b248413ff4b82309794d35425270ef3b1017c60cd7de1b91b484ad9f9
race	sentence	paper	global_complete_case_mnar	system	row_pooled	llama3.3-70b-instruct	gpt-4o	fisher_rao_magnitude_r	pearson_r	14802	936	592	0.06323469801378193	0.10878344677391971	0.02542489131967662	0.1870749918853142	500	500	3bab359b248413ff4b82309794d35425270ef3b1017c60cd7de1b91b484ad9f9
race	sentence	paper	global_complete_case_mnar	system	row_pooled	llama3.3-70b-instruct	gpt-4o	fisher_local_magnitude_r	pearson_r	14802	936	592	0.06323469801378193	0.03277602495091532	-0.02270032980737665	0.09346108808168517	500	500	3bab359b248413ff4b82309794d35425270ef3b1017c60cd7de1b91b484ad9f9
race	sentence	paper	global_complete_case_mnar	system	prompt_equal	llama3.3-70b-instruct	gpt-4o	signed_frobenius_r	pearson_r	14802	936	592	0.06323469801378193	0.023331189461328235	-0.017109935425880234	0.06864649966503583	500	500	3bab359b248413ff4b82309794d35425270ef3b1017c60cd7de1b91b484ad9f9
race	sentence	paper	global_complete_case_mnar	system	prompt_equal	llama3.3-70b-instruct	gpt-4o	direction_cosine	mean_cosine	14802	936	592	0.06323469801378193	0.009797503952242001	-0.03264591940635179	0.05031729564578194	500	500	3bab359b248413ff4b82309794d35425270ef3b1017c60cd7de1b91b484ad9f9
race	sentence	paper	global_complete_case_mnar	system	prompt_equal	llama3.3-70b-instruct	gpt-4o	linear_cka	cka	14802	936	592	0.06323469801378193	0.0036560813785183706	0.0025898644651518583	0.013351107728778509	500	500	3bab359b248413ff4b82309794d35425270ef3b1017c60cd7de1b91b484ad9f9
race	sentence	paper	global_complete_case_mnar	system	prompt_equal	llama3.3-70b-instruct	gpt-4o	aitchison_magnitude_r	pearson_r	14802	936	592	0.06323469801378193	0.04680731296252128	-0.02343484409840242	0.1135501202348207	500	500	3bab359b248413ff4b82309794d35425270ef3b1017c60cd7de1b91b484ad9f9
race	sentence	paper	global_complete_case_mnar	system	prompt_equal	llama3.3-70b-instruct	gpt-4o	fisher_rao_magnitude_r	pearson_r	14802	936	592	0.06323469801378193	0.12368276137427651	0.039027217424582546	0.2037226166690333	500	500	3bab359b248413ff4b82309794d35425270ef3b1017c60cd7de1b91b484ad9f9
race	sentence	paper	global_complete_case_mnar	system	prompt_equal	llama3.3-70b-instruct	gpt-4o	fisher_local_magnitude_r	pearson_r	14802	936	592	0.06323469801378193	0.04468503913169479	-0.01105766460497423	0.1060217182909819	500	500	3bab359b248413ff4b82309794d35425270ef3b1017c60cd7de1b91b484ad9f9
race	sentence	paper	global_complete_case_mnar	user	row_pooled	llama3.3-70b-instruct	gpt-4o	signed_frobenius_r	pearson_r	130742	17703	825	0.1354040782610026	0.5671047904203443	0.5479620409838816	0.5857339088442317	500	500	f4dfff463588ac5ae026c9a5714d6982ed65510e3f0ce476ecc721a02f2aa318
race	sentence	paper	global_complete_case_mnar	user	row_pooled	llama3.3-70b-instruct	gpt-4o	direction_cosine	mean_cosine	130742	17703	825	0.1354040782610026	0.2335028745616825	0.21801057095391677	0.24735421435880653	500	500	f4dfff463588ac5ae026c9a5714d6982ed65510e3f0ce476ecc721a02f2aa318
race	sentence	paper	global_complete_case_mnar	user	row_pooled	llama3.3-70b-instruct	gpt-4o	linear_cka	cka	130742	17703	825	0.1354040782610026	0.3233051914943681	0.3026727101373618	0.3449741996981768	500	500	f4dfff463588ac5ae026c9a5714d6982ed65510e3f0ce476ecc721a02f2aa318
race	sentence	paper	global_complete_case_mnar	user	row_pooled	llama3.3-70b-instruct	gpt-4o	aitchison_magnitude_r	pearson_r	130742	17703	825	0.1354040782610026	0.6928514235820379	0.677183168312022	0.7091626927402515	500	500	f4dfff463588ac5ae026c9a5714d6982ed65510e3f0ce476ecc721a02f2aa318
race	sentence	paper	global_complete_case_mnar	user	row_pooled	llama3.3-70b-instruct	gpt-4o	fisher_rao_magnitude_r	pearson_r	130742	17703	825	0.1354040782610026	0.4736906822760999	0.44481574757064796	0.5026267568349367	500	500	f4dfff463588ac5ae026c9a5714d6982ed65510e3f0ce476ecc721a02f2aa318
race	sentence	paper	global_complete_case_mnar	user	row_pooled	llama3.3-70b-instruct	gpt-4o	fisher_local_magnitude_r	pearson_r	130742	17703	825	0.1354040782610026	0.04165598032865727	0.006176843383621855	0.08508336234909293	500	500	f4dfff463588ac5ae026c9a5714d6982ed65510e3f0ce476ecc721a02f2aa318
race	sentence	paper	global_complete_case_mnar	user	prompt_equal	llama3.3-70b-instruct	gpt-4o	signed_frobenius_r	pearson_r	130742	17703	825	0.1354040782610026	0.6070477273788838	0.5868576124327537	0.6261483669333354	500	500	f4dfff463588ac5ae026c9a5714d6982ed65510e3f0ce476ecc721a02f2aa318
race	sentence	paper	global_complete_case_mnar	user	prompt_equal	llama3.3-70b-instruct	gpt-4o	direction_cosine	mean_cosine	130742	17703	825	0.1354040782610026	0.26213361149765996	0.24829004907107838	0.2754744733542482	500	500	f4dfff463588ac5ae026c9a5714d6982ed65510e3f0ce476ecc721a02f2aa318
race	sentence	paper	global_complete_case_mnar	user	prompt_equal	llama3.3-70b-instruct	gpt-4o	linear_cka	cka	130742	17703	825	0.1354040782610026	0.37003642799837094	0.34656658536939267	0.3960734756731308	500	500	f4dfff463588ac5ae026c9a5714d6982ed65510e3f0ce476ecc721a02f2aa318
race	sentence	paper	global_complete_case_mnar	user	prompt_equal	llama3.3-70b-instruct	gpt-4o	aitchison_magnitude_r	pearson_r	130742	17703	825	0.1354040782610026	0.7168034475321199	0.6996198525121425	0.7335584187131067	500	500	f4dfff463588ac5ae026c9a5714d6982ed65510e3f0ce476ecc721a02f2aa318
race	sentence	paper	global_complete_case_mnar	user	prompt_equal	llama3.3-70b-instruct	gpt-4o	fisher_rao_magnitude_r	pearson_r	130742	17703	825	0.1354040782610026	0.5085156694645327	0.47798608262839126	0.5373813732916097	500	500	f4dfff463588ac5ae026c9a5714d6982ed65510e3f0ce476ecc721a02f2aa318
race	sentence	paper	global_complete_case_mnar	user	prompt_equal	llama3.3-70b-instruct	gpt-4o	fisher_local_magnitude_r	pearson_r	130742	17703	825	0.1354040782610026	0.06433380666777343	0.027016560163465767	0.10809452870685679	500	500	f4dfff463588ac5ae026c9a5714d6982ed65510e3f0ce476ecc721a02f2aa318
race	sentence	paper	global_complete_case_mnar	prediction	row_pooled	llama3.3-70b-instruct	gpt-4-1	signed_frobenius_r	pearson_r	4934	825	825	0.16720713417105795	0.7938418806070079	0.7763222266775717	0.8128211872348285	500	500	bb39c2d2fc4a8ec99452fbbab44f2b1aedd932bc8338ac64de82b714d19ca319
race	sentence	paper	global_complete_case_mnar	prediction	row_pooled	llama3.3-70b-instruct	gpt-4-1	direction_cosine	mean_cosine	4934	825	825	0.16720713417105795	0.7680810008458522	0.7443061892185823	0.7900359535061467	500	500	bb39c2d2fc4a8ec99452fbbab44f2b1aedd932bc8338ac64de82b714d19ca319
race	sentence	paper	global_complete_case_mnar	prediction	row_pooled	llama3.3-70b-instruct	gpt-4-1	linear_cka	cka	4934	825	825	0.16720713417105795	0.628889562392646	0.6017063620245593	0.6606374975666479	500	500	bb39c2d2fc4a8ec99452fbbab44f2b1aedd932bc8338ac64de82b714d19ca319
race	sentence	paper	global_complete_case_mnar	all	row_pooled	llama3.3-70b-instruct	gpt-4-1	signed_frobenius_r	pearson_r	145544	18639	825	0.1280643654152696	0.5846451388997549	0.5663445653885245	0.6034317702626121	500	500	51385ad7fc65412a0b97abc35d2d48f0037ab21f612a40fbcc1920f35d7c578e
race	sentence	paper	global_complete_case_mnar	all	row_pooled	llama3.3-70b-instruct	gpt-4-1	direction_cosine	mean_cosine	145544	18639	825	0.1280643654152696	0.22300843700761042	0.20927174244088864	0.23815791294069755	500	500	51385ad7fc65412a0b97abc35d2d48f0037ab21f612a40fbcc1920f35d7c578e
race	sentence	paper	global_complete_case_mnar	all	row_pooled	llama3.3-70b-instruct	gpt-4-1	linear_cka	cka	145544	18639	825	0.1280643654152696	0.3435252265796327	0.32200366503127437	0.36685891347649124	500	500	51385ad7fc65412a0b97abc35d2d48f0037ab21f612a40fbcc1920f35d7c578e
race	sentence	paper	global_complete_case_mnar	all	row_pooled	llama3.3-70b-instruct	gpt-4-1	aitchison_magnitude_r	pearson_r	145544	18639	825	0.1280643654152696	0.7096448225881866	0.6946684772311884	0.7258990167291963	500	500	51385ad7fc65412a0b97abc35d2d48f0037ab21f612a40fbcc1920f35d7c578e
race	sentence	paper	global_complete_case_mnar	all	row_pooled	llama3.3-70b-instruct	gpt-4-1	fisher_rao_magnitude_r	pearson_r	145544	18639	825	0.1280643654152696	0.4611704830899184	0.4356323670887515	0.49092593445833277	500	500	51385ad7fc65412a0b97abc35d2d48f0037ab21f612a40fbcc1920f35d7c578e
race	sentence	paper	global_complete_case_mnar	all	row_pooled	llama3.3-70b-instruct	gpt-4-1	fisher_local_magnitude_r	pearson_r	145544	18639	825	0.1280643654152696	0.11084376602428928	0.06424300395646358	0.1611520141936576	500	500	51385ad7fc65412a0b97abc35d2d48f0037ab21f612a40fbcc1920f35d7c578e
race	sentence	paper	global_complete_case_mnar	all	prompt_equal	llama3.3-70b-instruct	gpt-4-1	signed_frobenius_r	pearson_r	145544	18639	825	0.1280643654152696	0.623677518645284	0.6048919366523063	0.6436301593988368	500	500	51385ad7fc65412a0b97abc35d2d48f0037ab21f612a40fbcc1920f35d7c578e
race	sentence	paper	global_complete_case_mnar	all	prompt_equal	llama3.3-70b-instruct	gpt-4-1	direction_cosine	mean_cosine	145544	18639	825	0.1280643654152696	0.25044561745866034	0.23506539370417126	0.26529072117265956	500	500	51385ad7fc65412a0b97abc35d2d48f0037ab21f612a40fbcc1920f35d7c578e
race	sentence	paper	global_complete_case_mnar	all	prompt_equal	llama3.3-70b-instruct	gpt-4-1	linear_cka	cka	145544	18639	825	0.1280643654152696	0.38984723197733956	0.36701855340986433	0.4166056343959777	500	500	51385ad7fc65412a0b97abc35d2d48f0037ab21f612a40fbcc1920f35d7c578e
race	sentence	paper	global_complete_case_mnar	all	prompt_equal	llama3.3-70b-instruct	gpt-4-1	aitchison_magnitude_r	pearson_r	145544	18639	825	0.1280643654152696	0.7331795595534671	0.7174410743402746	0.7491771454374812	500	500	51385ad7fc65412a0b97abc35d2d48f0037ab21f612a40fbcc1920f35d7c578e
race	sentence	paper	global_complete_case_mnar	all	prompt_equal	llama3.3-70b-instruct	gpt-4-1	fisher_rao_magnitude_r	pearson_r	145544	18639	825	0.1280643654152696	0.5027369306567673	0.4737349883057993	0.5312578924435096	500	500	51385ad7fc65412a0b97abc35d2d48f0037ab21f612a40fbcc1920f35d7c578e
race	sentence	paper	global_complete_case_mnar	all	prompt_equal	llama3.3-70b-instruct	gpt-4-1	fisher_local_magnitude_r	pearson_r	145544	18639	825	0.1280643654152696	0.10364043360083292	0.05782758565100559	0.1535218781371535	500	500	51385ad7fc65412a0b97abc35d2d48f0037ab21f612a40fbcc1920f35d7c578e
race	sentence	paper	global_complete_case_mnar	system	row_pooled	llama3.3-70b-instruct	gpt-4-1	signed_frobenius_r	pearson_r	14802	936	592	0.06323469801378193	0.0019518730653360521	-0.0452467037650062	0.044052524606208385	500	500	3bab359b248413ff4b82309794d35425270ef3b1017c60cd7de1b91b484ad9f9
race	sentence	paper	global_complete_case_mnar	system	row_pooled	llama3.3-70b-instruct	gpt-4-1	direction_cosine	mean_cosine	14802	936	592	0.06323469801378193	0.0280366641883566	-0.007489299878103102	0.06804760262206053	500	500	3bab359b248413ff4b82309794d35425270ef3b1017c60cd7de1b91b484ad9f9
race	sentence	paper	global_complete_case_mnar	system	row_pooled	llama3.3-70b-instruct	gpt-4-1	linear_cka	cka	14802	936	592	0.06323469801378193	0.0036787051155077266	0.002486079020731888	0.013305371492344446	500	500	3bab359b248413ff4b82309794d35425270ef3b1017c60cd7de1b91b484ad9f9
race	sentence	paper	global_complete_case_mnar	system	row_pooled	llama3.3-70b-instruct	gpt-4-1	aitchison_magnitude_r	pearson_r	14802	936	592	0.06323469801378193	0.056884794693746105	-0.00020935855363085338	0.11637002966570023	500	500	3bab359b248413ff4b82309794d35425270ef3b1017c60cd7de1b91b484ad9f9
race	sentence	paper	global_complete_case_mnar	system	row_pooled	llama3.3-70b-instruct	gpt-4-1	fisher_rao_magnitude_r	pearson_r	14802	936	592	0.06323469801378193	0.08351157129654817	0.009535984929684035	0.1557097293981634	500	500	3bab359b248413ff4b82309794d35425270ef3b1017c60cd7de1b91b484ad9f9
race	sentence	paper	global_complete_case_mnar	system	row_pooled	llama3.3-70b-instruct	gpt-4-1	fisher_local_magnitude_r	pearson_r	14802	936	592	0.06323469801378193	0.18192667729350492	0.06898073197466163	0.2986657172047019	500	500	3bab359b248413ff4b82309794d35425270ef3b1017c60cd7de1b91b484ad9f9
race	sentence	paper	global_complete_case_mnar	system	prompt_equal	llama3.3-70b-instruct	gpt-4-1	signed_frobenius_r	pearson_r	14802	936	592	0.06323469801378193	-0.0012239963373706815	-0.04962441804407428	0.04325843996935627	500	500	3bab359b248413ff4b82309794d35425270ef3b1017c60cd7de1b91b484ad9f9
race	sentence	paper	global_complete_case_mnar	system	prompt_equal	llama3.3-70b-instruct	gpt-4-1	direction_cosine	mean_cosine	14802	936	592	0.06323469801378193	0.01746464001775071	-0.018885700913060115	0.0583773988587736	500	500	3bab359b248413ff4b82309794d35425270ef3b1017c60cd7de1b91b484ad9f9
race	sentence	paper	global_complete_case_mnar	system	prompt_equal	llama3.3-70b-instruct	gpt-4-1	linear_cka	cka	14802	936	592	0.06323469801378193	0.004269594545111618	0.00253772405165148	0.014805604674029756	500	500	3bab359b248413ff4b82309794d35425270ef3b1017c60cd7de1b91b484ad9f9
race	sentence	paper	global_complete_case_mnar	system	prompt_equal	llama3.3-70b-instruct	gpt-4-1	aitchison_magnitude_r	pearson_r	14802	936	592	0.06323469801378193	0.06252062608131727	0.0062422203832288485	0.11797751382317097	500	500	3bab359b248413ff4b82309794d35425270ef3b1017c60cd7de1b91b484ad9f9
race	sentence	paper	global_complete_case_mnar	system	prompt_equal	llama3.3-70b-instruct	gpt-4-1	fisher_rao_magnitude_r	pearson_r	14802	936	592	0.06323469801378193	0.08405334509401832	0.01509327316368724	0.15596449247921718	500	500	3bab359b248413ff4b82309794d35425270ef3b1017c60cd7de1b91b484ad9f9
race	sentence	paper	global_complete_case_mnar	system	prompt_equal	llama3.3-70b-instruct	gpt-4-1	fisher_local_magnitude_r	pearson_r	14802	936	592	0.06323469801378193	0.18209433039752268	0.07196079227412601	0.29685028511486816	500	500	3bab359b248413ff4b82309794d35425270ef3b1017c60cd7de1b91b484ad9f9
race	sentence	paper	global_complete_case_mnar	user	row_pooled	llama3.3-70b-instruct	gpt-4-1	signed_frobenius_r	pearson_r	130742	17703	825	0.1354040782610026	0.5905555419080519	0.5721178801849307	0.6111297582094954	500	500	f4dfff463588ac5ae026c9a5714d6982ed65510e3f0ce476ecc721a02f2aa318
race	sentence	paper	global_complete_case_mnar	user	row_pooled	llama3.3-70b-instruct	gpt-4-1	direction_cosine	mean_cosine	130742	17703	825	0.1354040782610026	0.23332813726540402	0.2188020612786244	0.24850113090420328	500	500	f4dfff463588ac5ae026c9a5714d6982ed65510e3f0ce476ecc721a02f2aa318
race	sentence	paper	global_complete_case_mnar	user	row_pooled	llama3.3-70b-instruct	gpt-4-1	linear_cka	cka	130742	17703	825	0.1354040782610026	0.3504324300020476	0.3291825476952006	0.37575142307670684	500	500	f4dfff463588ac5ae026c9a5714d6982ed65510e3f0ce476ecc721a02f2aa318
race	sentence	paper	global_complete_case_mnar	user	row_pooled	llama3.3-70b-instruct	gpt-4-1	aitchison_magnitude_r	pearson_r	130742	17703	825	0.1354040782610026	0.7115868669440352	0.6967469860593831	0.7279459028513258	500	500	f4dfff463588ac5ae026c9a5714d6982ed65510e3f0ce476ecc721a02f2aa318
race	sentence	paper	global_complete_case_mnar	user	row_pooled	llama3.3-70b-instruct	gpt-4-1	fisher_rao_magnitude_r	pearson_r	130742	17703	825	0.1354040782610026	0.46560385591018455	0.4359032160166685	0.4924270763474543	500	500	f4dfff463588ac5ae026c9a5714d6982ed65510e3f0ce476ecc721a02f2aa318
race	sentence	paper	global_complete_case_mnar	user	row_pooled	llama3.3-70b-instruct	gpt-4-1	fisher_local_magnitude_r	pearson_r	130742	17703	825	0.1354040782610026	0.1095328612459814	0.06783515660177014	0.16140342650414585	500	500	f4dfff463588ac5ae026c9a5714d6982ed65510e3f0ce476ecc721a02f2aa318
race	sentence	paper	global_complete_case_mnar	user	prompt_equal	llama3.3-70b-instruct	gpt-4-1	signed_frobenius_r	pearson_r	130742	17703	825	0.1354040782610026	0.625982918985996	0.6046811706365269	0.6446160715812483	500	500	f4dfff463588ac5ae026c9a5714d6982ed65510e3f0ce476ecc721a02f2aa318
race	sentence	paper	global_complete_case_mnar	user	prompt_equal	llama3.3-70b-instruct	gpt-4-1	direction_cosine	mean_cosine	130742	17703	825	0.1354040782610026	0.26109978645425835	0.2460637654671326	0.2760899114445551	500	500	f4dfff463588ac5ae026c9a5714d6982ed65510e3f0ce476ecc721a02f2aa318
race	sentence	paper	global_complete_case_mnar	user	prompt_equal	llama3.3-70b-instruct	gpt-4-1	linear_cka	cka	130742	17703	825	0.1354040782610026	0.39246693654082465	0.3672289789525387	0.41847355605559283	500	500	f4dfff463588ac5ae026c9a5714d6982ed65510e3f0ce476ecc721a02f2aa318
race	sentence	paper	global_complete_case_mnar	user	prompt_equal	llama3.3-70b-instruct	gpt-4-1	aitchison_magnitude_r	pearson_r	130742	17703	825	0.1354040782610026	0.732258238109965	0.7154019072359791	0.7484255171039758	500	500	f4dfff463588ac5ae026c9a5714d6982ed65510e3f0ce476ecc721a02f2aa318
race	sentence	paper	global_complete_case_mnar	user	prompt_equal	llama3.3-70b-instruct	gpt-4-1	fisher_rao_magnitude_r	pearson_r	130742	17703	825	0.1354040782610026	0.5028708839644728	0.4716727744987119	0.5318061353857991	500	500	f4dfff463588ac5ae026c9a5714d6982ed65510e3f0ce476ecc721a02f2aa318
race	sentence	paper	global_complete_case_mnar	user	prompt_equal	llama3.3-70b-instruct	gpt-4-1	fisher_local_magnitude_r	pearson_r	130742	17703	825	0.1354040782610026	0.10247743356480628	0.061858067232805215	0.15597074793136162	500	500	f4dfff463588ac5ae026c9a5714d6982ed65510e3f0ce476ecc721a02f2aa318
race	sentence	paper	global_complete_case_mnar	prediction	row_pooled	llama3.3-70b-instruct	gemini-2-5-flash-lite-vertex	signed_frobenius_r	pearson_r	4934	825	825	0.16720713417105795	0.731042981939723	0.7043207206068987	0.7549513868198551	500	500	bb39c2d2fc4a8ec99452fbbab44f2b1aedd932bc8338ac64de82b714d19ca319
race	sentence	paper	global_complete_case_mnar	prediction	row_pooled	llama3.3-70b-instruct	gemini-2-5-flash-lite-vertex	direction_cosine	mean_cosine	4934	825	825	0.16720713417105795	0.6851668108661654	0.6554886245898541	0.7118325434164362	500	500	bb39c2d2fc4a8ec99452fbbab44f2b1aedd932bc8338ac64de82b714d19ca319
race	sentence	paper	global_complete_case_mnar	prediction	row_pooled	llama3.3-70b-instruct	gemini-2-5-flash-lite-vertex	linear_cka	cka	4934	825	825	0.16720713417105795	0.5320656739290411	0.49451902240905243	0.567746556261783	500	500	bb39c2d2fc4a8ec99452fbbab44f2b1aedd932bc8338ac64de82b714d19ca319
race	sentence	paper	global_complete_case_mnar	all	row_pooled	llama3.3-70b-instruct	gemini-2-5-flash-lite-vertex	signed_frobenius_r	pearson_r	145544	18639	825	0.1280643654152696	0.38790417499761154	0.361135886403886	0.4157378755053911	500	500	51385ad7fc65412a0b97abc35d2d48f0037ab21f612a40fbcc1920f35d7c578e
race	sentence	paper	global_complete_case_mnar	all	row_pooled	llama3.3-70b-instruct	gemini-2-5-flash-lite-vertex	direction_cosine	mean_cosine	145544	18639	825	0.1280643654152696	0.1632859742079857	0.14718476991827467	0.17751278611865742	500	500	51385ad7fc65412a0b97abc35d2d48f0037ab21f612a40fbcc1920f35d7c578e
race	sentence	paper	global_complete_case_mnar	all	row_pooled	llama3.3-70b-instruct	gemini-2-5-flash-lite-vertex	linear_cka	cka	145544	18639	825	0.1280643654152696	0.15608996018173277	0.13585949369571199	0.17956447782673435	500	500	51385ad7fc65412a0b97abc35d2d48f0037ab21f612a40fbcc1920f35d7c578e
race	sentence	paper	global_complete_case_mnar	all	row_pooled	llama3.3-70b-instruct	gemini-2-5-flash-lite-vertex	aitchison_magnitude_r	pearson_r	145544	18639	825	0.1280643654152696	0.4611436489075061	0.4237692963327099	0.49213778967531163	500	500	51385ad7fc65412a0b97abc35d2d48f0037ab21f612a40fbcc1920f35d7c578e
race	sentence	paper	global_complete_case_mnar	all	row_pooled	llama3.3-70b-instruct	gemini-2-5-flash-lite-vertex	fisher_rao_magnitude_r	pearson_r	145544	18639	825	0.1280643654152696	0.3695139616346748	0.3369076081830209	0.39832316684190844	500	500	51385ad7fc65412a0b97abc35d2d48f0037ab21f612a40fbcc1920f35d7c578e
race	sentence	paper	global_complete_case_mnar	all	row_pooled	llama3.3-70b-instruct	gemini-2-5-flash-lite-vertex	fisher_local_magnitude_r	pearson_r	145544	18639	825	0.1280643654152696	0.10010898037803188	0.06275950123217049	0.1386741178940486	500	500	51385ad7fc65412a0b97abc35d2d48f0037ab21f612a40fbcc1920f35d7c578e
race	sentence	paper	global_complete_case_mnar	all	prompt_equal	llama3.3-70b-instruct	gemini-2-5-flash-lite-vertex	signed_frobenius_r	pearson_r	145544	18639	825	0.1280643654152696	0.43864052754785166	0.4114495403727518	0.46636000728350285	500	500	51385ad7fc65412a0b97abc35d2d48f0037ab21f612a40fbcc1920f35d7c578e
race	sentence	paper	global_complete_case_mnar	all	prompt_equal	llama3.3-70b-instruct	gemini-2-5-flash-lite-vertex	direction_cosine	mean_cosine	145544	18639	825	0.1280643654152696	0.19827747750542046	0.18411727562748006	0.21141691807199905	500	500	51385ad7fc65412a0b97abc35d2d48f0037ab21f612a40fbcc1920f35d7c578e
race	sentence	paper	global_complete_case_mnar	all	prompt_equal	llama3.3-70b-instruct	gemini-2-5-flash-lite-vertex	linear_cka	cka	145544	18639	825	0.1280643654152696	0.19964636659327697	0.17664549469395513	0.22616354628907787	500	500	51385ad7fc65412a0b97abc35d2d48f0037ab21f612a40fbcc1920f35d7c578e
race	sentence	paper	global_complete_case_mnar	all	prompt_equal	llama3.3-70b-instruct	gemini-2-5-flash-lite-vertex	aitchison_magnitude_r	pearson_r	145544	18639	825	0.1280643654152696	0.5048246193631458	0.470244990787043	0.5379136730596112	500	500	51385ad7fc65412a0b97abc35d2d48f0037ab21f612a40fbcc1920f35d7c578e
race	sentence	paper	global_complete_case_mnar	all	prompt_equal	llama3.3-70b-instruct	gemini-2-5-flash-lite-vertex	fisher_rao_magnitude_r	pearson_r	145544	18639	825	0.1280643654152696	0.4010551670594562	0.3683400902587398	0.43047461031296497	500	500	51385ad7fc65412a0b97abc35d2d48f0037ab21f612a40fbcc1920f35d7c578e
race	sentence	paper	global_complete_case_mnar	all	prompt_equal	llama3.3-70b-instruct	gemini-2-5-flash-lite-vertex	fisher_local_magnitude_r	pearson_r	145544	18639	825	0.1280643654152696	0.10283251326972997	0.06607763445342336	0.14384237225963653	500	500	51385ad7fc65412a0b97abc35d2d48f0037ab21f612a40fbcc1920f35d7c578e
race	sentence	paper	global_complete_case_mnar	system	row_pooled	llama3.3-70b-instruct	gemini-2-5-flash-lite-vertex	signed_frobenius_r	pearson_r	14802	936	592	0.06323469801378193	-0.005011959231512613	-0.04495292082016023	0.042054491678302254	500	500	3bab359b248413ff4b82309794d35425270ef3b1017c60cd7de1b91b484ad9f9
race	sentence	paper	global_complete_case_mnar	system	row_pooled	llama3.3-70b-instruct	gemini-2-5-flash-lite-vertex	direction_cosine	mean_cosine	14802	936	592	0.06323469801378193	0.002490483207031987	-0.037764804735386175	0.044072118972311926	500	500	3bab359b248413ff4b82309794d35425270ef3b1017c60cd7de1b91b484ad9f9
race	sentence	paper	global_complete_case_mnar	system	row_pooled	llama3.3-70b-instruct	gemini-2-5-flash-lite-vertex	linear_cka	cka	14802	936	592	0.06323469801378193	0.004402733473382074	0.0029751489670699002	0.013519014783039678	500	500	3bab359b248413ff4b82309794d35425270ef3b1017c60cd7de1b91b484ad9f9
race	sentence	paper	global_complete_case_mnar	system	row_pooled	llama3.3-70b-instruct	gemini-2-5-flash-lite-vertex	aitchison_magnitude_r	pearson_r	14802	936	592	0.06323469801378193	0.057963930372437814	-0.0002519087282484095	0.12620236306689342	500	500	3bab359b248413ff4b82309794d35425270ef3b1017c60cd7de1b91b484ad9f9
race	sentence	paper	global_complete_case_mnar	system	row_pooled	llama3.3-70b-instruct	gemini-2-5-flash-lite-vertex	fisher_rao_magnitude_r	pearson_r	14802	936	592	0.06323469801378193	0.03444907875334682	-0.02519124565629519	0.10221345557331496	500	500	3bab359b248413ff4b82309794d35425270ef3b1017c60cd7de1b91b484ad9f9
race	sentence	paper	global_complete_case_mnar	system	row_pooled	llama3.3-70b-instruct	gemini-2-5-flash-lite-vertex	fisher_local_magnitude_r	pearson_r	14802	936	592	0.06323469801378193	0.09498935520262863	-0.017220400839558902	0.2551425597414101	500	500	3bab359b248413ff4b82309794d35425270ef3b1017c60cd7de1b91b484ad9f9
race	sentence	paper	global_complete_case_mnar	system	prompt_equal	llama3.3-70b-instruct	gemini-2-5-flash-lite-vertex	signed_frobenius_r	pearson_r	14802	936	592	0.06323469801378193	-0.008603782513482115	-0.04782854247243969	0.03926500614537709	500	500	3bab359b248413ff4b82309794d35425270ef3b1017c60cd7de1b91b484ad9f9
race	sentence	paper	global_complete_case_mnar	system	prompt_equal	llama3.3-70b-instruct	gemini-2-5-flash-lite-vertex	direction_cosine	mean_cosine	14802	936	592	0.06323469801378193	-0.0013284556697717098	-0.04656600918902157	0.04068757630811978	500	500	3bab359b248413ff4b82309794d35425270ef3b1017c60cd7de1b91b484ad9f9
race	sentence	paper	global_complete_case_mnar	system	prompt_equal	llama3.3-70b-instruct	gemini-2-5-flash-lite-vertex	linear_cka	cka	14802	936	592	0.06323469801378193	0.0035165243540623502	0.002108633105345285	0.012260312873695322	500	500	3bab359b248413ff4b82309794d35425270ef3b1017c60cd7de1b91b484ad9f9
race	sentence	paper	global_complete_case_mnar	system	prompt_equal	llama3.3-70b-instruct	gemini-2-5-flash-lite-vertex	aitchison_magnitude_r	pearson_r	14802	936	592	0.06323469801378193	0.04841318620769097	-0.006074327769121299	0.11507904014950665	500	500	3bab359b248413ff4b82309794d35425270ef3b1017c60cd7de1b91b484ad9f9
race	sentence	paper	global_complete_case_mnar	system	prompt_equal	llama3.3-70b-instruct	gemini-2-5-flash-lite-vertex	fisher_rao_magnitude_r	pearson_r	14802	936	592	0.06323469801378193	0.019766751116313083	-0.03267598986801795	0.08376842891737288	500	500	3bab359b248413ff4b82309794d35425270ef3b1017c60cd7de1b91b484ad9f9
race	sentence	paper	global_complete_case_mnar	system	prompt_equal	llama3.3-70b-instruct	gemini-2-5-flash-lite-vertex	fisher_local_magnitude_r	pearson_r	14802	936	592	0.06323469801378193	0.07444100248531853	-0.02472549032322243	0.2187763853824959	500	500	3bab359b248413ff4b82309794d35425270ef3b1017c60cd7de1b91b484ad9f9
race	sentence	paper	global_complete_case_mnar	user	row_pooled	llama3.3-70b-instruct	gemini-2-5-flash-lite-vertex	signed_frobenius_r	pearson_r	130742	17703	825	0.1354040782610026	0.3954910984638456	0.36374710500253293	0.42536977931008046	500	500	f4dfff463588ac5ae026c9a5714d6982ed65510e3f0ce476ecc721a02f2aa318
race	sentence	paper	global_complete_case_mnar	user	row_pooled	llama3.3-70b-instruct	gemini-2-5-flash-lite-vertex	direction_cosine	mean_cosine	130742	17703	825	0.1354040782610026	0.17179675115759513	0.15609689729024626	0.1882122088895663	500	500	f4dfff463588ac5ae026c9a5714d6982ed65510e3f0ce476ecc721a02f2aa318
race	sentence	paper	global_complete_case_mnar	user	row_pooled	llama3.3-70b-instruct	gemini-2-5-flash-lite-vertex	linear_cka	cka	130742	17703	825	0.1354040782610026	0.1620809540692781	0.1380326564443744	0.18783917928024638	500	500	f4dfff463588ac5ae026c9a5714d6982ed65510e3f0ce476ecc721a02f2aa318
race	sentence	paper	global_complete_case_mnar	user	row_pooled	llama3.3-70b-instruct	gemini-2-5-flash-lite-vertex	aitchison_magnitude_r	pearson_r	130742	17703	825	0.1354040782610026	0.4672471488258462	0.4252365462280766	0.5049328638283529	500	500	f4dfff463588ac5ae026c9a5714d6982ed65510e3f0ce476ecc721a02f2aa318
race	sentence	paper	global_complete_case_mnar	user	row_pooled	llama3.3-70b-instruct	gemini-2-5-flash-lite-vertex	fisher_rao_magnitude_r	pearson_r	130742	17703	825	0.1354040782610026	0.37354156053025334	0.3426998673208875	0.40433683336647935	500	500	f4dfff463588ac5ae026c9a5714d6982ed65510e3f0ce476ecc721a02f2aa318
race	sentence	paper	global_complete_case_mnar	user	row_pooled	llama3.3-70b-instruct	gemini-2-5-flash-lite-vertex	fisher_local_magnitude_r	pearson_r	130742	17703	825	0.1354040782610026	0.10049895020280547	0.059117019690508026	0.14106997035608057	500	500	f4dfff463588ac5ae026c9a5714d6982ed65510e3f0ce476ecc721a02f2aa318
race	sentence	paper	global_complete_case_mnar	user	prompt_equal	llama3.3-70b-instruct	gemini-2-5-flash-lite-vertex	signed_frobenius_r	pearson_r	130742	17703	825	0.1354040782610026	0.4432937581829556	0.4140244569566267	0.47457817406497643	500	500	f4dfff463588ac5ae026c9a5714d6982ed65510e3f0ce476ecc721a02f2aa318
race	sentence	paper	global_complete_case_mnar	user	prompt_equal	llama3.3-70b-instruct	gemini-2-5-flash-lite-vertex	direction_cosine	mean_cosine	130742	17703	825	0.1354040782610026	0.20734797653490927	0.1941109324665768	0.22229358954833572	500	500	f4dfff463588ac5ae026c9a5714d6982ed65510e3f0ce476ecc721a02f2aa318
race	sentence	paper	global_complete_case_mnar	user	prompt_equal	llama3.3-70b-instruct	gemini-2-5-flash-lite-vertex	linear_cka	cka	130742	17703	825	0.1354040782610026	0.20365252547347235	0.17714787965213274	0.23242040002369838	500	500	f4dfff463588ac5ae026c9a5714d6982ed65510e3f0ce476ecc721a02f2aa318
race	sentence	paper	global_complete_case_mnar	user	prompt_equal	llama3.3-70b-instruct	gemini-2-5-flash-lite-vertex	aitchison_magnitude_r	pearson_r	130742	17703	825	0.1354040782610026	0.5078093646196	0.4683375878538955	0.543171009222175	500	500	f4dfff463588ac5ae026c9a5714d6982ed65510e3f0ce476ecc721a02f2aa318
race	sentence	paper	global_complete_case_mnar	user	prompt_equal	llama3.3-70b-instruct	gemini-2-5-flash-lite-vertex	fisher_rao_magnitude_r	pearson_r	130742	17703	825	0.1354040782610026	0.402431863221761	0.3722920850385773	0.43388498281299326	500	500	f4dfff463588ac5ae026c9a5714d6982ed65510e3f0ce476ecc721a02f2aa318
race	sentence	paper	global_complete_case_mnar	user	prompt_equal	llama3.3-70b-instruct	gemini-2-5-flash-lite-vertex	fisher_local_magnitude_r	pearson_r	130742	17703	825	0.1354040782610026	0.10240492648814355	0.06569727795914442	0.139570020612903	500	500	f4dfff463588ac5ae026c9a5714d6982ed65510e3f0ce476ecc721a02f2aa318
race	sentence	paper	global_complete_case_mnar	prediction	row_pooled	llama4-maverick-17b-128e-instruct	gpt-4o	signed_frobenius_r	pearson_r	4934	825	825	0.16720713417105795	0.7835037975002457	0.7633813884523661	0.8041201464403311	500	500	bb39c2d2fc4a8ec99452fbbab44f2b1aedd932bc8338ac64de82b714d19ca319
race	sentence	paper	global_complete_case_mnar	prediction	row_pooled	llama4-maverick-17b-128e-instruct	gpt-4o	direction_cosine	mean_cosine	4934	825	825	0.16720713417105795	0.7447111502731876	0.7187283426045179	0.7686537481253366	500	500	bb39c2d2fc4a8ec99452fbbab44f2b1aedd932bc8338ac64de82b714d19ca319
race	sentence	paper	global_complete_case_mnar	prediction	row_pooled	llama4-maverick-17b-128e-instruct	gpt-4o	linear_cka	cka	4934	825	825	0.16720713417105795	0.6180208991779788	0.587728474273186	0.6508268197681274	500	500	bb39c2d2fc4a8ec99452fbbab44f2b1aedd932bc8338ac64de82b714d19ca319
race	sentence	paper	global_complete_case_mnar	all	row_pooled	llama4-maverick-17b-128e-instruct	gpt-4o	signed_frobenius_r	pearson_r	145544	18639	825	0.1280643654152696	0.4971376880443729	0.47789311324118455	0.5177899687535382	500	500	51385ad7fc65412a0b97abc35d2d48f0037ab21f612a40fbcc1920f35d7c578e
race	sentence	paper	global_complete_case_mnar	all	row_pooled	llama4-maverick-17b-128e-instruct	gpt-4o	direction_cosine	mean_cosine	145544	18639	825	0.1280643654152696	0.182922817700162	0.16919448887750552	0.19688383074792296	500	500	51385ad7fc65412a0b97abc35d2d48f0037ab21f612a40fbcc1920f35d7c578e
race	sentence	paper	global_complete_case_mnar	all	row_pooled	llama4-maverick-17b-128e-instruct	gpt-4o	linear_cka	cka	145544	18639	825	0.1280643654152696	0.24947319082136332	0.23122979401303295	0.2708690196850772	500	500	51385ad7fc65412a0b97abc35d2d48f0037ab21f612a40fbcc1920f35d7c578e
race	sentence	paper	global_complete_case_mnar	all	row_pooled	llama4-maverick-17b-128e-instruct	gpt-4o	aitchison_magnitude_r	pearson_r	145544	18639	825	0.1280643654152696	0.6463306059835554	0.6295746077035921	0.6634372833320153	500	500	51385ad7fc65412a0b97abc35d2d48f0037ab21f612a40fbcc1920f35d7c578e
race	sentence	paper	global_complete_case_mnar	all	row_pooled	llama4-maverick-17b-128e-instruct	gpt-4o	fisher_rao_magnitude_r	pearson_r	145544	18639	825	0.1280643654152696	0.43294898632385503	0.40215351829549767	0.46272034800899225	500	500	51385ad7fc65412a0b97abc35d2d48f0037ab21f612a40fbcc1920f35d7c578e
race	sentence	paper	global_complete_case_mnar	all	row_pooled	llama4-maverick-17b-128e-instruct	gpt-4o	fisher_local_magnitude_r	pearson_r	145544	18639	825	0.1280643654152696	0.10105106258272396	0.049547587398982657	0.16695214555545226	500	500	51385ad7fc65412a0b97abc35d2d48f0037ab21f612a40fbcc1920f35d7c578e
race	sentence	paper	global_complete_case_mnar	all	prompt_equal	llama4-maverick-17b-128e-instruct	gpt-4o	signed_frobenius_r	pearson_r	145544	18639	825	0.1280643654152696	0.5361078796134081	0.5147252167307862	0.5564422464148475	500	500	51385ad7fc65412a0b97abc35d2d48f0037ab21f612a40fbcc1920f35d7c578e
race	sentence	paper	global_complete_case_mnar	all	prompt_equal	llama4-maverick-17b-128e-instruct	gpt-4o	direction_cosine	mean_cosine	145544	18639	825	0.1280643654152696	0.21240859191156133	0.1982166414566718	0.22542457201135155	500	500	51385ad7fc65412a0b97abc35d2d48f0037ab21f612a40fbcc1920f35d7c578e
race	sentence	paper	global_complete_case_mnar	all	prompt_equal	llama4-maverick-17b-128e-instruct	gpt-4o	linear_cka	cka	145544	18639	825	0.1280643654152696	0.2900391253482518	0.2678387718383203	0.31365506096648105	500	500	51385ad7fc65412a0b97abc35d2d48f0037ab21f612a40fbcc1920f35d7c578e
race	sentence	paper	global_complete_case_mnar	all	prompt_equal	llama4-maverick-17b-128e-instruct	gpt-4o	aitchison_magnitude_r	pearson_r	145544	18639	825	0.1280643654152696	0.6680449518702195	0.6503133406713989	0.6849900026318051	500	500	51385ad7fc65412a0b97abc35d2d48f0037ab21f612a40fbcc1920f35d7c578e
race	sentence	paper	global_complete_case_mnar	all	prompt_equal	llama4-maverick-17b-128e-instruct	gpt-4o	fisher_rao_magnitude_r	pearson_r	145544	18639	825	0.1280643654152696	0.4623947977726906	0.43261882453064165	0.49179336176857524	500	500	51385ad7fc65412a0b97abc35d2d48f0037ab21f612a40fbcc1920f35d7c578e
race	sentence	paper	global_complete_case_mnar	all	prompt_equal	llama4-maverick-17b-128e-instruct	gpt-4o	fisher_local_magnitude_r	pearson_r	145544	18639	825	0.1280643654152696	0.09441743376091699	0.047343955964183136	0.15644464728832408	500	500	51385ad7fc65412a0b97abc35d2d48f0037ab21f612a40fbcc1920f35d7c578e
race	sentence	paper	global_complete_case_mnar	system	row_pooled	llama4-maverick-17b-128e-instruct	gpt-4o	signed_frobenius_r	pearson_r	14802	936	592	0.06323469801378193	0.05651604037240052	0.021394724517890495	0.09337352363902998	500	500	3bab359b248413ff4b82309794d35425270ef3b1017c60cd7de1b91b484ad9f9
race	sentence	paper	global_complete_case_mnar	system	row_pooled	llama4-maverick-17b-128e-instruct	gpt-4o	direction_cosine	mean_cosine	14802	936	592	0.06323469801378193	0.030790548398865733	-0.004143401208852482	0.06616527185588927	500	500	3bab359b248413ff4b82309794d35425270ef3b1017c60cd7de1b91b484ad9f9
race	sentence	paper	global_complete_case_mnar	system	row_pooled	llama4-maverick-17b-128e-instruct	gpt-4o	linear_cka	cka	14802	936	592	0.06323469801378193	0.004800362574345536	0.00294255081786729	0.014899940958825294	500	500	3bab359b248413ff4b82309794d35425270ef3b1017c60cd7de1b91b484ad9f9
race	sentence	paper	global_complete_case_mnar	system	row_pooled	llama4-maverick-17b-128e-instruct	gpt-4o	aitchison_magnitude_r	pearson_r	14802	936	592	0.06323469801378193	0.04085260256280757	-0.01009555337824557	0.09353842565072941	500	500	3bab359b248413ff4b82309794d35425270ef3b1017c60cd7de1b91b484ad9f9
race	sentence	paper	global_complete_case_mnar	system	row_pooled	llama4-maverick-17b-128e-instruct	gpt-4o	fisher_rao_magnitude_r	pearson_r	14802	936	592	0.06323469801378193	0.10203959307410804	0.031948456245998805	0.17506025124471467	500	500	3bab359b248413ff4b82309794d35425270ef3b1017c60cd7de1b91b484ad9f9
race	sentence	paper	global_complete_case_mnar	system	row_pooled	llama4-maverick-17b-128e-instruct	gpt-4o	fisher_local_magnitude_r	pearson_r	14802	936	592	0.06323469801378193	0.047612587471564195	0.0014545062443688298	0.10224043703072483	500	500	3bab359b248413ff4b82309794d35425270ef3b1017c60cd7de1b91b484ad9f9
race	sentence	paper	global_complete_case_mnar	system	prompt_equal	llama4-maverick-17b-128e-instruct	gpt-4o	signed_frobenius_r	pearson_r	14802	936	592	0.06323469801378193	0.054408335044339354	0.020251829532782813	0.09115088175364713	500	500	3bab359b248413ff4b82309794d35425270ef3b1017c60cd7de1b91b484ad9f9
race	sentence	paper	global_complete_case_mnar	system	prompt_equal	llama4-maverick-17b-128e-instruct	gpt-4o	direction_cosine	mean_cosine	14802	936	592	0.06323469801378193	0.030635743654247448	-0.007959736355726967	0.0700238083978023	500	500	3bab359b248413ff4b82309794d35425270ef3b1017c60cd7de1b91b484ad9f9
race	sentence	paper	global_complete_case_mnar	system	prompt_equal	llama4-maverick-17b-128e-instruct	gpt-4o	linear_cka	cka	14802	936	592	0.06323469801378193	0.003673945794084593	0.0023383866484865054	0.013199060829842433	500	500	3bab359b248413ff4b82309794d35425270ef3b1017c60cd7de1b91b484ad9f9
race	sentence	paper	global_complete_case_mnar	system	prompt_equal	llama4-maverick-17b-128e-instruct	gpt-4o	aitchison_magnitude_r	pearson_r	14802	936	592	0.06323469801378193	0.034956842974963376	-0.022102669678827964	0.08711347138767565	500	500	3bab359b248413ff4b82309794d35425270ef3b1017c60cd7de1b91b484ad9f9
race	sentence	paper	global_complete_case_mnar	system	prompt_equal	llama4-maverick-17b-128e-instruct	gpt-4o	fisher_rao_magnitude_r	pearson_r	14802	936	592	0.06323469801378193	0.11132388104892908	0.04188447935425667	0.18127375962609554	500	500	3bab359b248413ff4b82309794d35425270ef3b1017c60cd7de1b91b484ad9f9
race	sentence	paper	global_complete_case_mnar	system	prompt_equal	llama4-maverick-17b-128e-instruct	gpt-4o	fisher_local_magnitude_r	pearson_r	14802	936	592	0.06323469801378193	0.060456840744890876	0.012824039324997382	0.12125303859697507	500	500	3bab359b248413ff4b82309794d35425270ef3b1017c60cd7de1b91b484ad9f9
race	sentence	paper	global_complete_case_mnar	user	row_pooled	llama4-maverick-17b-128e-instruct	gpt-4o	signed_frobenius_r	pearson_r	130742	17703	825	0.1354040782610026	0.5049489346650313	0.4858081794823782	0.5261795772106197	500	500	f4dfff463588ac5ae026c9a5714d6982ed65510e3f0ce476ecc721a02f2aa318
race	sentence	paper	global_complete_case_mnar	user	row_pooled	llama4-maverick-17b-128e-instruct	gpt-4o	direction_cosine	mean_cosine	130742	17703	825	0.1354040782610026	0.19097232612673146	0.17785031056828224	0.20680190289083886	500	500	f4dfff463588ac5ae026c9a5714d6982ed65510e3f0ce476ecc721a02f2aa318
race	sentence	paper	global_complete_case_mnar	user	row_pooled	llama4-maverick-17b-128e-instruct	gpt-4o	linear_cka	cka	130742	17703	825	0.1354040782610026	0.257322571075916	0.23904215953566613	0.27931089534934056	500	500	f4dfff463588ac5ae026c9a5714d6982ed65510e3f0ce476ecc721a02f2aa318
race	sentence	paper	global_complete_case_mnar	user	row_pooled	llama4-maverick-17b-128e-instruct	gpt-4o	aitchison_magnitude_r	pearson_r	130742	17703	825	0.1354040782610026	0.6503718890344142	0.6324607211683801	0.6691690959162647	500	500	f4dfff463588ac5ae026c9a5714d6982ed65510e3f0ce476ecc721a02f2aa318
race	sentence	paper	global_complete_case_mnar	user	row_pooled	llama4-maverick-17b-128e-instruct	gpt-4o	fisher_rao_magnitude_r	pearson_r	130742	17703	825	0.1354040782610026	0.43854263383463793	0.4128883558746626	0.46541475817227873	500	500	f4dfff463588ac5ae026c9a5714d6982ed65510e3f0ce476ecc721a02f2aa318
race	sentence	paper	global_complete_case_mnar	user	row_pooled	llama4-maverick-17b-128e-instruct	gpt-4o	fisher_local_magnitude_r	pearson_r	130742	17703	825	0.1354040782610026	0.10271688187180668	0.043834282563252065	0.1669227675509903	500	500	f4dfff463588ac5ae026c9a5714d6982ed65510e3f0ce476ecc721a02f2aa318
race	sentence	paper	global_complete_case_mnar	user	prompt_equal	llama4-maverick-17b-128e-instruct	gpt-4o	signed_frobenius_r	pearson_r	130742	17703	825	0.1354040782610026	0.5407862112407053	0.5213720518080174	0.5650756581209274	500	500	f4dfff463588ac5ae026c9a5714d6982ed65510e3f0ce476ecc721a02f2aa318
race	sentence	paper	global_complete_case_mnar	user	prompt_equal	llama4-maverick-17b-128e-instruct	gpt-4o	direction_cosine	mean_cosine	130742	17703	825	0.1354040782610026	0.22163015586437748	0.20892920058757916	0.23562858453767507	500	500	f4dfff463588ac5ae026c9a5714d6982ed65510e3f0ce476ecc721a02f2aa318
race	sentence	paper	global_complete_case_mnar	user	prompt_equal	llama4-maverick-17b-128e-instruct	gpt-4o	linear_cka	cka	130742	17703	825	0.1354040782610026	0.29499045384131906	0.27434367751512573	0.3220677547486302	500	500	f4dfff463588ac5ae026c9a5714d6982ed65510e3f0ce476ecc721a02f2aa318
race	sentence	paper	global_complete_case_mnar	user	prompt_equal	llama4-maverick-17b-128e-instruct	gpt-4o	aitchison_magnitude_r	pearson_r	130742	17703	825	0.1354040782610026	0.6688273025281748	0.6503516103405413	0.6881609773428726	500	500	f4dfff463588ac5ae026c9a5714d6982ed65510e3f0ce476ecc721a02f2aa318
race	sentence	paper	global_complete_case_mnar	user	prompt_equal	llama4-maverick-17b-128e-instruct	gpt-4o	fisher_rao_magnitude_r	pearson_r	130742	17703	825	0.1354040782610026	0.46465796954605487	0.4381481648484659	0.49224147162231596	500	500	f4dfff463588ac5ae026c9a5714d6982ed65510e3f0ce476ecc721a02f2aa318
race	sentence	paper	global_complete_case_mnar	user	prompt_equal	llama4-maverick-17b-128e-instruct	gpt-4o	fisher_local_magnitude_r	pearson_r	130742	17703	825	0.1354040782610026	0.09579157348839154	0.04064151782947429	0.16329942736438452	500	500	f4dfff463588ac5ae026c9a5714d6982ed65510e3f0ce476ecc721a02f2aa318
race	sentence	paper	global_complete_case_mnar	prediction	row_pooled	llama4-maverick-17b-128e-instruct	gpt-4-1	signed_frobenius_r	pearson_r	4934	825	825	0.16720713417105795	0.7925648721395506	0.7744530801715876	0.8103848685142553	500	500	bb39c2d2fc4a8ec99452fbbab44f2b1aedd932bc8338ac64de82b714d19ca319
race	sentence	paper	global_complete_case_mnar	prediction	row_pooled	llama4-maverick-17b-128e-instruct	gpt-4-1	direction_cosine	mean_cosine	4934	825	825	0.16720713417105795	0.7627373051844364	0.7406251949628699	0.7858155506225072	500	500	bb39c2d2fc4a8ec99452fbbab44f2b1aedd932bc8338ac64de82b714d19ca319
race	sentence	paper	global_complete_case_mnar	prediction	row_pooled	llama4-maverick-17b-128e-instruct	gpt-4-1	linear_cka	cka	4934	825	825	0.16720713417105795	0.6298269446568777	0.6016666405961218	0.6601354058647974	500	500	bb39c2d2fc4a8ec99452fbbab44f2b1aedd932bc8338ac64de82b714d19ca319
race	sentence	paper	global_complete_case_mnar	all	row_pooled	llama4-maverick-17b-128e-instruct	gpt-4-1	signed_frobenius_r	pearson_r	145544	18639	825	0.1280643654152696	0.5303551934763159	0.5122966383624887	0.5489938194479265	500	500	51385ad7fc65412a0b97abc35d2d48f0037ab21f612a40fbcc1920f35d7c578e
race	sentence	paper	global_complete_case_mnar	all	row_pooled	llama4-maverick-17b-128e-instruct	gpt-4-1	direction_cosine	mean_cosine	145544	18639	825	0.1280643654152696	0.18955638302178646	0.17582535780134642	0.2030684172499811	500	500	51385ad7fc65412a0b97abc35d2d48f0037ab21f612a40fbcc1920f35d7c578e
race	sentence	paper	global_complete_case_mnar	all	row_pooled	llama4-maverick-17b-128e-instruct	gpt-4-1	linear_cka	cka	145544	18639	825	0.1280643654152696	0.2826864519574562	0.26424917589352426	0.30400705146374857	500	500	51385ad7fc65412a0b97abc35d2d48f0037ab21f612a40fbcc1920f35d7c578e
race	sentence	paper	global_complete_case_mnar	all	row_pooled	llama4-maverick-17b-128e-instruct	gpt-4-1	aitchison_magnitude_r	pearson_r	145544	18639	825	0.1280643654152696	0.6687164633050423	0.6525701535146872	0.6841385000576128	500	500	51385ad7fc65412a0b97abc35d2d48f0037ab21f612a40fbcc1920f35d7c578e
race	sentence	paper	global_complete_case_mnar	all	row_pooled	llama4-maverick-17b-128e-instruct	gpt-4-1	fisher_rao_magnitude_r	pearson_r	145544	18639	825	0.1280643654152696	0.4194768850885089	0.38988709245337827	0.4511806910857394	500	500	51385ad7fc65412a0b97abc35d2d48f0037ab21f612a40fbcc1920f35d7c578e
race	sentence	paper	global_complete_case_mnar	all	row_pooled	llama4-maverick-17b-128e-instruct	gpt-4-1	fisher_local_magnitude_r	pearson_r	145544	18639	825	0.1280643654152696	0.09896886091647362	0.04930571180677447	0.15442160251428058	500	500	51385ad7fc65412a0b97abc35d2d48f0037ab21f612a40fbcc1920f35d7c578e
race	sentence	paper	global_complete_case_mnar	all	prompt_equal	llama4-maverick-17b-128e-instruct	gpt-4-1	signed_frobenius_r	pearson_r	145544	18639	825	0.1280643654152696	0.5695535780698823	0.5509696632872345	0.5914368924927058	500	500	51385ad7fc65412a0b97abc35d2d48f0037ab21f612a40fbcc1920f35d7c578e
race	sentence	paper	global_complete_case_mnar	all	prompt_equal	llama4-maverick-17b-128e-instruct	gpt-4-1	direction_cosine	mean_cosine	145544	18639	825	0.1280643654152696	0.21866255471468593	0.20645892635756596	0.23293491393427657	500	500	51385ad7fc65412a0b97abc35d2d48f0037ab21f612a40fbcc1920f35d7c578e
race	sentence	paper	global_complete_case_mnar	all	prompt_equal	llama4-maverick-17b-128e-instruct	gpt-4-1	linear_cka	cka	145544	18639	825	0.1280643654152696	0.3250658512178257	0.3050417620121531	0.3496583184750998	500	500	51385ad7fc65412a0b97abc35d2d48f0037ab21f612a40fbcc1920f35d7c578e
race	sentence	paper	global_complete_case_mnar	all	prompt_equal	llama4-maverick-17b-128e-instruct	gpt-4-1	aitchison_magnitude_r	pearson_r	145544	18639	825	0.1280643654152696	0.692821987278617	0.6760034654778442	0.7101841477254421	500	500	51385ad7fc65412a0b97abc35d2d48f0037ab21f612a40fbcc1920f35d7c578e
race	sentence	paper	global_complete_case_mnar	all	prompt_equal	llama4-maverick-17b-128e-instruct	gpt-4-1	fisher_rao_magnitude_r	pearson_r	145544	18639	825	0.1280643654152696	0.456039448660614	0.42913578175616424	0.4860490150547243	500	500	51385ad7fc65412a0b97abc35d2d48f0037ab21f612a40fbcc1920f35d7c578e
race	sentence	paper	global_complete_case_mnar	all	prompt_equal	llama4-maverick-17b-128e-instruct	gpt-4-1	fisher_local_magnitude_r	pearson_r	145544	18639	825	0.1280643654152696	0.09615936056109144	0.047578800005061074	0.14907863011576844	500	500	51385ad7fc65412a0b97abc35d2d48f0037ab21f612a40fbcc1920f35d7c578e
race	sentence	paper	global_complete_case_mnar	system	row_pooled	llama4-maverick-17b-128e-instruct	gpt-4-1	signed_frobenius_r	pearson_r	14802	936	592	0.06323469801378193	-0.015904733394933118	-0.0542851998303789	0.018540432752151108	500	500	3bab359b248413ff4b82309794d35425270ef3b1017c60cd7de1b91b484ad9f9
race	sentence	paper	global_complete_case_mnar	system	row_pooled	llama4-maverick-17b-128e-instruct	gpt-4-1	direction_cosine	mean_cosine	14802	936	592	0.06323469801378193	-0.07302957858386855	-0.10989460667484031	-0.0393561094003637	500	500	3bab359b248413ff4b82309794d35425270ef3b1017c60cd7de1b91b484ad9f9
race	sentence	paper	global_complete_case_mnar	system	row_pooled	llama4-maverick-17b-128e-instruct	gpt-4-1	linear_cka	cka	14802	936	592	0.06323469801378193	0.0044426322958018355	0.0024037160044889983	0.01392635634177484	500	500	3bab359b248413ff4b82309794d35425270ef3b1017c60cd7de1b91b484ad9f9
race	sentence	paper	global_complete_case_mnar	system	row_pooled	llama4-maverick-17b-128e-instruct	gpt-4-1	aitchison_magnitude_r	pearson_r	14802	936	592	0.06323469801378193	0.04470224370238216	-0.01897683395370216	0.11549712838229463	500	500	3bab359b248413ff4b82309794d35425270ef3b1017c60cd7de1b91b484ad9f9
race	sentence	paper	global_complete_case_mnar	system	row_pooled	llama4-maverick-17b-128e-instruct	gpt-4-1	fisher_rao_magnitude_r	pearson_r	14802	936	592	0.06323469801378193	0.09796603374512308	0.027927522782446115	0.1749207656655063	500	500	3bab359b248413ff4b82309794d35425270ef3b1017c60cd7de1b91b484ad9f9
race	sentence	paper	global_complete_case_mnar	system	row_pooled	llama4-maverick-17b-128e-instruct	gpt-4-1	fisher_local_magnitude_r	pearson_r	14802	936	592	0.06323469801378193	0.17286369073165023	0.043115882234188996	0.2985704105581489	500	500	3bab359b248413ff4b82309794d35425270ef3b1017c60cd7de1b91b484ad9f9
race	sentence	paper	global_complete_case_mnar	system	prompt_equal	llama4-maverick-17b-128e-instruct	gpt-4-1	signed_frobenius_r	pearson_r	14802	936	592	0.06323469801378193	-0.02660828356420362	-0.06923162410133554	0.00994602473324245	500	500	3bab359b248413ff4b82309794d35425270ef3b1017c60cd7de1b91b484ad9f9
race	sentence	paper	global_complete_case_mnar	system	prompt_equal	llama4-maverick-17b-128e-instruct	gpt-4-1	direction_cosine	mean_cosine	14802	936	592	0.06323469801378193	-0.08473522858290576	-0.12670164805552556	-0.048466451220020176	500	500	3bab359b248413ff4b82309794d35425270ef3b1017c60cd7de1b91b484ad9f9
race	sentence	paper	global_complete_case_mnar	system	prompt_equal	llama4-maverick-17b-128e-instruct	gpt-4-1	linear_cka	cka	14802	936	592	0.06323469801378193	0.0072557252555691155	0.0032976913573700825	0.018887626148918136	500	500	3bab359b248413ff4b82309794d35425270ef3b1017c60cd7de1b91b484ad9f9
race	sentence	paper	global_complete_case_mnar	system	prompt_equal	llama4-maverick-17b-128e-instruct	gpt-4-1	aitchison_magnitude_r	pearson_r	14802	936	592	0.06323469801378193	0.03697008945563339	-0.029160594781165117	0.11170862580538424	500	500	3bab359b248413ff4b82309794d35425270ef3b1017c60cd7de1b91b484ad9f9
race	sentence	paper	global_complete_case_mnar	system	prompt_equal	llama4-maverick-17b-128e-instruct	gpt-4-1	fisher_rao_magnitude_r	pearson_r	14802	936	592	0.06323469801378193	0.10235163927391973	0.033542934189150345	0.17760973778989703	500	500	3bab359b248413ff4b82309794d35425270ef3b1017c60cd7de1b91b484ad9f9
race	sentence	paper	global_complete_case_mnar	system	prompt_equal	llama4-maverick-17b-128e-instruct	gpt-4-1	fisher_local_magnitude_r	pearson_r	14802	936	592	0.06323469801378193	0.16326084247945488	0.04507329449380626	0.28652556758917763	500	500	3bab359b248413ff4b82309794d35425270ef3b1017c60cd7de1b91b484ad9f9
race	sentence	paper	global_complete_case_mnar	user	row_pooled	llama4-maverick-17b-128e-instruct	gpt-4-1	signed_frobenius_r	pearson_r	130742	17703	825	0.1354040782610026	0.5383532863137526	0.5194059871648442	0.5569476730386844	500	500	f4dfff463588ac5ae026c9a5714d6982ed65510e3f0ce476ecc721a02f2aa318
race	sentence	paper	global_complete_case_mnar	user	row_pooled	llama4-maverick-17b-128e-instruct	gpt-4-1	direction_cosine	mean_cosine	130742	17703	825	0.1354040782610026	0.20345013429724676	0.1901066585353158	0.21599082811139292	500	500	f4dfff463588ac5ae026c9a5714d6982ed65510e3f0ce476ecc721a02f2aa318
race	sentence	paper	global_complete_case_mnar	user	row_pooled	llama4-maverick-17b-128e-instruct	gpt-4-1	linear_cka	cka	130742	17703	825	0.1354040782610026	0.2912991709838715	0.2707288417801246	0.3125787044707268	500	500	f4dfff463588ac5ae026c9a5714d6982ed65510e3f0ce476ecc721a02f2aa318
race	sentence	paper	global_complete_case_mnar	user	row_pooled	llama4-maverick-17b-128e-instruct	gpt-4-1	aitchison_magnitude_r	pearson_r	130742	17703	825	0.1354040782610026	0.6721990852767294	0.6550436872624684	0.6882950857709935	500	500	f4dfff463588ac5ae026c9a5714d6982ed65510e3f0ce476ecc721a02f2aa318
race	sentence	paper	global_complete_case_mnar	user	row_pooled	llama4-maverick-17b-128e-instruct	gpt-4-1	fisher_rao_magnitude_r	pearson_r	130742	17703	825	0.1354040782610026	0.42454021299826533	0.39559915387805433	0.45213445414606085	500	500	f4dfff463588ac5ae026c9a5714d6982ed65510e3f0ce476ecc721a02f2aa318
race	sentence	paper	global_complete_case_mnar	user	row_pooled	llama4-maverick-17b-128e-instruct	gpt-4-1	fisher_local_magnitude_r	pearson_r	130742	17703	825	0.1354040782610026	0.09710720290575565	0.04873904173820442	0.15050590431034697	500	500	f4dfff463588ac5ae026c9a5714d6982ed65510e3f0ce476ecc721a02f2aa318
race	sentence	paper	global_complete_case_mnar	user	prompt_equal	llama4-maverick-17b-128e-instruct	gpt-4-1	signed_frobenius_r	pearson_r	130742	17703	825	0.1354040782610026	0.574406707691617	0.5517711609528171	0.5951973192914137	500	500	f4dfff463588ac5ae026c9a5714d6982ed65510e3f0ce476ecc721a02f2aa318
race	sentence	paper	global_complete_case_mnar	user	prompt_equal	llama4-maverick-17b-128e-instruct	gpt-4-1	direction_cosine	mean_cosine	130742	17703	825	0.1354040782610026	0.2341634518192506	0.22103628320026927	0.24660205381203068	500	500	f4dfff463588ac5ae026c9a5714d6982ed65510e3f0ce476ecc721a02f2aa318
race	sentence	paper	global_complete_case_mnar	user	prompt_equal	llama4-maverick-17b-128e-instruct	gpt-4-1	linear_cka	cka	130742	17703	825	0.1354040782610026	0.3305461178523505	0.3060391135861548	0.35523446754534227	500	500	f4dfff463588ac5ae026c9a5714d6982ed65510e3f0ce476ecc721a02f2aa318
race	sentence	paper	global_complete_case_mnar	user	prompt_equal	llama4-maverick-17b-128e-instruct	gpt-4-1	aitchison_magnitude_r	pearson_r	130742	17703	825	0.1354040782610026	0.6936250542369119	0.6742475629023801	0.7132426162866462	500	500	f4dfff463588ac5ae026c9a5714d6982ed65510e3f0ce476ecc721a02f2aa318
race	sentence	paper	global_complete_case_mnar	user	prompt_equal	llama4-maverick-17b-128e-instruct	gpt-4-1	fisher_rao_magnitude_r	pearson_r	130742	17703	825	0.1354040782610026	0.4575007990361849	0.4276244648473962	0.48437513650533004	500	500	f4dfff463588ac5ae026c9a5714d6982ed65510e3f0ce476ecc721a02f2aa318
race	sentence	paper	global_complete_case_mnar	user	prompt_equal	llama4-maverick-17b-128e-instruct	gpt-4-1	fisher_local_magnitude_r	pearson_r	130742	17703	825	0.1354040782610026	0.09487870805470758	0.04509360119499767	0.1496886919300776	500	500	f4dfff463588ac5ae026c9a5714d6982ed65510e3f0ce476ecc721a02f2aa318
race	sentence	paper	global_complete_case_mnar	prediction	row_pooled	llama4-maverick-17b-128e-instruct	gemini-2-5-flash-lite-vertex	signed_frobenius_r	pearson_r	4934	825	825	0.16720713417105795	0.728119022037675	0.706320329025742	0.7514284799932593	500	500	bb39c2d2fc4a8ec99452fbbab44f2b1aedd932bc8338ac64de82b714d19ca319
race	sentence	paper	global_complete_case_mnar	prediction	row_pooled	llama4-maverick-17b-128e-instruct	gemini-2-5-flash-lite-vertex	direction_cosine	mean_cosine	4934	825	825	0.16720713417105795	0.6380089991551064	0.6082936609233567	0.6697947975184835	500	500	bb39c2d2fc4a8ec99452fbbab44f2b1aedd932bc8338ac64de82b714d19ca319
race	sentence	paper	global_complete_case_mnar	prediction	row_pooled	llama4-maverick-17b-128e-instruct	gemini-2-5-flash-lite-vertex	linear_cka	cka	4934	825	825	0.16720713417105795	0.5331568374463825	0.5036058394701645	0.567356654442547	500	500	bb39c2d2fc4a8ec99452fbbab44f2b1aedd932bc8338ac64de82b714d19ca319
race	sentence	paper	global_complete_case_mnar	all	row_pooled	llama4-maverick-17b-128e-instruct	gemini-2-5-flash-lite-vertex	signed_frobenius_r	pearson_r	145544	18639	825	0.1280643654152696	0.3630926328452925	0.33701072725256886	0.39072076282015844	500	500	51385ad7fc65412a0b97abc35d2d48f0037ab21f612a40fbcc1920f35d7c578e
race	sentence	paper	global_complete_case_mnar	all	row_pooled	llama4-maverick-17b-128e-instruct	gemini-2-5-flash-lite-vertex	direction_cosine	mean_cosine	145544	18639	825	0.1280643654152696	0.15312213673779787	0.13886610808704578	0.1673798220458748	500	500	51385ad7fc65412a0b97abc35d2d48f0037ab21f612a40fbcc1920f35d7c578e
race	sentence	paper	global_complete_case_mnar	all	row_pooled	llama4-maverick-17b-128e-instruct	gemini-2-5-flash-lite-vertex	linear_cka	cka	145544	18639	825	0.1280643654152696	0.13487643965089827	0.11702727480137796	0.15631046880410712	500	500	51385ad7fc65412a0b97abc35d2d48f0037ab21f612a40fbcc1920f35d7c578e
race	sentence	paper	global_complete_case_mnar	all	row_pooled	llama4-maverick-17b-128e-instruct	gemini-2-5-flash-lite-vertex	aitchison_magnitude_r	pearson_r	145544	18639	825	0.1280643654152696	0.4365330907505411	0.4026034760341024	0.47575215419921996	500	500	51385ad7fc65412a0b97abc35d2d48f0037ab21f612a40fbcc1920f35d7c578e
race	sentence	paper	global_complete_case_mnar	all	row_pooled	llama4-maverick-17b-128e-instruct	gemini-2-5-flash-lite-vertex	fisher_rao_magnitude_r	pearson_r	145544	18639	825	0.1280643654152696	0.34447576915316086	0.3165694666304726	0.3764598688511078	500	500	51385ad7fc65412a0b97abc35d2d48f0037ab21f612a40fbcc1920f35d7c578e
race	sentence	paper	global_complete_case_mnar	all	row_pooled	llama4-maverick-17b-128e-instruct	gemini-2-5-flash-lite-vertex	fisher_local_magnitude_r	pearson_r	145544	18639	825	0.1280643654152696	0.06259993973697958	0.03151465233940379	0.0950582060153979	500	500	51385ad7fc65412a0b97abc35d2d48f0037ab21f612a40fbcc1920f35d7c578e
race	sentence	paper	global_complete_case_mnar	all	prompt_equal	llama4-maverick-17b-128e-instruct	gemini-2-5-flash-lite-vertex	signed_frobenius_r	pearson_r	145544	18639	825	0.1280643654152696	0.40708541723909775	0.37731596623997793	0.4346422384896218	500	500	51385ad7fc65412a0b97abc35d2d48f0037ab21f612a40fbcc1920f35d7c578e
race	sentence	paper	global_complete_case_mnar	all	prompt_equal	llama4-maverick-17b-128e-instruct	gemini-2-5-flash-lite-vertex	direction_cosine	mean_cosine	145544	18639	825	0.1280643654152696	0.17649024265779173	0.16246093449126892	0.19011545296002275	500	500	51385ad7fc65412a0b97abc35d2d48f0037ab21f612a40fbcc1920f35d7c578e
race	sentence	paper	global_complete_case_mnar	all	prompt_equal	llama4-maverick-17b-128e-instruct	gemini-2-5-flash-lite-vertex	linear_cka	cka	145544	18639	825	0.1280643654152696	0.17067135346453108	0.14715670908729817	0.19522162105198623	500	500	51385ad7fc65412a0b97abc35d2d48f0037ab21f612a40fbcc1920f35d7c578e
race	sentence	paper	global_complete_case_mnar	all	prompt_equal	llama4-maverick-17b-128e-instruct	gemini-2-5-flash-lite-vertex	aitchison_magnitude_r	pearson_r	145544	18639	825	0.1280643654152696	0.47770077654953647	0.4428856670566671	0.5148656897319224	500	500	51385ad7fc65412a0b97abc35d2d48f0037ab21f612a40fbcc1920f35d7c578e
race	sentence	paper	global_complete_case_mnar	all	prompt_equal	llama4-maverick-17b-128e-instruct	gemini-2-5-flash-lite-vertex	fisher_rao_magnitude_r	pearson_r	145544	18639	825	0.1280643654152696	0.375302621811119	0.3463348525779366	0.4063018094105385	500	500	51385ad7fc65412a0b97abc35d2d48f0037ab21f612a40fbcc1920f35d7c578e
race	sentence	paper	global_complete_case_mnar	all	prompt_equal	llama4-maverick-17b-128e-instruct	gemini-2-5-flash-lite-vertex	fisher_local_magnitude_r	pearson_r	145544	18639	825	0.1280643654152696	0.07498006695007053	0.040944235888116756	0.11159042746079713	500	500	51385ad7fc65412a0b97abc35d2d48f0037ab21f612a40fbcc1920f35d7c578e
race	sentence	paper	global_complete_case_mnar	system	row_pooled	llama4-maverick-17b-128e-instruct	gemini-2-5-flash-lite-vertex	signed_frobenius_r	pearson_r	14802	936	592	0.06323469801378193	-0.008540642626792534	-0.04510739038464316	0.029110243685627413	500	500	3bab359b248413ff4b82309794d35425270ef3b1017c60cd7de1b91b484ad9f9
race	sentence	paper	global_complete_case_mnar	system	row_pooled	llama4-maverick-17b-128e-instruct	gemini-2-5-flash-lite-vertex	direction_cosine	mean_cosine	14802	936	592	0.06323469801378193	-0.07710227997408967	-0.11539406570424841	-0.0403735775070752	500	500	3bab359b248413ff4b82309794d35425270ef3b1017c60cd7de1b91b484ad9f9
race	sentence	paper	global_complete_case_mnar	system	row_pooled	llama4-maverick-17b-128e-instruct	gemini-2-5-flash-lite-vertex	linear_cka	cka	14802	936	592	0.06323469801378193	0.0047072993661698955	0.002943988988772646	0.012997444161085	500	500	3bab359b248413ff4b82309794d35425270ef3b1017c60cd7de1b91b484ad9f9
race	sentence	paper	global_complete_case_mnar	system	row_pooled	llama4-maverick-17b-128e-instruct	gemini-2-5-flash-lite-vertex	aitchison_magnitude_r	pearson_r	14802	936	592	0.06323469801378193	0.054586896479278633	-0.00410233164769999	0.11632415353305423	500	500	3bab359b248413ff4b82309794d35425270ef3b1017c60cd7de1b91b484ad9f9
race	sentence	paper	global_complete_case_mnar	system	row_pooled	llama4-maverick-17b-128e-instruct	gemini-2-5-flash-lite-vertex	fisher_rao_magnitude_r	pearson_r	14802	936	592	0.06323469801378193	0.09577136363294778	0.027547283217218978	0.17642814712741658	500	500	3bab359b248413ff4b82309794d35425270ef3b1017c60cd7de1b91b484ad9f9
race	sentence	paper	global_complete_case_mnar	system	row_pooled	llama4-maverick-17b-128e-instruct	gemini-2-5-flash-lite-vertex	fisher_local_magnitude_r	pearson_r	14802	936	592	0.06323469801378193	0.04904735559616386	0.0032220033700639658	0.1086310843932013	500	500	3bab359b248413ff4b82309794d35425270ef3b1017c60cd7de1b91b484ad9f9
race	sentence	paper	global_complete_case_mnar	system	prompt_equal	llama4-maverick-17b-128e-instruct	gemini-2-5-flash-lite-vertex	signed_frobenius_r	pearson_r	14802	936	592	0.06323469801378193	-0.013211334560229182	-0.049078692082744416	0.022227399062683065	500	500	3bab359b248413ff4b82309794d35425270ef3b1017c60cd7de1b91b484ad9f9
race	sentence	paper	global_complete_case_mnar	system	prompt_equal	llama4-maverick-17b-128e-instruct	gemini-2-5-flash-lite-vertex	direction_cosine	mean_cosine	14802	936	592	0.06323469801378193	-0.07802117179676087	-0.11760099881348567	-0.036700810976137956	500	500	3bab359b248413ff4b82309794d35425270ef3b1017c60cd7de1b91b484ad9f9
race	sentence	paper	global_complete_case_mnar	system	prompt_equal	llama4-maverick-17b-128e-instruct	gemini-2-5-flash-lite-vertex	linear_cka	cka	14802	936	592	0.06323469801378193	0.005864991718442513	0.0030342106972700376	0.01613125962256052	500	500	3bab359b248413ff4b82309794d35425270ef3b1017c60cd7de1b91b484ad9f9
race	sentence	paper	global_complete_case_mnar	system	prompt_equal	llama4-maverick-17b-128e-instruct	gemini-2-5-flash-lite-vertex	aitchison_magnitude_r	pearson_r	14802	936	592	0.06323469801378193	0.04339886393284221	-0.014741993650604078	0.10435532406910934	500	500	3bab359b248413ff4b82309794d35425270ef3b1017c60cd7de1b91b484ad9f9
race	sentence	paper	global_complete_case_mnar	system	prompt_equal	llama4-maverick-17b-128e-instruct	gemini-2-5-flash-lite-vertex	fisher_rao_magnitude_r	pearson_r	14802	936	592	0.06323469801378193	0.10319788313926595	0.03201003566769732	0.1884829968352813	500	500	3bab359b248413ff4b82309794d35425270ef3b1017c60cd7de1b91b484ad9f9
race	sentence	paper	global_complete_case_mnar	system	prompt_equal	llama4-maverick-17b-128e-instruct	gemini-2-5-flash-lite-vertex	fisher_local_magnitude_r	pearson_r	14802	936	592	0.06323469801378193	0.05205056126122539	0.006655271726664937	0.11091556267780145	500	500	3bab359b248413ff4b82309794d35425270ef3b1017c60cd7de1b91b484ad9f9
race	sentence	paper	global_complete_case_mnar	user	row_pooled	llama4-maverick-17b-128e-instruct	gemini-2-5-flash-lite-vertex	signed_frobenius_r	pearson_r	130742	17703	825	0.1354040782610026	0.37162781820805674	0.34722808047287507	0.3957069505583155	500	500	f4dfff463588ac5ae026c9a5714d6982ed65510e3f0ce476ecc721a02f2aa318
race	sentence	paper	global_complete_case_mnar	user	row_pooled	llama4-maverick-17b-128e-instruct	gemini-2-5-flash-lite-vertex	direction_cosine	mean_cosine	130742	17703	825	0.1354040782610026	0.16530359824386492	0.14925699218157698	0.17806224936495627	500	500	f4dfff463588ac5ae026c9a5714d6982ed65510e3f0ce476ecc721a02f2aa318
race	sentence	paper	global_complete_case_mnar	user	row_pooled	llama4-maverick-17b-128e-instruct	gemini-2-5-flash-lite-vertex	linear_cka	cka	130742	17703	825	0.1354040782610026	0.14120063775671576	0.12287023145247505	0.160359543631392	500	500	f4dfff463588ac5ae026c9a5714d6982ed65510e3f0ce476ecc721a02f2aa318
race	sentence	paper	global_complete_case_mnar	user	row_pooled	llama4-maverick-17b-128e-instruct	gemini-2-5-flash-lite-vertex	aitchison_magnitude_r	pearson_r	130742	17703	825	0.1354040782610026	0.4430196240544378	0.40644793004168367	0.47747841752967024	500	500	f4dfff463588ac5ae026c9a5714d6982ed65510e3f0ce476ecc721a02f2aa318
race	sentence	paper	global_complete_case_mnar	user	row_pooled	llama4-maverick-17b-128e-instruct	gemini-2-5-flash-lite-vertex	fisher_rao_magnitude_r	pearson_r	130742	17703	825	0.1354040782610026	0.34840653030646046	0.3190794418904603	0.3753030118036541	500	500	f4dfff463588ac5ae026c9a5714d6982ed65510e3f0ce476ecc721a02f2aa318
race	sentence	paper	global_complete_case_mnar	user	row_pooled	llama4-maverick-17b-128e-instruct	gemini-2-5-flash-lite-vertex	fisher_local_magnitude_r	pearson_r	130742	17703	825	0.1354040782610026	0.06305977978497322	0.03542094447953162	0.09729240098539291	500	500	f4dfff463588ac5ae026c9a5714d6982ed65510e3f0ce476ecc721a02f2aa318
race	sentence	paper	global_complete_case_mnar	user	prompt_equal	llama4-maverick-17b-128e-instruct	gemini-2-5-flash-lite-vertex	signed_frobenius_r	pearson_r	130742	17703	825	0.1354040782610026	0.41225989431080706	0.3858634154897521	0.43708247119735294	500	500	f4dfff463588ac5ae026c9a5714d6982ed65510e3f0ce476ecc721a02f2aa318
race	sentence	paper	global_complete_case_mnar	user	prompt_equal	llama4-maverick-17b-128e-instruct	gemini-2-5-flash-lite-vertex	direction_cosine	mean_cosine	130742	17703	825	0.1354040782610026	0.18760377633716144	0.1719563105498837	0.19906100125442763	500	500	f4dfff463588ac5ae026c9a5714d6982ed65510e3f0ce476ecc721a02f2aa318
race	sentence	paper	global_complete_case_mnar	user	prompt_equal	llama4-maverick-17b-128e-instruct	gemini-2-5-flash-lite-vertex	linear_cka	cka	130742	17703	825	0.1354040782610026	0.17483642036790958	0.1535033223785108	0.19718007356353923	500	500	f4dfff463588ac5ae026c9a5714d6982ed65510e3f0ce476ecc721a02f2aa318
race	sentence	paper	global_complete_case_mnar	user	prompt_equal	llama4-maverick-17b-128e-instruct	gemini-2-5-flash-lite-vertex	aitchison_magnitude_r	pearson_r	130742	17703	825	0.1354040782610026	0.48062741899005657	0.447034442466491	0.5126348238694609	500	500	f4dfff463588ac5ae026c9a5714d6982ed65510e3f0ce476ecc721a02f2aa318
race	sentence	paper	global_complete_case_mnar	user	prompt_equal	llama4-maverick-17b-128e-instruct	gemini-2-5-flash-lite-vertex	fisher_rao_magnitude_r	pearson_r	130742	17703	825	0.1354040782610026	0.3767097538082804	0.3501457574370984	0.40260737596933466	500	500	f4dfff463588ac5ae026c9a5714d6982ed65510e3f0ce476ecc721a02f2aa318
race	sentence	paper	global_complete_case_mnar	user	prompt_equal	llama4-maverick-17b-128e-instruct	gemini-2-5-flash-lite-vertex	fisher_local_magnitude_r	pearson_r	130742	17703	825	0.1354040782610026	0.07463960356889192	0.04279049639981734	0.11220727062585943	500	500	f4dfff463588ac5ae026c9a5714d6982ed65510e3f0ce476ecc721a02f2aa318
race	sentence	paper	global_complete_case_mnar	prediction	row_pooled	gpt-4o	gpt-4-1	signed_frobenius_r	pearson_r	4934	825	825	0.16720713417105795	0.9044028810855478	0.8954350231412168	0.9131306723748548	500	500	bb39c2d2fc4a8ec99452fbbab44f2b1aedd932bc8338ac64de82b714d19ca319
race	sentence	paper	global_complete_case_mnar	prediction	row_pooled	gpt-4o	gpt-4-1	direction_cosine	mean_cosine	4934	825	825	0.16720713417105795	0.9020647151393233	0.8908136114217534	0.9136649815384258	500	500	bb39c2d2fc4a8ec99452fbbab44f2b1aedd932bc8338ac64de82b714d19ca319
race	sentence	paper	global_complete_case_mnar	prediction	row_pooled	gpt-4o	gpt-4-1	linear_cka	cka	4934	825	825	0.16720713417105795	0.817902102524178	0.8015732205469697	0.8352008580484124	500	500	bb39c2d2fc4a8ec99452fbbab44f2b1aedd932bc8338ac64de82b714d19ca319
race	sentence	paper	global_complete_case_mnar	all	row_pooled	gpt-4o	gpt-4-1	signed_frobenius_r	pearson_r	145544	18639	825	0.1280643654152696	0.6435150347396831	0.627948275526679	0.6597675491389942	500	500	51385ad7fc65412a0b97abc35d2d48f0037ab21f612a40fbcc1920f35d7c578e
race	sentence	paper	global_complete_case_mnar	all	row_pooled	gpt-4o	gpt-4-1	direction_cosine	mean_cosine	145544	18639	825	0.1280643654152696	0.26833694079406606	0.25315683628141056	0.28508153958838234	500	500	51385ad7fc65412a0b97abc35d2d48f0037ab21f612a40fbcc1920f35d7c578e
race	sentence	paper	global_complete_case_mnar	all	row_pooled	gpt-4o	gpt-4-1	linear_cka	cka	145544	18639	825	0.1280643654152696	0.41401197807523066	0.3933762976930285	0.43583449009248004	500	500	51385ad7fc65412a0b97abc35d2d48f0037ab21f612a40fbcc1920f35d7c578e
race	sentence	paper	global_complete_case_mnar	all	row_pooled	gpt-4o	gpt-4-1	aitchison_magnitude_r	pearson_r	145544	18639	825	0.1280643654152696	0.7232482690127463	0.7071831223819016	0.7385679003605874	500	500	51385ad7fc65412a0b97abc35d2d48f0037ab21f612a40fbcc1920f35d7c578e
race	sentence	paper	global_complete_case_mnar	all	row_pooled	gpt-4o	gpt-4-1	fisher_rao_magnitude_r	pearson_r	145544	18639	825	0.1280643654152696	0.5532783884004873	0.5248689175690624	0.5841600645423193	500	500	51385ad7fc65412a0b97abc35d2d48f0037ab21f612a40fbcc1920f35d7c578e
race	sentence	paper	global_complete_case_mnar	all	row_pooled	gpt-4o	gpt-4-1	fisher_local_magnitude_r	pearson_r	145544	18639	825	0.1280643654152696	0.22179473717682685	0.1543392673869274	0.2976274204389717	500	500	51385ad7fc65412a0b97abc35d2d48f0037ab21f612a40fbcc1920f35d7c578e
race	sentence	paper	global_complete_case_mnar	all	prompt_equal	gpt-4o	gpt-4-1	signed_frobenius_r	pearson_r	145544	18639	825	0.1280643654152696	0.6845698632187125	0.6702014039150905	0.7000823579792538	500	500	51385ad7fc65412a0b97abc35d2d48f0037ab21f612a40fbcc1920f35d7c578e
race	sentence	paper	global_complete_case_mnar	all	prompt_equal	gpt-4o	gpt-4-1	direction_cosine	mean_cosine	145544	18639	825	0.1280643654152696	0.3049970796758668	0.2896833639767978	0.321713034374197	500	500	51385ad7fc65412a0b97abc35d2d48f0037ab21f612a40fbcc1920f35d7c578e
race	sentence	paper	global_complete_case_mnar	all	prompt_equal	gpt-4o	gpt-4-1	linear_cka	cka	145544	18639	825	0.1280643654152696	0.46889220889762856	0.4487202077806388	0.49229535702242144	500	500	51385ad7fc65412a0b97abc35d2d48f0037ab21f612a40fbcc1920f35d7c578e
race	sentence	paper	global_complete_case_mnar	all	prompt_equal	gpt-4o	gpt-4-1	aitchison_magnitude_r	pearson_r	145544	18639	825	0.1280643654152696	0.7512058044250582	0.7370343071030361	0.7661203415658858	500	500	51385ad7fc65412a0b97abc35d2d48f0037ab21f612a40fbcc1920f35d7c578e
race	sentence	paper	global_complete_case_mnar	all	prompt_equal	gpt-4o	gpt-4-1	fisher_rao_magnitude_r	pearson_r	145544	18639	825	0.1280643654152696	0.5933499691281431	0.5666974617395177	0.6215425264661724	500	500	51385ad7fc65412a0b97abc35d2d48f0037ab21f612a40fbcc1920f35d7c578e
race	sentence	paper	global_complete_case_mnar	all	prompt_equal	gpt-4o	gpt-4-1	fisher_local_magnitude_r	pearson_r	145544	18639	825	0.1280643654152696	0.2327459536885022	0.17021382986342354	0.30386393789592747	500	500	51385ad7fc65412a0b97abc35d2d48f0037ab21f612a40fbcc1920f35d7c578e
race	sentence	paper	global_complete_case_mnar	system	row_pooled	gpt-4o	gpt-4-1	signed_frobenius_r	pearson_r	14802	936	592	0.06323469801378193	0.05882503242725406	0.01545215952154136	0.09954539862174884	500	500	3bab359b248413ff4b82309794d35425270ef3b1017c60cd7de1b91b484ad9f9
race	sentence	paper	global_complete_case_mnar	system	row_pooled	gpt-4o	gpt-4-1	direction_cosine	mean_cosine	14802	936	592	0.06323469801378193	0.03960040757163443	0.0007040979719709176	0.08066437188694665	500	500	3bab359b248413ff4b82309794d35425270ef3b1017c60cd7de1b91b484ad9f9
race	sentence	paper	global_complete_case_mnar	system	row_pooled	gpt-4o	gpt-4-1	linear_cka	cka	14802	936	592	0.06323469801378193	0.010076171640883704	0.006133212964576111	0.02459066950538055	500	500	3bab359b248413ff4b82309794d35425270ef3b1017c60cd7de1b91b484ad9f9
race	sentence	paper	global_complete_case_mnar	system	row_pooled	gpt-4o	gpt-4-1	aitchison_magnitude_r	pearson_r	14802	936	592	0.06323469801378193	0.009155978763112596	-0.047698431214056515	0.07322001549987929	500	500	3bab359b248413ff4b82309794d35425270ef3b1017c60cd7de1b91b484ad9f9
race	sentence	paper	global_complete_case_mnar	system	row_pooled	gpt-4o	gpt-4-1	fisher_rao_magnitude_r	pearson_r	14802	936	592	0.06323469801378193	0.15104710176207048	0.08083309014174596	0.2144455678001679	500	500	3bab359b248413ff4b82309794d35425270ef3b1017c60cd7de1b91b484ad9f9
race	sentence	paper	global_complete_case_mnar	system	row_pooled	gpt-4o	gpt-4-1	fisher_local_magnitude_r	pearson_r	14802	936	592	0.06323469801378193	0.10670549147350289	0.03827164842528763	0.18518250733531497	500	500	3bab359b248413ff4b82309794d35425270ef3b1017c60cd7de1b91b484ad9f9
race	sentence	paper	global_complete_case_mnar	system	prompt_equal	gpt-4o	gpt-4-1	signed_frobenius_r	pearson_r	14802	936	592	0.06323469801378193	0.06104235974046084	0.009499026815667444	0.10784360835193103	500	500	3bab359b248413ff4b82309794d35425270ef3b1017c60cd7de1b91b484ad9f9
race	sentence	paper	global_complete_case_mnar	system	prompt_equal	gpt-4o	gpt-4-1	direction_cosine	mean_cosine	14802	936	592	0.06323469801378193	0.03406862421621857	-0.009522074837741989	0.07877421519753053	500	500	3bab359b248413ff4b82309794d35425270ef3b1017c60cd7de1b91b484ad9f9
race	sentence	paper	global_complete_case_mnar	system	prompt_equal	gpt-4o	gpt-4-1	linear_cka	cka	14802	936	592	0.06323469801378193	0.010295430235638786	0.006034590965725335	0.026190347514281058	500	500	3bab359b248413ff4b82309794d35425270ef3b1017c60cd7de1b91b484ad9f9
race	sentence	paper	global_complete_case_mnar	system	prompt_equal	gpt-4o	gpt-4-1	aitchison_magnitude_r	pearson_r	14802	936	592	0.06323469801378193	0.03636715442273324	-0.0249838189854898	0.10098881526879268	500	500	3bab359b248413ff4b82309794d35425270ef3b1017c60cd7de1b91b484ad9f9
race	sentence	paper	global_complete_case_mnar	system	prompt_equal	gpt-4o	gpt-4-1	fisher_rao_magnitude_r	pearson_r	14802	936	592	0.06323469801378193	0.166749435118692	0.09730791887200758	0.22980462796103893	500	500	3bab359b248413ff4b82309794d35425270ef3b1017c60cd7de1b91b484ad9f9
race	sentence	paper	global_complete_case_mnar	system	prompt_equal	gpt-4o	gpt-4-1	fisher_local_magnitude_r	pearson_r	14802	936	592	0.06323469801378193	0.1268354998968187	0.05983686530782356	0.20457998009638942	500	500	3bab359b248413ff4b82309794d35425270ef3b1017c60cd7de1b91b484ad9f9
race	sentence	paper	global_complete_case_mnar	user	row_pooled	gpt-4o	gpt-4-1	signed_frobenius_r	pearson_r	130742	17703	825	0.1354040782610026	0.6544077573924076	0.6400969542653974	0.6693120151889784	500	500	f4dfff463588ac5ae026c9a5714d6982ed65510e3f0ce476ecc721a02f2aa318
race	sentence	paper	global_complete_case_mnar	user	row_pooled	gpt-4o	gpt-4-1	direction_cosine	mean_cosine	130742	17703	825	0.1354040782610026	0.2804307890173162	0.2650880406015247	0.296243390576958	500	500	f4dfff463588ac5ae026c9a5714d6982ed65510e3f0ce476ecc721a02f2aa318
race	sentence	paper	global_complete_case_mnar	user	row_pooled	gpt-4o	gpt-4-1	linear_cka	cka	130742	17703	825	0.1354040782610026	0.4281368011461972	0.40996650211480407	0.4485026664170891	500	500	f4dfff463588ac5ae026c9a5714d6982ed65510e3f0ce476ecc721a02f2aa318
race	sentence	paper	global_complete_case_mnar	user	row_pooled	gpt-4o	gpt-4-1	aitchison_magnitude_r	pearson_r	130742	17703	825	0.1354040782610026	0.7300738169533733	0.7159350203930055	0.7436695038839366	500	500	f4dfff463588ac5ae026c9a5714d6982ed65510e3f0ce476ecc721a02f2aa318
race	sentence	paper	global_complete_case_mnar	user	row_pooled	gpt-4o	gpt-4-1	fisher_rao_magnitude_r	pearson_r	130742	17703	825	0.1354040782610026	0.562348684560423	0.5360125390049867	0.5903225022087067	500	500	f4dfff463588ac5ae026c9a5714d6982ed65510e3f0ce476ecc721a02f2aa318
race	sentence	paper	global_complete_case_mnar	user	row_pooled	gpt-4o	gpt-4-1	fisher_local_magnitude_r	pearson_r	130742	17703	825	0.1354040782610026	0.2253161567608295	0.1627301347571541	0.2944274917782345	500	500	f4dfff463588ac5ae026c9a5714d6982ed65510e3f0ce476ecc721a02f2aa318
race	sentence	paper	global_complete_case_mnar	user	prompt_equal	gpt-4o	gpt-4-1	signed_frobenius_r	pearson_r	130742	17703	825	0.1354040782610026	0.6919152562313008	0.6785045513764502	0.7055916515022032	500	500	f4dfff463588ac5ae026c9a5714d6982ed65510e3f0ce476ecc721a02f2aa318
race	sentence	paper	global_complete_case_mnar	user	prompt_equal	gpt-4o	gpt-4-1	direction_cosine	mean_cosine	130742	17703	825	0.1354040782610026	0.3186140325535252	0.3031086147472627	0.33274585967949594	500	500	f4dfff463588ac5ae026c9a5714d6982ed65510e3f0ce476ecc721a02f2aa318
race	sentence	paper	global_complete_case_mnar	user	prompt_equal	gpt-4o	gpt-4-1	linear_cka	cka	130742	17703	825	0.1354040782610026	0.47885050315267413	0.4606479903544003	0.4995423876080094	500	500	f4dfff463588ac5ae026c9a5714d6982ed65510e3f0ce476ecc721a02f2aa318
race	sentence	paper	global_complete_case_mnar	user	prompt_equal	gpt-4o	gpt-4-1	aitchison_magnitude_r	pearson_r	130742	17703	825	0.1354040782610026	0.7546737211525685	0.740514509042327	0.7682556287724869	500	500	f4dfff463588ac5ae026c9a5714d6982ed65510e3f0ce476ecc721a02f2aa318
race	sentence	paper	global_complete_case_mnar	user	prompt_equal	gpt-4o	gpt-4-1	fisher_rao_magnitude_r	pearson_r	130742	17703	825	0.1354040782610026	0.5972832938402755	0.571804913682441	0.625386393589384	500	500	f4dfff463588ac5ae026c9a5714d6982ed65510e3f0ce476ecc721a02f2aa318
race	sentence	paper	global_complete_case_mnar	user	prompt_equal	gpt-4o	gpt-4-1	fisher_local_magnitude_r	pearson_r	130742	17703	825	0.1354040782610026	0.23757441325203407	0.17354970719169766	0.3046916812900842	500	500	f4dfff463588ac5ae026c9a5714d6982ed65510e3f0ce476ecc721a02f2aa318
race	sentence	paper	global_complete_case_mnar	prediction	row_pooled	gpt-4o	gemini-2-5-flash-lite-vertex	signed_frobenius_r	pearson_r	4934	825	825	0.16720713417105795	0.7515467330672144	0.7273552865565334	0.773742934089477	500	500	bb39c2d2fc4a8ec99452fbbab44f2b1aedd932bc8338ac64de82b714d19ca319
race	sentence	paper	global_complete_case_mnar	prediction	row_pooled	gpt-4o	gemini-2-5-flash-lite-vertex	direction_cosine	mean_cosine	4934	825	825	0.16720713417105795	0.6848384501891729	0.6572638106048403	0.713649792292498	500	500	bb39c2d2fc4a8ec99452fbbab44f2b1aedd932bc8338ac64de82b714d19ca319
race	sentence	paper	global_complete_case_mnar	prediction	row_pooled	gpt-4o	gemini-2-5-flash-lite-vertex	linear_cka	cka	4934	825	825	0.16720713417105795	0.564901820141098	0.5313323292849457	0.600681493502638	500	500	bb39c2d2fc4a8ec99452fbbab44f2b1aedd932bc8338ac64de82b714d19ca319
race	sentence	paper	global_complete_case_mnar	all	row_pooled	gpt-4o	gemini-2-5-flash-lite-vertex	signed_frobenius_r	pearson_r	145544	18639	825	0.1280643654152696	0.352723559383114	0.32592518778341245	0.38383930536421845	500	500	51385ad7fc65412a0b97abc35d2d48f0037ab21f612a40fbcc1920f35d7c578e
race	sentence	paper	global_complete_case_mnar	all	row_pooled	gpt-4o	gemini-2-5-flash-lite-vertex	direction_cosine	mean_cosine	145544	18639	825	0.1280643654152696	0.16476604665536665	0.14960501196866383	0.18055638655467482	500	500	51385ad7fc65412a0b97abc35d2d48f0037ab21f612a40fbcc1920f35d7c578e
race	sentence	paper	global_complete_case_mnar	all	row_pooled	gpt-4o	gemini-2-5-flash-lite-vertex	linear_cka	cka	145544	18639	825	0.1280643654152696	0.12730676485303752	0.10998082829676313	0.150194971911322	500	500	51385ad7fc65412a0b97abc35d2d48f0037ab21f612a40fbcc1920f35d7c578e
race	sentence	paper	global_complete_case_mnar	all	row_pooled	gpt-4o	gemini-2-5-flash-lite-vertex	aitchison_magnitude_r	pearson_r	145544	18639	825	0.1280643654152696	0.4325945370794969	0.39798604375329977	0.4674028738442095	500	500	51385ad7fc65412a0b97abc35d2d48f0037ab21f612a40fbcc1920f35d7c578e
race	sentence	paper	global_complete_case_mnar	all	row_pooled	gpt-4o	gemini-2-5-flash-lite-vertex	fisher_rao_magnitude_r	pearson_r	145544	18639	825	0.1280643654152696	0.38108601561754923	0.3447760614590465	0.4140997318730586	500	500	51385ad7fc65412a0b97abc35d2d48f0037ab21f612a40fbcc1920f35d7c578e
race	sentence	paper	global_complete_case_mnar	all	row_pooled	gpt-4o	gemini-2-5-flash-lite-vertex	fisher_local_magnitude_r	pearson_r	145544	18639	825	0.1280643654152696	0.10334977052001668	0.06157005041367532	0.1427875516150366	500	500	51385ad7fc65412a0b97abc35d2d48f0037ab21f612a40fbcc1920f35d7c578e
race	sentence	paper	global_complete_case_mnar	all	prompt_equal	gpt-4o	gemini-2-5-flash-lite-vertex	signed_frobenius_r	pearson_r	145544	18639	825	0.1280643654152696	0.4047222236240222	0.3763388995163365	0.43503609795394727	500	500	51385ad7fc65412a0b97abc35d2d48f0037ab21f612a40fbcc1920f35d7c578e
race	sentence	paper	global_complete_case_mnar	all	prompt_equal	gpt-4o	gemini-2-5-flash-lite-vertex	direction_cosine	mean_cosine	145544	18639	825	0.1280643654152696	0.19536819029828056	0.1804382629147995	0.21048432190191493	500	500	51385ad7fc65412a0b97abc35d2d48f0037ab21f612a40fbcc1920f35d7c578e
race	sentence	paper	global_complete_case_mnar	all	prompt_equal	gpt-4o	gemini-2-5-flash-lite-vertex	linear_cka	cka	145544	18639	825	0.1280643654152696	0.16769776690516042	0.1460124474801605	0.1940666430990882	500	500	51385ad7fc65412a0b97abc35d2d48f0037ab21f612a40fbcc1920f35d7c578e
race	sentence	paper	global_complete_case_mnar	all	prompt_equal	gpt-4o	gemini-2-5-flash-lite-vertex	aitchison_magnitude_r	pearson_r	145544	18639	825	0.1280643654152696	0.4803275398375556	0.44690161259747807	0.5168763220387619	500	500	51385ad7fc65412a0b97abc35d2d48f0037ab21f612a40fbcc1920f35d7c578e
race	sentence	paper	global_complete_case_mnar	all	prompt_equal	gpt-4o	gemini-2-5-flash-lite-vertex	fisher_rao_magnitude_r	pearson_r	145544	18639	825	0.1280643654152696	0.42159124516549784	0.3881575932120027	0.4533265530449147	500	500	51385ad7fc65412a0b97abc35d2d48f0037ab21f612a40fbcc1920f35d7c578e
race	sentence	paper	global_complete_case_mnar	all	prompt_equal	gpt-4o	gemini-2-5-flash-lite-vertex	fisher_local_magnitude_r	pearson_r	145544	18639	825	0.1280643654152696	0.12092449539205835	0.08338108037055783	0.16264408658348053	500	500	51385ad7fc65412a0b97abc35d2d48f0037ab21f612a40fbcc1920f35d7c578e
race	sentence	paper	global_complete_case_mnar	system	row_pooled	gpt-4o	gemini-2-5-flash-lite-vertex	signed_frobenius_r	pearson_r	14802	936	592	0.06323469801378193	-0.02395329367177542	-0.07007750877034677	0.02546339101133236	500	500	3bab359b248413ff4b82309794d35425270ef3b1017c60cd7de1b91b484ad9f9
race	sentence	paper	global_complete_case_mnar	system	row_pooled	gpt-4o	gemini-2-5-flash-lite-vertex	direction_cosine	mean_cosine	14802	936	592	0.06323469801378193	-0.04466703361599214	-0.0853902709290899	-0.0004582618906605288	500	500	3bab359b248413ff4b82309794d35425270ef3b1017c60cd7de1b91b484ad9f9
race	sentence	paper	global_complete_case_mnar	system	row_pooled	gpt-4o	gemini-2-5-flash-lite-vertex	linear_cka	cka	14802	936	592	0.06323469801378193	0.001935242735072912	0.0016010462905449812	0.012663553462773596	500	500	3bab359b248413ff4b82309794d35425270ef3b1017c60cd7de1b91b484ad9f9
race	sentence	paper	global_complete_case_mnar	system	row_pooled	gpt-4o	gemini-2-5-flash-lite-vertex	aitchison_magnitude_r	pearson_r	14802	936	592	0.06323469801378193	0.017342663046918266	-0.04456604730783324	0.08034183659966575	500	500	3bab359b248413ff4b82309794d35425270ef3b1017c60cd7de1b91b484ad9f9
race	sentence	paper	global_complete_case_mnar	system	row_pooled	gpt-4o	gemini-2-5-flash-lite-vertex	fisher_rao_magnitude_r	pearson_r	14802	936	592	0.06323469801378193	0.08301291862002258	0.008964898578520645	0.17648707032493774	500	500	3bab359b248413ff4b82309794d35425270ef3b1017c60cd7de1b91b484ad9f9
race	sentence	paper	global_complete_case_mnar	system	row_pooled	gpt-4o	gemini-2-5-flash-lite-vertex	fisher_local_magnitude_r	pearson_r	14802	936	592	0.06323469801378193	0.03281750456084486	-0.010636616420159386	0.09617664227435758	500	500	3bab359b248413ff4b82309794d35425270ef3b1017c60cd7de1b91b484ad9f9
race	sentence	paper	global_complete_case_mnar	system	prompt_equal	gpt-4o	gemini-2-5-flash-lite-vertex	signed_frobenius_r	pearson_r	14802	936	592	0.06323469801378193	-0.042134425423082274	-0.08930250988291359	0.010538038614556156	500	500	3bab359b248413ff4b82309794d35425270ef3b1017c60cd7de1b91b484ad9f9
race	sentence	paper	global_complete_case_mnar	system	prompt_equal	gpt-4o	gemini-2-5-flash-lite-vertex	direction_cosine	mean_cosine	14802	936	592	0.06323469801378193	-0.0550124575744613	-0.0974702635029702	-0.009415435575181126	500	500	3bab359b248413ff4b82309794d35425270ef3b1017c60cd7de1b91b484ad9f9
race	sentence	paper	global_complete_case_mnar	system	prompt_equal	gpt-4o	gemini-2-5-flash-lite-vertex	linear_cka	cka	14802	936	592	0.06323469801378193	0.0034943306307776874	0.002124266156750754	0.016437331017160738	500	500	3bab359b248413ff4b82309794d35425270ef3b1017c60cd7de1b91b484ad9f9
race	sentence	paper	global_complete_case_mnar	system	prompt_equal	gpt-4o	gemini-2-5-flash-lite-vertex	aitchison_magnitude_r	pearson_r	14802	936	592	0.06323469801378193	0.04005792594891287	-0.021063957002992125	0.10637074931296354	500	500	3bab359b248413ff4b82309794d35425270ef3b1017c60cd7de1b91b484ad9f9
race	sentence	paper	global_complete_case_mnar	system	prompt_equal	gpt-4o	gemini-2-5-flash-lite-vertex	fisher_rao_magnitude_r	pearson_r	14802	936	592	0.06323469801378193	0.08112570772862594	0.008150862270088516	0.16825762943603811	500	500	3bab359b248413ff4b82309794d35425270ef3b1017c60cd7de1b91b484ad9f9
race	sentence	paper	global_complete_case_mnar	system	prompt_equal	gpt-4o	gemini-2-5-flash-lite-vertex	fisher_local_magnitude_r	pearson_r	14802	936	592	0.06323469801378193	0.029794332402480195	-0.012114657288997317	0.08778845136443661	500	500	3bab359b248413ff4b82309794d35425270ef3b1017c60cd7de1b91b484ad9f9
race	sentence	paper	global_complete_case_mnar	user	row_pooled	gpt-4o	gemini-2-5-flash-lite-vertex	signed_frobenius_r	pearson_r	130742	17703	825	0.1354040782610026	0.3632596193722063	0.33645525438870966	0.3911337220507998	500	500	f4dfff463588ac5ae026c9a5714d6982ed65510e3f0ce476ecc721a02f2aa318
race	sentence	paper	global_complete_case_mnar	user	row_pooled	gpt-4o	gemini-2-5-flash-lite-vertex	direction_cosine	mean_cosine	130742	17703	825	0.1354040782610026	0.17583927509879388	0.15952647177729284	0.19183135729213815	500	500	f4dfff463588ac5ae026c9a5714d6982ed65510e3f0ce476ecc721a02f2aa318
race	sentence	paper	global_complete_case_mnar	user	row_pooled	gpt-4o	gemini-2-5-flash-lite-vertex	linear_cka	cka	130742	17703	825	0.1354040782610026	0.13491028894564486	0.11545370773509497	0.1561571258658585	500	500	f4dfff463588ac5ae026c9a5714d6982ed65510e3f0ce476ecc721a02f2aa318
race	sentence	paper	global_complete_case_mnar	user	row_pooled	gpt-4o	gemini-2-5-flash-lite-vertex	aitchison_magnitude_r	pearson_r	130742	17703	825	0.1354040782610026	0.4408333022783522	0.4042657319632622	0.47667555641419507	500	500	f4dfff463588ac5ae026c9a5714d6982ed65510e3f0ce476ecc721a02f2aa318
race	sentence	paper	global_complete_case_mnar	user	row_pooled	gpt-4o	gemini-2-5-flash-lite-vertex	fisher_rao_magnitude_r	pearson_r	130742	17703	825	0.1354040782610026	0.38779837392393474	0.3543783133001134	0.418377605675773	500	500	f4dfff463588ac5ae026c9a5714d6982ed65510e3f0ce476ecc721a02f2aa318
race	sentence	paper	global_complete_case_mnar	user	row_pooled	gpt-4o	gemini-2-5-flash-lite-vertex	fisher_local_magnitude_r	pearson_r	130742	17703	825	0.1354040782610026	0.10630981389257643	0.07066180609521641	0.14370684040090087	500	500	f4dfff463588ac5ae026c9a5714d6982ed65510e3f0ce476ecc721a02f2aa318
race	sentence	paper	global_complete_case_mnar	user	prompt_equal	gpt-4o	gemini-2-5-flash-lite-vertex	signed_frobenius_r	pearson_r	130742	17703	825	0.1354040782610026	0.41185040500006764	0.3849085701840887	0.44052439550293904	500	500	f4dfff463588ac5ae026c9a5714d6982ed65510e3f0ce476ecc721a02f2aa318
race	sentence	paper	global_complete_case_mnar	user	prompt_equal	gpt-4o	gemini-2-5-flash-lite-vertex	direction_cosine	mean_cosine	130742	17703	825	0.1354040782610026	0.20715217432503433	0.1933600063605358	0.22304951052007577	500	500	f4dfff463588ac5ae026c9a5714d6982ed65510e3f0ce476ecc721a02f2aa318
race	sentence	paper	global_complete_case_mnar	user	prompt_equal	gpt-4o	gemini-2-5-flash-lite-vertex	linear_cka	cka	130742	17703	825	0.1354040782610026	0.17355069714797794	0.1523945666430068	0.19898101610898625	500	500	f4dfff463588ac5ae026c9a5714d6982ed65510e3f0ce476ecc721a02f2aa318
race	sentence	paper	global_complete_case_mnar	user	prompt_equal	gpt-4o	gemini-2-5-flash-lite-vertex	aitchison_magnitude_r	pearson_r	130742	17703	825	0.1354040782610026	0.48463391524554944	0.44809527090818785	0.5197427399546541	500	500	f4dfff463588ac5ae026c9a5714d6982ed65510e3f0ce476ecc721a02f2aa318
race	sentence	paper	global_complete_case_mnar	user	prompt_equal	gpt-4o	gemini-2-5-flash-lite-vertex	fisher_rao_magnitude_r	pearson_r	130742	17703	825	0.1354040782610026	0.42507230593303186	0.39281017254857714	0.45472754021953166	500	500	f4dfff463588ac5ae026c9a5714d6982ed65510e3f0ce476ecc721a02f2aa318
race	sentence	paper	global_complete_case_mnar	user	prompt_equal	gpt-4o	gemini-2-5-flash-lite-vertex	fisher_local_magnitude_r	pearson_r	130742	17703	825	0.1354040782610026	0.12487467877091822	0.08984599766848818	0.16174614456042744	500	500	f4dfff463588ac5ae026c9a5714d6982ed65510e3f0ce476ecc721a02f2aa318
race	sentence	paper	global_complete_case_mnar	prediction	row_pooled	gpt-4-1	gemini-2-5-flash-lite-vertex	signed_frobenius_r	pearson_r	4934	825	825	0.16720713417105795	0.7475787855129667	0.7259146135885652	0.7699627288616633	500	500	bb39c2d2fc4a8ec99452fbbab44f2b1aedd932bc8338ac64de82b714d19ca319
race	sentence	paper	global_complete_case_mnar	prediction	row_pooled	gpt-4-1	gemini-2-5-flash-lite-vertex	direction_cosine	mean_cosine	4934	825	825	0.16720713417105795	0.707258663093031	0.6794437968406888	0.7323434095831858	500	500	bb39c2d2fc4a8ec99452fbbab44f2b1aedd932bc8338ac64de82b714d19ca319
race	sentence	paper	global_complete_case_mnar	prediction	row_pooled	gpt-4-1	gemini-2-5-flash-lite-vertex	linear_cka	cka	4934	825	825	0.16720713417105795	0.5591699838707218	0.5270553518403629	0.5952685323754852	500	500	bb39c2d2fc4a8ec99452fbbab44f2b1aedd932bc8338ac64de82b714d19ca319
race	sentence	paper	global_complete_case_mnar	all	row_pooled	gpt-4-1	gemini-2-5-flash-lite-vertex	signed_frobenius_r	pearson_r	145544	18639	825	0.1280643654152696	0.36446139747293776	0.3361077408726268	0.39575854700466495	500	500	51385ad7fc65412a0b97abc35d2d48f0037ab21f612a40fbcc1920f35d7c578e
race	sentence	paper	global_complete_case_mnar	all	row_pooled	gpt-4-1	gemini-2-5-flash-lite-vertex	direction_cosine	mean_cosine	145544	18639	825	0.1280643654152696	0.16540333676571226	0.1514186914930658	0.1797188281074985	500	500	51385ad7fc65412a0b97abc35d2d48f0037ab21f612a40fbcc1920f35d7c578e
race	sentence	paper	global_complete_case_mnar	all	row_pooled	gpt-4-1	gemini-2-5-flash-lite-vertex	linear_cka	cka	145544	18639	825	0.1280643654152696	0.13517912836248824	0.11585366803870484	0.15957495433930852	500	500	51385ad7fc65412a0b97abc35d2d48f0037ab21f612a40fbcc1920f35d7c578e
race	sentence	paper	global_complete_case_mnar	all	row_pooled	gpt-4-1	gemini-2-5-flash-lite-vertex	aitchison_magnitude_r	pearson_r	145544	18639	825	0.1280643654152696	0.4456567995326191	0.41140118900775613	0.4847107448055911	500	500	51385ad7fc65412a0b97abc35d2d48f0037ab21f612a40fbcc1920f35d7c578e
race	sentence	paper	global_complete_case_mnar	all	row_pooled	gpt-4-1	gemini-2-5-flash-lite-vertex	fisher_rao_magnitude_r	pearson_r	145544	18639	825	0.1280643654152696	0.36955078000400204	0.3377051835764903	0.4013614624933636	500	500	51385ad7fc65412a0b97abc35d2d48f0037ab21f612a40fbcc1920f35d7c578e
race	sentence	paper	global_complete_case_mnar	all	row_pooled	gpt-4-1	gemini-2-5-flash-lite-vertex	fisher_local_magnitude_r	pearson_r	145544	18639	825	0.1280643654152696	0.092948835846311	0.053110579550170046	0.1329770033729816	500	500	51385ad7fc65412a0b97abc35d2d48f0037ab21f612a40fbcc1920f35d7c578e
race	sentence	paper	global_complete_case_mnar	all	prompt_equal	gpt-4-1	gemini-2-5-flash-lite-vertex	signed_frobenius_r	pearson_r	145544	18639	825	0.1280643654152696	0.41674439157866144	0.39031997795862755	0.44699006513732514	500	500	51385ad7fc65412a0b97abc35d2d48f0037ab21f612a40fbcc1920f35d7c578e
race	sentence	paper	global_complete_case_mnar	all	prompt_equal	gpt-4-1	gemini-2-5-flash-lite-vertex	direction_cosine	mean_cosine	145544	18639	825	0.1280643654152696	0.19573958698206512	0.18191218593046848	0.20997506299117272	500	500	51385ad7fc65412a0b97abc35d2d48f0037ab21f612a40fbcc1920f35d7c578e
race	sentence	paper	global_complete_case_mnar	all	prompt_equal	gpt-4-1	gemini-2-5-flash-lite-vertex	linear_cka	cka	145544	18639	825	0.1280643654152696	0.17619289065674482	0.15421152349235603	0.202788790125995	500	500	51385ad7fc65412a0b97abc35d2d48f0037ab21f612a40fbcc1920f35d7c578e
race	sentence	paper	global_complete_case_mnar	all	prompt_equal	gpt-4-1	gemini-2-5-flash-lite-vertex	aitchison_magnitude_r	pearson_r	145544	18639	825	0.1280643654152696	0.4918954738995528	0.458589782116539	0.5302144133856179	500	500	51385ad7fc65412a0b97abc35d2d48f0037ab21f612a40fbcc1920f35d7c578e
race	sentence	paper	global_complete_case_mnar	all	prompt_equal	gpt-4-1	gemini-2-5-flash-lite-vertex	fisher_rao_magnitude_r	pearson_r	145544	18639	825	0.1280643654152696	0.40898151168757235	0.3764112527031461	0.4405916005406975	500	500	51385ad7fc65412a0b97abc35d2d48f0037ab21f612a40fbcc1920f35d7c578e
race	sentence	paper	global_complete_case_mnar	all	prompt_equal	gpt-4-1	gemini-2-5-flash-lite-vertex	fisher_local_magnitude_r	pearson_r	145544	18639	825	0.1280643654152696	0.10460810022072034	0.06550637015731539	0.1435701121774993	500	500	51385ad7fc65412a0b97abc35d2d48f0037ab21f612a40fbcc1920f35d7c578e
race	sentence	paper	global_complete_case_mnar	system	row_pooled	gpt-4-1	gemini-2-5-flash-lite-vertex	signed_frobenius_r	pearson_r	14802	936	592	0.06323469801378193	0.03138276089833199	-0.010216335179941926	0.07723402071330836	500	500	3bab359b248413ff4b82309794d35425270ef3b1017c60cd7de1b91b484ad9f9
race	sentence	paper	global_complete_case_mnar	system	row_pooled	gpt-4-1	gemini-2-5-flash-lite-vertex	direction_cosine	mean_cosine	14802	936	592	0.06323469801378193	0.026162355025516986	-0.008891693792738702	0.06253634887338275	500	500	3bab359b248413ff4b82309794d35425270ef3b1017c60cd7de1b91b484ad9f9
race	sentence	paper	global_complete_case_mnar	system	row_pooled	gpt-4-1	gemini-2-5-flash-lite-vertex	linear_cka	cka	14802	936	592	0.06323469801378193	0.0023112067561373885	0.001836488530389188	0.013298015823587698	500	500	3bab359b248413ff4b82309794d35425270ef3b1017c60cd7de1b91b484ad9f9
race	sentence	paper	global_complete_case_mnar	system	row_pooled	gpt-4-1	gemini-2-5-flash-lite-vertex	aitchison_magnitude_r	pearson_r	14802	936	592	0.06323469801378193	0.05860636287057009	-0.010683276505312627	0.13539267523672935	500	500	3bab359b248413ff4b82309794d35425270ef3b1017c60cd7de1b91b484ad9f9
race	sentence	paper	global_complete_case_mnar	system	row_pooled	gpt-4-1	gemini-2-5-flash-lite-vertex	fisher_rao_magnitude_r	pearson_r	14802	936	592	0.06323469801378193	0.11211042461846003	0.024518337714049928	0.19811394758839854	500	500	3bab359b248413ff4b82309794d35425270ef3b1017c60cd7de1b91b484ad9f9
race	sentence	paper	global_complete_case_mnar	system	row_pooled	gpt-4-1	gemini-2-5-flash-lite-vertex	fisher_local_magnitude_r	pearson_r	14802	936	592	0.06323469801378193	0.06893242332868203	-0.01359370433647612	0.1662363073492182	500	500	3bab359b248413ff4b82309794d35425270ef3b1017c60cd7de1b91b484ad9f9
race	sentence	paper	global_complete_case_mnar	system	prompt_equal	gpt-4-1	gemini-2-5-flash-lite-vertex	signed_frobenius_r	pearson_r	14802	936	592	0.06323469801378193	0.037435367763052944	-0.005971035172466496	0.08303085836070027	500	500	3bab359b248413ff4b82309794d35425270ef3b1017c60cd7de1b91b484ad9f9
race	sentence	paper	global_complete_case_mnar	system	prompt_equal	gpt-4-1	gemini-2-5-flash-lite-vertex	direction_cosine	mean_cosine	14802	936	592	0.06323469801378193	0.025625482887575032	-0.01461728260558824	0.0667330507795822	500	500	3bab359b248413ff4b82309794d35425270ef3b1017c60cd7de1b91b484ad9f9
race	sentence	paper	global_complete_case_mnar	system	prompt_equal	gpt-4-1	gemini-2-5-flash-lite-vertex	linear_cka	cka	14802	936	592	0.06323469801378193	0.0024058874852051788	0.0018746186920663187	0.014803837485724254	500	500	3bab359b248413ff4b82309794d35425270ef3b1017c60cd7de1b91b484ad9f9
race	sentence	paper	global_complete_case_mnar	system	prompt_equal	gpt-4-1	gemini-2-5-flash-lite-vertex	aitchison_magnitude_r	pearson_r	14802	936	592	0.06323469801378193	0.0679909644538778	-0.0011705624499301578	0.13875159668283069	500	500	3bab359b248413ff4b82309794d35425270ef3b1017c60cd7de1b91b484ad9f9
race	sentence	paper	global_complete_case_mnar	system	prompt_equal	gpt-4-1	gemini-2-5-flash-lite-vertex	fisher_rao_magnitude_r	pearson_r	14802	936	592	0.06323469801378193	0.09576843140245304	0.015661333699492748	0.1731194528033655	500	500	3bab359b248413ff4b82309794d35425270ef3b1017c60cd7de1b91b484ad9f9
race	sentence	paper	global_complete_case_mnar	system	prompt_equal	gpt-4-1	gemini-2-5-flash-lite-vertex	fisher_local_magnitude_r	pearson_r	14802	936	592	0.06323469801378193	0.05883428821452968	-0.014838089043036245	0.15110932481893286	500	500	3bab359b248413ff4b82309794d35425270ef3b1017c60cd7de1b91b484ad9f9
race	sentence	paper	global_complete_case_mnar	user	row_pooled	gpt-4-1	gemini-2-5-flash-lite-vertex	signed_frobenius_r	pearson_r	130742	17703	825	0.1354040782610026	0.37279996346736743	0.3432324225574588	0.4015499535803925	500	500	f4dfff463588ac5ae026c9a5714d6982ed65510e3f0ce476ecc721a02f2aa318
race	sentence	paper	global_complete_case_mnar	user	row_pooled	gpt-4-1	gemini-2-5-flash-lite-vertex	direction_cosine	mean_cosine	130742	17703	825	0.1354040782610026	0.17276534088415674	0.15704831083650916	0.18783516796030295	500	500	f4dfff463588ac5ae026c9a5714d6982ed65510e3f0ce476ecc721a02f2aa318
race	sentence	paper	global_complete_case_mnar	user	row_pooled	gpt-4-1	gemini-2-5-flash-lite-vertex	linear_cka	cka	130742	17703	825	0.1354040782610026	0.14137696387552112	0.12082203604602113	0.1644973823818695	500	500	f4dfff463588ac5ae026c9a5714d6982ed65510e3f0ce476ecc721a02f2aa318
race	sentence	paper	global_complete_case_mnar	user	row_pooled	gpt-4-1	gemini-2-5-flash-lite-vertex	aitchison_magnitude_r	pearson_r	130742	17703	825	0.1354040782610026	0.4528175847912923	0.4214565343079548	0.48733394623988324	500	500	f4dfff463588ac5ae026c9a5714d6982ed65510e3f0ce476ecc721a02f2aa318
race	sentence	paper	global_complete_case_mnar	user	row_pooled	gpt-4-1	gemini-2-5-flash-lite-vertex	fisher_rao_magnitude_r	pearson_r	130742	17703	825	0.1354040782610026	0.37492438128097505	0.34635815039721357	0.41062378468996025	500	500	f4dfff463588ac5ae026c9a5714d6982ed65510e3f0ce476ecc721a02f2aa318
race	sentence	paper	global_complete_case_mnar	user	row_pooled	gpt-4-1	gemini-2-5-flash-lite-vertex	fisher_local_magnitude_r	pearson_r	130742	17703	825	0.1354040782610026	0.09377851025049998	0.05627242690995387	0.1378263627580307	500	500	f4dfff463588ac5ae026c9a5714d6982ed65510e3f0ce476ecc721a02f2aa318
race	sentence	paper	global_complete_case_mnar	user	prompt_equal	gpt-4-1	gemini-2-5-flash-lite-vertex	signed_frobenius_r	pearson_r	130742	17703	825	0.1354040782610026	0.4220663209768371	0.39374019593611703	0.4486288107173539	500	500	f4dfff463588ac5ae026c9a5714d6982ed65510e3f0ce476ecc721a02f2aa318
race	sentence	paper	global_complete_case_mnar	user	prompt_equal	gpt-4-1	gemini-2-5-flash-lite-vertex	direction_cosine	mean_cosine	130742	17703	825	0.1354040782610026	0.20312047113450854	0.18743273275557007	0.2178201779303635	500	500	f4dfff463588ac5ae026c9a5714d6982ed65510e3f0ce476ecc721a02f2aa318
race	sentence	paper	global_complete_case_mnar	user	prompt_equal	gpt-4-1	gemini-2-5-flash-lite-vertex	linear_cka	cka	130742	17703	825	0.1354040782610026	0.18061949937796806	0.15725506866497543	0.20509312359783938	500	500	f4dfff463588ac5ae026c9a5714d6982ed65510e3f0ce476ecc721a02f2aa318
race	sentence	paper	global_complete_case_mnar	user	prompt_equal	gpt-4-1	gemini-2-5-flash-lite-vertex	aitchison_magnitude_r	pearson_r	130742	17703	825	0.1354040782610026	0.49640140075740624	0.46422893709405844	0.5283732393494819	500	500	f4dfff463588ac5ae026c9a5714d6982ed65510e3f0ce476ecc721a02f2aa318
race	sentence	paper	global_complete_case_mnar	user	prompt_equal	gpt-4-1	gemini-2-5-flash-lite-vertex	fisher_rao_magnitude_r	pearson_r	130742	17703	825	0.1354040782610026	0.4116364378545121	0.38414209617926875	0.44499037382054857	500	500	f4dfff463588ac5ae026c9a5714d6982ed65510e3f0ce476ecc721a02f2aa318
race	sentence	paper	global_complete_case_mnar	user	prompt_equal	gpt-4-1	gemini-2-5-flash-lite-vertex	fisher_local_magnitude_r	pearson_r	130742	17703	825	0.1354040782610026	0.10660703749052174	0.06849284654078568	0.1505436616308625	500	500	f4dfff463588ac5ae026c9a5714d6982ed65510e3f0ce476ecc721a02f2aa318
